grade_id,grade_fr,grade_ar,corps_fr,echelon,indice,brut_mad,net_mad
429,Adjoint administratif 1er grade,مساعد إداري من الدرجة الأولى,Adjoints administratifs,01,207,6471.71,5565.67
429,Adjoint administratif 1er grade,مساعد إداري من الدرجة الأولى,Adjoints administratifs,02,224,6561.88,5576.28
429,Adjoint administratif 1er grade,مساعد إداري من الدرجة الأولى,Adjoints administratifs,03,241,6652.05,5648.32
429,Adjoint administratif 1er grade,مساعد إداري من الدرجة الأولى,Adjoints administratifs,04,259,6747.53,5724.61
429,Adjoint administratif 1er grade,مساعد إداري من الدرجة الأولى,Adjoints administratifs,05,276,6837.7,5796.66
429,Adjoint administratif 1er grade,مساعد إداري من الدرجة الأولى,Adjoints administratifs,06,293,6927.87,5868.7
429,Adjoint administratif 1er grade,مساعد إداري من الدرجة الأولى,Adjoints administratifs,07,311,7023.35,5944.99
429,Adjoint administratif 1er grade,مساعد إداري من الدرجة الأولى,Adjoints administratifs,08,332,7134.73,6033.99
429,Adjoint administratif 1er grade,مساعد إداري من الدرجة الأولى,Adjoints administratifs,09,353,7246.12,6122.98
429,Adjoint administratif 1er grade,مساعد إداري من الدرجة الأولى,Adjoints administratifs,10,373,7352.2,6207.74
62,Adjoint administratif 2ème grade,مساعد إداري من الدرجة الثانية,Adjoints administratifs,01,153,5736.29,4933.21
62,Adjoint administratif 2ème grade,مساعد إداري من الدرجة الثانية,Adjoints administratifs,02,161,5778.72,4969.7
62,Adjoint administratif 2ème grade,مساعد إداري من الدرجة الثانية,Adjoints administratifs,03,173,5842.37,5024.44
62,Adjoint administratif 2ème grade,مساعد إداري من الدرجة الثانية,Adjoints administratifs,04,185,5906.02,5079.18
62,Adjoint administratif 2ème grade,مساعد إداري من الدرجة الثانية,Adjoints administratifs,05,197,5969.67,5133.92
62,Adjoint administratif 2ème grade,مساعد إداري من الدرجة الثانية,Adjoints administratifs,06,209,6033.32,5188.66
62,Adjoint administratif 2ème grade,مساعد إداري من الدرجة الثانية,Adjoints administratifs,07,222,6102.28,5247.96
62,Adjoint administratif 2ème grade,مساعد إداري من الدرجة الثانية,Adjoints administratifs,08,236,6176.53,5311.82
62,Adjoint administratif 2ème grade,مساعد إداري من الدرجة الثانية,Adjoints administratifs,09,249,6245.49,5371.12
62,Adjoint administratif 2ème grade,مساعد إداري من الدرجة الثانية,Adjoints administratifs,10,262,6314.44,5430.42
428,Adjoint administratif grade principal,مساعد إداري من الدرجة الممتازة,Adjoints administratifs,01,235,6835.23,5794.68
428,Adjoint administratif grade principal,مساعد إداري من الدرجة الممتازة,Adjoints administratifs,02,253,6930.7,5870.97
428,Adjoint administratif grade principal,مساعد إداري من الدرجة الممتازة,Adjoints administratifs,03,274,7042.09,5959.96
428,Adjoint administratif grade principal,مساعد إداري من الدرجة الممتازة,Adjoints administratifs,04,296,7158.78,6053.2
428,Adjoint administratif grade principal,مساعد إداري من الدرجة الممتازة,Adjoints administratifs,05,317,7270.17,6142.2
428,Adjoint administratif grade principal,مساعد إداري من الدرجة الممتازة,Adjoints administratifs,06,339,7386.86,6235.44
428,Adjoint administratif grade principal,مساعد إداري من الدرجة الممتازة,Adjoints administratifs,07,361,7503.55,6328.67
428,Adjoint administratif grade principal,مساعد إداري من الدرجة الممتازة,Adjoints administratifs,08,382,7614.94,6417.67
428,Adjoint administratif grade principal,مساعد إداري من الدرجة الممتازة,Adjoints administratifs,09,404,7731.63,6510.91
428,Adjoint administratif grade principal,مساعد إداري من الدرجة الممتازة,Adjoints administratifs,10,438,7911.98,6655.0
425,Adjoint administratif technique principal -Imprimerie-,مساعد تقني من الدرجة الممتازة (المطبعة الرسمية),Adjoints techniques,01,235,7635.23,6433.88
425,Adjoint administratif technique principal -Imprimerie-,مساعد تقني من الدرجة الممتازة (المطبعة الرسمية),Adjoints techniques,02,253,7730.7,6510.17
425,Adjoint administratif technique principal -Imprimerie-,مساعد تقني من الدرجة الممتازة (المطبعة الرسمية),Adjoints techniques,03,274,7842.09,6599.16
425,Adjoint administratif technique principal -Imprimerie-,مساعد تقني من الدرجة الممتازة (المطبعة الرسمية),Adjoints techniques,04,296,7958.78,6692.4
425,Adjoint administratif technique principal -Imprimerie-,مساعد تقني من الدرجة الممتازة (المطبعة الرسمية),Adjoints techniques,05,317,8070.17,6781.4
425,Adjoint administratif technique principal -Imprimerie-,مساعد تقني من الدرجة الممتازة (المطبعة الرسمية),Adjoints techniques,06,339,8186.86,6874.64
425,Adjoint administratif technique principal -Imprimerie-,مساعد تقني من الدرجة الممتازة (المطبعة الرسمية),Adjoints techniques,07,361,8303.55,6961.36
425,Adjoint administratif technique principal -Imprimerie-,مساعد تقني من الدرجة الممتازة (المطبعة الرسمية),Adjoints techniques,08,382,8414.94,7043.56
425,Adjoint administratif technique principal -Imprimerie-,مساعد تقني من الدرجة الممتازة (المطبعة الرسمية),Adjoints techniques,09,404,8531.63,7129.68
425,Adjoint administratif technique principal -Imprimerie-,مساعد تقني من الدرجة الممتازة (المطبعة الرسمية),Adjoints techniques,10,438,8711.98,7262.77
424,Adjoint technique 1er grade,مساعد تقني من الدرجة الأولى,Adjoints techniques,01,207,6471.71,5565.67
424,Adjoint technique 1er grade,مساعد تقني من الدرجة الأولى,Adjoints techniques,02,224,6561.88,5576.28
424,Adjoint technique 1er grade,مساعد تقني من الدرجة الأولى,Adjoints techniques,03,241,6652.05,5648.32
424,Adjoint technique 1er grade,مساعد تقني من الدرجة الأولى,Adjoints techniques,04,259,6747.53,5724.61
424,Adjoint technique 1er grade,مساعد تقني من الدرجة الأولى,Adjoints techniques,05,276,6837.7,5796.66
424,Adjoint technique 1er grade,مساعد تقني من الدرجة الأولى,Adjoints techniques,06,293,6927.87,5868.7
424,Adjoint technique 1er grade,مساعد تقني من الدرجة الأولى,Adjoints techniques,07,311,7023.35,5944.99
424,Adjoint technique 1er grade,مساعد تقني من الدرجة الأولى,Adjoints techniques,08,332,7134.73,6033.99
424,Adjoint technique 1er grade,مساعد تقني من الدرجة الأولى,Adjoints techniques,09,353,7246.12,6122.98
424,Adjoint technique 1er grade,مساعد تقني من الدرجة الأولى,Adjoints techniques,10,373,7352.2,6207.74
426,Adjoint technique 1er grade -Imprimerie-,مساعد تقني من الدرجة الأولى (المطبعة الرسمية),Adjoints techniques,01,207,7271.71,6143.43
426,Adjoint technique 1er grade -Imprimerie-,مساعد تقني من الدرجة الأولى (المطبعة الرسمية),Adjoints techniques,02,224,7361.88,6215.48
426,Adjoint technique 1er grade -Imprimerie-,مساعد تقني من الدرجة الأولى (المطبعة الرسمية),Adjoints techniques,03,241,7452.05,6287.52
426,Adjoint technique 1er grade -Imprimerie-,مساعد تقني من الدرجة الأولى (المطبعة الرسمية),Adjoints techniques,04,259,7547.53,6363.81
426,Adjoint technique 1er grade -Imprimerie-,مساعد تقني من الدرجة الأولى (المطبعة الرسمية),Adjoints techniques,05,276,7637.7,6435.86
426,Adjoint technique 1er grade -Imprimerie-,مساعد تقني من الدرجة الأولى (المطبعة الرسمية),Adjoints techniques,06,293,7727.87,6507.9
426,Adjoint technique 1er grade -Imprimerie-,مساعد تقني من الدرجة الأولى (المطبعة الرسمية),Adjoints techniques,07,311,7823.35,6584.19
426,Adjoint technique 1er grade -Imprimerie-,مساعد تقني من الدرجة الأولى (المطبعة الرسمية),Adjoints techniques,08,332,7934.73,6673.19
426,Adjoint technique 1er grade -Imprimerie-,مساعد تقني من الدرجة الأولى (المطبعة الرسمية),Adjoints techniques,09,353,8046.12,6762.18
426,Adjoint technique 1er grade -Imprimerie-,مساعد تقني من الدرجة الأولى (المطبعة الرسمية),Adjoints techniques,10,373,8152.2,6846.94
427,Adjoint technique 2eme grade -Imprimerie-,مساعد تقني من الدرجة الثانية (المطبعة الرسمية),Adjoints techniques,01,153,6536.29,5555.83
427,Adjoint technique 2eme grade -Imprimerie-,مساعد تقني من الدرجة الثانية (المطبعة الرسمية),Adjoints techniques,02,161,6578.72,5589.73
427,Adjoint technique 2eme grade -Imprimerie-,مساعد تقني من الدرجة الثانية (المطبعة الرسمية),Adjoints techniques,03,173,6642.37,5640.59
427,Adjoint technique 2eme grade -Imprimerie-,مساعد تقني من الدرجة الثانية (المطبعة الرسمية),Adjoints techniques,04,185,6706.02,5691.44
427,Adjoint technique 2eme grade -Imprimerie-,مساعد تقني من الدرجة الثانية (المطبعة الرسمية),Adjoints techniques,05,197,6769.67,5742.3
427,Adjoint technique 2eme grade -Imprimerie-,مساعد تقني من الدرجة الثانية (المطبعة الرسمية),Adjoints techniques,06,209,6833.32,5793.16
427,Adjoint technique 2eme grade -Imprimerie-,مساعد تقني من الدرجة الثانية (المطبعة الرسمية),Adjoints techniques,07,222,6902.28,5848.25
427,Adjoint technique 2eme grade -Imprimerie-,مساعد تقني من الدرجة الثانية (المطبعة الرسمية),Adjoints techniques,08,236,6976.53,5907.58
427,Adjoint technique 2eme grade -Imprimerie-,مساعد تقني من الدرجة الثانية (المطبعة الرسمية),Adjoints techniques,09,249,7045.49,5962.68
427,Adjoint technique 2eme grade -Imprimerie-,مساعد تقني من الدرجة الثانية (المطبعة الرسمية),Adjoints techniques,10,262,7114.44,6017.77
423,Adjoint technique grade principal,مساعد تقني من الدرجة الممتازة,Adjoints techniques,01,235,6835.23,5794.68
423,Adjoint technique grade principal,مساعد تقني من الدرجة الممتازة,Adjoints techniques,02,253,6930.7,5870.97
423,Adjoint technique grade principal,مساعد تقني من الدرجة الممتازة,Adjoints techniques,03,274,7042.09,5959.96
423,Adjoint technique grade principal,مساعد تقني من الدرجة الممتازة,Adjoints techniques,04,296,7158.78,6053.2
423,Adjoint technique grade principal,مساعد تقني من الدرجة الممتازة,Adjoints techniques,05,317,7270.17,6142.2
423,Adjoint technique grade principal,مساعد تقني من الدرجة الممتازة,Adjoints techniques,06,339,7386.86,6235.44
423,Adjoint technique grade principal,مساعد تقني من الدرجة الممتازة,Adjoints techniques,07,361,7503.55,6328.67
423,Adjoint technique grade principal,مساعد تقني من الدرجة الممتازة,Adjoints techniques,08,382,7614.94,6417.67
423,Adjoint technique grade principal,مساعد تقني من الدرجة الممتازة,Adjoints techniques,09,404,7731.63,6510.91
423,Adjoint technique grade principal,مساعد تقني من الدرجة الممتازة,Adjoints techniques,10,438,7911.98,6655.0
56,Administrateur 2ème grade,متصرف من الدرجة الثانية,Administrateurs,01,336,11844.95,9505.66
56,Administrateur 2ème grade,متصرف من الدرجة الثانية,Administrateurs,02,369,12019.99,9611.03
56,Administrateur 2ème grade,متصرف من الدرجة الثانية,Administrateurs,03,403,12200.33,9719.6
56,Administrateur 2ème grade,متصرف من الدرجة الثانية,Administrateurs,04,436,12375.37,9824.97
56,Administrateur 2ème grade,متصرف من الدرجة الثانية,Administrateurs,05,472,12566.32,9939.92
56,Administrateur 2ème grade,متصرف من الدرجة الثانية,Administrateurs,06,509,16616.57,12256.57
56,Administrateur 2ème grade,متصرف من الدرجة الثانية,Administrateurs,07,542,16791.61,12355.92
56,Administrateur 2ème grade,متصرف من الدرجة الثانية,Administrateurs,08,574,16961.34,12452.26
56,Administrateur 2ème grade,متصرف من الدرجة الثانية,Administrateurs,09,606,17131.08,12548.6
56,Administrateur 2ème grade,متصرف من الدرجة الثانية,Administrateurs,10,639,17306.11,12647.95
56,Administrateur 2ème grade,متصرف من الدرجة الثانية,Administrateurs,ex,704,17650.88,12843.64
418,Administrateur 2ème grade -Imprimerie-,متصرف من الدرجة الثانية (المطبعة الرسمية),Administrateurs,01,336,12744.95,10047.46
418,Administrateur 2ème grade -Imprimerie-,متصرف من الدرجة الثانية (المطبعة الرسمية),Administrateurs,02,369,12919.99,10152.83
418,Administrateur 2ème grade -Imprimerie-,متصرف من الدرجة الثانية (المطبعة الرسمية),Administrateurs,03,403,13100.33,10260.75
418,Administrateur 2ème grade -Imprimerie-,متصرف من الدرجة الثانية (المطبعة الرسمية),Administrateurs,04,436,13275.37,10360.1
418,Administrateur 2ème grade -Imprimerie-,متصرف من الدرجة الثانية (المطبعة الرسمية),Administrateurs,05,472,13466.32,10468.48
418,Administrateur 2ème grade -Imprimerie-,متصرف من الدرجة الثانية (المطبعة الرسمية),Administrateurs,06,509,17516.57,12767.41
418,Administrateur 2ème grade -Imprimerie-,متصرف من الدرجة الثانية (المطبعة الرسمية),Administrateurs,07,542,17691.61,12866.76
418,Administrateur 2ème grade -Imprimerie-,متصرف من الدرجة الثانية (المطبعة الرسمية),Administrateurs,08,574,17861.34,12963.1
418,Administrateur 2ème grade -Imprimerie-,متصرف من الدرجة الثانية (المطبعة الرسمية),Administrateurs,09,606,18031.08,13059.44
418,Administrateur 2ème grade -Imprimerie-,متصرف من الدرجة الثانية (المطبعة الرسمية),Administrateurs,10,639,18206.11,13158.79
418,Administrateur 2ème grade -Imprimerie-,متصرف من الدرجة الثانية (المطبعة الرسمية),Administrateurs,ex,704,18550.88,13354.48
57,Administrateur 3ème grade,متصرف من الدرجة الثالثة,Administrateurs,01,275,8162.4,6855.09
57,Administrateur 3ème grade,متصرف من الدرجة الثالثة,Administrateurs,02,300,8295.0,6955.04
57,Administrateur 3ème grade,متصرف من الدرجة الثالثة,Administrateurs,03,326,8432.91,7056.82
57,Administrateur 3ème grade,متصرف من الدرجة الثالثة,Administrateurs,04,351,8565.51,7154.68
57,Administrateur 3ème grade,متصرف من الدرجة الثالثة,Administrateurs,05,377,8703.42,7256.46
57,Administrateur 3ème grade,متصرف من الدرجة الثالثة,Administrateurs,06,402,9856.02,8107.08
57,Administrateur 3ème grade,متصرف من الدرجة الثالثة,Administrateurs,07,428,9993.93,8208.86
57,Administrateur 3ème grade,متصرف من الدرجة الثالثة,Administrateurs,08,456,10142.45,8318.46
57,Administrateur 3ème grade,متصرف من الدرجة الثالثة,Administrateurs,09,484,10290.97,8428.07
57,Administrateur 3ème grade,متصرف من الدرجة الثالثة,Administrateurs,10,512,10439.48,8537.67
57,Administrateur 3ème grade,متصرف من الدرجة الثالثة,Administrateurs,ex,564,10715.3,8741.22
419,Administrateur 3ème grade -Imprimerie-,متصرف من الدرجة الثالثة (المطبعة الرسمية),Administrateurs,01,275,9062.4,7521.38
419,Administrateur 3ème grade -Imprimerie-,متصرف من الدرجة الثالثة (المطبعة الرسمية),Administrateurs,02,300,9195.0,7619.24
419,Administrateur 3ème grade -Imprimerie-,متصرف من الدرجة الثالثة (المطبعة الرسمية),Administrateurs,03,326,9332.91,7721.02
419,Administrateur 3ème grade -Imprimerie-,متصرف من الدرجة الثالثة (المطبعة الرسمية),Administrateurs,04,351,9465.51,7818.88
419,Administrateur 3ème grade -Imprimerie-,متصرف من الدرجة الثالثة (المطبعة الرسمية),Administrateurs,05,377,9603.42,7920.66
419,Administrateur 3ème grade -Imprimerie-,متصرف من الدرجة الثالثة (المطبعة الرسمية),Administrateurs,06,402,10756.02,8771.28
419,Administrateur 3ème grade -Imprimerie-,متصرف من الدرجة الثالثة (المطبعة الرسمية),Administrateurs,07,428,10893.93,8873.06
419,Administrateur 3ème grade -Imprimerie-,متصرف من الدرجة الثالثة (المطبعة الرسمية),Administrateurs,08,456,11042.45,8975.74
419,Administrateur 3ème grade -Imprimerie-,متصرف من الدرجة الثالثة (المطبعة الرسمية),Administrateurs,09,484,11190.97,9076.28
419,Administrateur 3ème grade -Imprimerie-,متصرف من الدرجة الثالثة (المطبعة الرسمية),Administrateurs,10,512,11339.48,9176.83
419,Administrateur 3ème grade -Imprimerie-,متصرف من الدرجة الثالثة (المطبعة الرسمية),Administrateurs,ex,564,11615.3,9363.56
416,Administrateur de 1er grade,متصرف من الدرجة الأولى,Administrateurs,01,704,21685.88,15111.91
416,Administrateur de 1er grade,متصرف من الدرجة الأولى,Administrateurs,02,746,21908.66,15232.61
416,Administrateur de 1er grade,متصرف من الدرجة الأولى,Administrateurs,03,779,22083.7,15327.45
416,Administrateur de 1er grade,متصرف من الدرجة الأولى,Administrateurs,04,812,22258.73,15422.28
416,Administrateur de 1er grade,متصرف من الدرجة الأولى,Administrateurs,05,840,22407.25,15502.75
416,Administrateur de 1er grade,متصرف من الدرجة الأولى,Administrateurs,06,870,22566.38,15588.96
417,Administrateur de 1er grade -Imprimerie-,متصرف من الدرجة الأولى(المطبعة الرسمية),Administrateurs,01,704,22585.88,15599.53
417,Administrateur de 1er grade -Imprimerie-,متصرف من الدرجة الأولى(المطبعة الرسمية),Administrateurs,02,746,22808.66,15720.23
417,Administrateur de 1er grade -Imprimerie-,متصرف من الدرجة الأولى(المطبعة الرسمية),Administrateurs,03,779,22983.7,15815.07
417,Administrateur de 1er grade -Imprimerie-,متصرف من الدرجة الأولى(المطبعة الرسمية),Administrateurs,04,812,23158.73,15909.9
417,Administrateur de 1er grade -Imprimerie-,متصرف من الدرجة الأولى(المطبعة الرسمية),Administrateurs,05,840,23307.25,15990.37
417,Administrateur de 1er grade -Imprimerie-,متصرف من الدرجة الأولى(المطبعة الرسمية),Administrateurs,06,870,23466.38,16076.58
223,Administrateur adjoint classe exceptionnelle,متصرف مساعد من الطبقة الإستثنائية,Administrateurs du ministère de l'intérieur,ex,564,10882.3,8864.47
226,Administrateur adjoint de l'Interieur,متصرف مساعد لوزارة الداخلية,Administrateurs du ministère de l'intérieur,01,275,8162.4,6855.09
226,Administrateur adjoint de l'Interieur,متصرف مساعد لوزارة الداخلية,Administrateurs du ministère de l'intérieur,02,300,8295.0,6955.04
226,Administrateur adjoint de l'Interieur,متصرف مساعد لوزارة الداخلية,Administrateurs du ministère de l'intérieur,03,329,8448.82,7068.56
226,Administrateur adjoint de l'Interieur,متصرف مساعد لوزارة الداخلية,Administrateurs du ministère de l'intérieur,04,355,8586.73,7170.34
226,Administrateur adjoint de l'Interieur,متصرف مساعد لوزارة الداخلية,Administrateurs du ministère de l'intérieur,05,380,8719.33,7268.2
226,Administrateur adjoint de l'Interieur,متصرف مساعد لوزارة الداخلية,Administrateurs du ministère de l'intérieur,06,402,10023.02,8230.33
226,Administrateur adjoint de l'Interieur,متصرف مساعد لوزارة الداخلية,Administrateurs du ministère de l'intérieur,07,428,10160.93,8332.1
226,Administrateur adjoint de l'Interieur,متصرف مساعد لوزارة الداخلية,Administrateurs du ministère de l'intérieur,08,460,10330.67,8457.37
226,Administrateur adjoint de l'Interieur,متصرف مساعد لوزارة الداخلية,Administrateurs du ministère de l'intérieur,09,484,10457.97,8551.31
226,Administrateur adjoint de l'Interieur,متصرف مساعد لوزارة الداخلية,Administrateurs du ministère de l'intérieur,10,512,10606.48,8660.92
226,Administrateur adjoint de l'Interieur,متصرف مساعد لوزارة الداخلية,Administrateurs du ministère de l'intérieur,ex,564,10882.3,8864.47
225,Administrateur adjoint deuxiéme classe,متصرف مساعد من الطبقة الثانية,Administrateurs du ministère de l'intérieur,01,275,8162.4,6855.09
225,Administrateur adjoint deuxiéme classe,متصرف مساعد من الطبقة الثانية,Administrateurs du ministère de l'intérieur,02,300,8295.0,6955.04
225,Administrateur adjoint deuxiéme classe,متصرف مساعد من الطبقة الثانية,Administrateurs du ministère de l'intérieur,03,329,8448.82,7068.56
225,Administrateur adjoint deuxiéme classe,متصرف مساعد من الطبقة الثانية,Administrateurs du ministère de l'intérieur,04,355,8586.73,7170.34
225,Administrateur adjoint deuxiéme classe,متصرف مساعد من الطبقة الثانية,Administrateurs du ministère de l'intérieur,05,380,8719.33,7268.2
225,Administrateur adjoint deuxiéme classe,متصرف مساعد من الطبقة الثانية,Administrateurs du ministère de l'intérieur,06,402,10023.02,8230.33
224,Administrateur adjoint premiére classe,متصرف مساعد من الطبقة الأولى,Administrateurs du ministère de l'intérieur,07,428,10160.93,8332.1
224,Administrateur adjoint premiére classe,متصرف مساعد من الطبقة الأولى,Administrateurs du ministère de l'intérieur,08,460,10330.67,8457.37
224,Administrateur adjoint premiére classe,متصرف مساعد من الطبقة الأولى,Administrateurs du ministère de l'intérieur,09,484,10457.97,8551.31
224,Administrateur adjoint premiére classe,متصرف مساعد من الطبقة الأولى,Administrateurs du ministère de l'intérieur,10,512,10606.48,8660.92
219,Administrateur classe exceptionnelle,متصرف الطبقة الإستثنائية,Administrateurs du ministère de l'intérieur,ex,704,17650.88,12843.64
222,Administrateur de l'Interieur,متصرف لوزارة الداخلية,Administrateurs du ministère de l'intérieur,01,336,11844.95,9505.66
222,Administrateur de l'Interieur,متصرف لوزارة الداخلية,Administrateurs du ministère de l'intérieur,02,369,12019.99,9611.03
222,Administrateur de l'Interieur,متصرف لوزارة الداخلية,Administrateurs du ministère de l'intérieur,03,406,12216.24,9729.18
222,Administrateur de l'Interieur,متصرف لوزارة الداخلية,Administrateurs du ministère de l'intérieur,04,436,12375.37,9824.97
222,Administrateur de l'Interieur,متصرف لوزارة الداخلية,Administrateurs du ministère de l'intérieur,05,476,12587.53,9952.7
222,Administrateur de l'Interieur,متصرف لوزارة الداخلية,Administrateurs du ministère de l'intérieur,06,509,16616.57,12256.57
222,Administrateur de l'Interieur,متصرف لوزارة الداخلية,Administrateurs du ministère de l'intérieur,07,542,16791.61,12355.92
222,Administrateur de l'Interieur,متصرف لوزارة الداخلية,Administrateurs du ministère de l'intérieur,08,578,16982.56,12464.3
222,Administrateur de l'Interieur,متصرف لوزارة الداخلية,Administrateurs du ministère de l'intérieur,09,610,17152.29,12560.64
222,Administrateur de l'Interieur,متصرف لوزارة الداخلية,Administrateurs du ministère de l'intérieur,10,639,17306.11,12647.95
222,Administrateur de l'Interieur,متصرف لوزارة الداخلية,Administrateurs du ministère de l'intérieur,ex,704,17650.88,12843.64
221,Administrateur deuxiéme classe,متصرف الطبقة الثانية,Administrateurs du ministère de l'intérieur,01,336,11844.95,9505.66
221,Administrateur deuxiéme classe,متصرف الطبقة الثانية,Administrateurs du ministère de l'intérieur,02,369,12019.99,9611.03
221,Administrateur deuxiéme classe,متصرف الطبقة الثانية,Administrateurs du ministère de l'intérieur,03,406,12216.24,9729.18
221,Administrateur deuxiéme classe,متصرف الطبقة الثانية,Administrateurs du ministère de l'intérieur,04,436,12375.37,9824.97
221,Administrateur deuxiéme classe,متصرف الطبقة الثانية,Administrateurs du ministère de l'intérieur,05,476,12587.53,9952.7
221,Administrateur deuxiéme classe,متصرف الطبقة الثانية,Administrateurs du ministère de l'intérieur,06,509,16616.57,12256.57
220,Administrateur premiére classe,متصرف الطبقة الأولى,Administrateurs du ministère de l'intérieur,07,542,16791.61,12355.92
220,Administrateur premiére classe,متصرف الطبقة الأولى,Administrateurs du ministère de l'intérieur,08,578,16982.56,12464.3
220,Administrateur premiére classe,متصرف الطبقة الأولى,Administrateurs du ministère de l'intérieur,09,610,17152.29,12560.64
220,Administrateur premiére classe,متصرف الطبقة الأولى,Administrateurs du ministère de l'intérieur,10,639,17306.11,12647.95
218,Administrateur principal,منصب متصرف ممتاز,Administrateurs du ministère de l'intérieur,01,704,21685.88,15111.91
218,Administrateur principal,منصب متصرف ممتاز,Administrateurs du ministère de l'intérieur,02,746,21908.66,15232.61
218,Administrateur principal,منصب متصرف ممتاز,Administrateurs du ministère de l'intérieur,03,779,22083.7,15327.45
218,Administrateur principal,منصب متصرف ممتاز,Administrateurs du ministère de l'intérieur,04,812,22258.73,15422.28
218,Administrateur principal,منصب متصرف ممتاز,Administrateurs du ministère de l'intérieur,05,840,22407.25,15502.75
218,Administrateur principal,منصب متصرف ممتاز,Administrateurs du ministère de l'intérieur,06,870,22566.38,15588.96
234,Caid,قائد,Agents d'autorité,01,336,17815.95,12937.33
234,Caid,قائد,Agents d'autorité,02,369,17990.99,13036.68
234,Caid,قائد,Agents d'autorité,03,406,18187.24,13148.08
234,Caid,قائد,Agents d'autorité,04,436,18346.37,13238.4
234,Caid,قائد,Agents d'autorité,05,476,18558.53,13358.82
234,Caid,قائد,Agents d'autorité,06,509,18733.57,13458.17
234,Caid,قائد,Agents d'autorité,07,542,18908.61,13557.53
234,Caid,قائد,Agents d'autorité,08,578,19099.56,13665.91
234,Caid,قائد,Agents d'autorité,09,610,19269.29,13762.25
234,Caid,قائد,Agents d'autorité,10,639,19423.11,13849.56
234,Caid,قائد,Agents d'autorité,ex,704,19767.88,14045.25
233,Caid pricipal,قائد ممتاز,Agents d'autorité,01,704,21774.88,15160.13
233,Caid pricipal,قائد ممتاز,Agents d'autorité,02,730,21912.79,15234.85
233,Caid pricipal,قائد ممتاز,Agents d'autorité,03,750,22018.88,15292.33
230,Gouverneur,عامل,Agents d'autorité,01,870,62221.38,37074.04
230,Gouverneur,عامل,Agents d'autorité,02,905,62407.02,37174.62
230,Gouverneur,عامل,Agents d'autorité,03,940,62592.67,37275.21
230,Gouverneur,عامل,Agents d'autorité,04,975,62778.31,37375.79
229,Gouverneur principal,عامل ممتاز,Agents d'autorité,01,975,65442.31,38819.14
229,Gouverneur principal,عامل ممتاز,Agents d'autorité,02,1015,65654.48,38934.1
229,Gouverneur principal,عامل ممتاز,Agents d'autorité,03,1055,65866.65,39049.05
229,Gouverneur principal,عامل ممتاز,Agents d'autorité,04,1095,66078.81,39164.0
92,Khalifa de Caïd de 2ème Grade,خليفة قائد من الدرجة الثانية,Agents d'autorité,01,207,6623.71,5625.68
92,Khalifa de Caïd de 2ème Grade,خليفة قائد من الدرجة الثانية,Agents d'autorité,02,224,6713.88,5697.73
92,Khalifa de Caïd de 2ème Grade,خليفة قائد من الدرجة الثانية,Agents d'autorité,03,241,6804.05,5769.77
92,Khalifa de Caïd de 2ème Grade,خليفة قائد من الدرجة الثانية,Agents d'autorité,04,259,6899.53,5846.06
92,Khalifa de Caïd de 2ème Grade,خليفة قائد من الدرجة الثانية,Agents d'autorité,05,276,6989.7,5918.1
92,Khalifa de Caïd de 2ème Grade,خليفة قائد من الدرجة الثانية,Agents d'autorité,06,293,7079.87,5990.15
92,Khalifa de Caïd de 2ème Grade,خليفة قائد من الدرجة الثانية,Agents d'autorité,07,311,7175.35,6066.43
92,Khalifa de Caïd de 2ème Grade,خليفة قائد من الدرجة الثانية,Agents d'autorité,08,332,7286.73,6155.43
92,Khalifa de Caïd de 2ème Grade,خليفة قائد من الدرجة الثانية,Agents d'autorité,09,353,7398.12,6244.43
92,Khalifa de Caïd de 2ème Grade,خليفة قائد من الدرجة الثانية,Agents d'autorité,10,373,7504.2,6329.19
236,Khalifa de caid de 1er grade,خليفة قائد من الدرجة الأولى,Agents d'autorité,01,235,7761.23,6534.56
236,Khalifa de caid de 1er grade,خليفة قائد من الدرجة الأولى,Agents d'autorité,02,253,7856.7,6610.84
236,Khalifa de caid de 1er grade,خليفة قائد من الدرجة الأولى,Agents d'autorité,03,274,7968.09,6699.84
236,Khalifa de caid de 1er grade,خليفة قائد من الدرجة الأولى,Agents d'autorité,04,296,8084.78,6793.08
236,Khalifa de caid de 1er grade,خليفة قائد من الدرجة الأولى,Agents d'autorité,05,317,8196.17,6882.07
236,Khalifa de caid de 1er grade,خليفة قائد من الدرجة الأولى,Agents d'autorité,06,339,8312.86,6968.23
236,Khalifa de caid de 1er grade,خليفة قائد من الدرجة الأولى,Agents d'autorité,07,361,8429.55,7054.34
236,Khalifa de caid de 1er grade,خليفة قائد من الدرجة الأولى,Agents d'autorité,08,382,8540.94,7136.55
236,Khalifa de caid de 1er grade,خليفة قائد من الدرجة الأولى,Agents d'autorité,09,404,8657.63,7222.67
236,Khalifa de caid de 1er grade,خليفة قائد من الدرجة الأولى,Agents d'autorité,10,438,8837.98,7355.76
235,Khalifa de de caid principal,خليفة قائد ممتاز,Agents d'autorité,01,275,9079.4,7533.93
235,Khalifa de de caid principal,خليفة قائد ممتاز,Agents d'autorité,02,300,9212.0,7631.79
235,Khalifa de de caid principal,خليفة قائد ممتاز,Agents d'autorité,03,329,9365.82,7745.31
235,Khalifa de de caid principal,خليفة قائد ممتاز,Agents d'autorité,04,355,9503.73,7847.09
235,Khalifa de de caid principal,خليفة قائد ممتاز,Agents d'autorité,05,380,9636.33,7944.95
235,Khalifa de de caid principal,خليفة قائد ممتاز,Agents d'autorité,06,402,9753.02,8031.07
235,Khalifa de de caid principal,خليفة قائد ممتاز,Agents d'autorité,07,428,9890.93,8132.84
235,Khalifa de de caid principal,خليفة قائد ممتاز,Agents d'autorité,08,460,10060.67,8258.11
235,Khalifa de de caid principal,خليفة قائد ممتاز,Agents d'autorité,09,484,10187.97,8352.05
235,Khalifa de de caid principal,خليفة قائد ممتاز,Agents d'autorité,10,512,10336.48,8461.66
235,Khalifa de de caid principal,خليفة قائد ممتاز,Agents d'autorité,ex,564,10612.3,8665.21
232,Pacha,باشا,Agents d'autorité,01,770,25664.96,17267.77
232,Pacha,باشا,Agents d'autorité,02,790,25771.04,17325.25
232,Pacha,باشا,Agents d'autorité,03,810,25877.13,17382.73
231,Pacha principal,باشا ممتاز,Agents d'autorité,01,810,31550.13,20456.36
231,Pacha principal,باشا ممتاز,Agents d'autorité,02,830,31656.21,20513.83
231,Pacha principal,باشا ممتاز,Agents d'autorité,03,850,31762.29,20571.31
231,Pacha principal,باشا ممتاز,Agents d'autorité,04,870,31868.38,20628.79
65,Conseiller juridique du deuxième grade,مستشار قانوني من الدرجة الثانية,Conseiller juridique des administrations,01,336,16341.95,12533.09
65,Conseiller juridique du deuxième grade,مستشار قانوني من الدرجة الثانية,Conseiller juridique des administrations,02,374,16543.51,12647.5
65,Conseiller juridique du deuxième grade,مستشار قانوني من الدرجة الثانية,Conseiller juridique des administrations,03,408,16723.85,12749.86
65,Conseiller juridique du deuxième grade,مستشار قانوني من الدرجة الثانية,Conseiller juridique des administrations,04,441,16898.89,12849.21
65,Conseiller juridique du deuxième grade,مستشار قانوني من الدرجة الثانية,Conseiller juridique des administrations,05,477,17089.84,12957.59
65,Conseiller juridique du deuxième grade,مستشار قانوني من الدرجة الثانية,Conseiller juridique des administrations,06,514,23062.09,16315.74
65,Conseiller juridique du deuxième grade,مستشار قانوني من الدرجة الثانية,Conseiller juridique des administrations,07,547,23237.13,16410.58
65,Conseiller juridique du deuxième grade,مستشار قانوني من الدرجة الثانية,Conseiller juridique des administrations,08,579,23406.86,16502.54
65,Conseiller juridique du deuxième grade,مستشار قانوني من الدرجة الثانية,Conseiller juridique des administrations,09,611,23576.6,16594.5
65,Conseiller juridique du deuxième grade,مستشار قانوني من الدرجة الثانية,Conseiller juridique des administrations,10,639,23725.11,16674.97
65,Conseiller juridique du deuxième grade,مستشار قانوني من الدرجة الثانية,Conseiller juridique des administrations,ex,704,24069.88,16861.76
64,Conseiller juridique du premier grade,مستشار قانوني من الدرجة الأولى,Conseiller juridique des administrations,01,704,36918.88,23823.35
64,Conseiller juridique du premier grade,مستشار قانوني من الدرجة الأولى,Conseiller juridique des administrations,02,746,37141.66,23944.05
64,Conseiller juridique du premier grade,مستشار قانوني من الدرجة الأولى,Conseiller juridique des administrations,03,779,37316.7,24038.89
64,Conseiller juridique du premier grade,مستشار قانوني من الدرجة الأولى,Conseiller juridique des administrations,04,812,37491.73,24133.72
64,Conseiller juridique du premier grade,مستشار قانوني من الدرجة الأولى,Conseiller juridique des administrations,05,840,37640.25,24214.19
64,Conseiller juridique du premier grade,مستشار قانوني من الدرجة الأولى,Conseiller juridique des administrations,06,870,37799.38,24300.4
341,Conseiller juridique grade exceptionnel,مستشار قانوني من الدرجة الإستثنائية,Conseiller juridique des administrations,01,870,53370.38,32736.77
341,Conseiller juridique grade exceptionnel,مستشار قانوني من الدرجة الإستثنائية,Conseiller juridique des administrations,02,890,53476.46,32794.25
341,Conseiller juridique grade exceptionnel,مستشار قانوني من الدرجة الإستثنائية,Conseiller juridique des administrations,03,910,53582.54,32851.72
341,Conseiller juridique grade exceptionnel,مستشار قانوني من الدرجة الإستثنائية,Conseiller juridique des administrations,04,940,53741.67,32937.94
293,Administrateur pédagogique 1er grade,متصرف تربوي من الدرجة الأولى,Corps d'administration éducative et de gestion,01,336,12613.95,9968.6
293,Administrateur pédagogique 1er grade,متصرف تربوي من الدرجة الأولى,Corps d'administration éducative et de gestion,02,369,12788.99,10073.97
293,Administrateur pédagogique 1er grade,متصرف تربوي من الدرجة الأولى,Corps d'administration éducative et de gestion,03,403,12969.33,10182.54
293,Administrateur pédagogique 1er grade,متصرف تربوي من الدرجة الأولى,Corps d'administration éducative et de gestion,04,436,13144.37,10285.74
293,Administrateur pédagogique 1er grade,متصرف تربوي من الدرجة الأولى,Corps d'administration éducative et de gestion,05,472,13335.32,10394.13
293,Administrateur pédagogique 1er grade,متصرف تربوي من الدرجة الأولى,Corps d'administration éducative et de gestion,06,509,17766.57,12909.31
293,Administrateur pédagogique 1er grade,متصرف تربوي من الدرجة الأولى,Corps d'administration éducative et de gestion,07,542,17941.61,13008.66
293,Administrateur pédagogique 1er grade,متصرف تربوي من الدرجة الأولى,Corps d'administration éducative et de gestion,08,574,18111.34,13105.0
293,Administrateur pédagogique 1er grade,متصرف تربوي من الدرجة الأولى,Corps d'administration éducative et de gestion,09,606,18281.08,13201.34
293,Administrateur pédagogique 1er grade,متصرف تربوي من الدرجة الأولى,Corps d'administration éducative et de gestion,10,639,18456.11,13300.69
293,Administrateur pédagogique 1er grade,متصرف تربوي من الدرجة الأولى,Corps d'administration éducative et de gestion,ex,704,18800.88,13496.38
294,Administrateur pédagogique grade principal,متصرف تربوي من الدرجة الممتازة,Corps d'administration éducative et de gestion,01,704,20547.88,14487.98
294,Administrateur pédagogique grade principal,متصرف تربوي من الدرجة الممتازة,Corps d'administration éducative et de gestion,02,746,20770.66,14614.43
294,Administrateur pédagogique grade principal,متصرف تربوي من الدرجة الممتازة,Corps d'administration éducative et de gestion,03,779,22864.7,15750.59
294,Administrateur pédagogique grade principal,متصرف تربوي من الدرجة الممتازة,Corps d'administration éducative et de gestion,04,812,23039.73,15845.43
294,Administrateur pédagogique grade principal,متصرف تربوي من الدرجة الممتازة,Corps d'administration éducative et de gestion,05,840,23188.25,15925.89
294,Administrateur pédagogique grade principal,متصرف تربوي من الدرجة الممتازة,Corps d'administration éducative et de gestion,06,870,23347.38,16012.11
294,Administrateur pédagogique grade principal,متصرف تربوي من الدرجة الممتازة,Corps d'administration éducative et de gestion,07,900,23506.5,16098.32
294,Administrateur pédagogique grade principal,متصرف تربوي من الدرجة الممتازة,Corps d'administration éducative et de gestion,08,930,23665.63,16184.54
303,Assistant pédagogique 1er grade,مساعد تربوي من الدرجة الأولى,Corps d'administration éducative et de gestion,01,336,12025.95,9614.62
303,Assistant pédagogique 1er grade,مساعد تربوي من الدرجة الأولى,Corps d'administration éducative et de gestion,02,369,12200.99,9719.99
303,Assistant pédagogique 1er grade,مساعد تربوي من الدرجة الأولى,Corps d'administration éducative et de gestion,03,403,12381.33,9828.56
303,Assistant pédagogique 1er grade,مساعد تربوي من الدرجة الأولى,Corps d'administration éducative et de gestion,04,436,12556.37,9933.93
303,Assistant pédagogique 1er grade,مساعد تربوي من الدرجة الأولى,Corps d'administration éducative et de gestion,05,472,12747.32,10048.88
303,Assistant pédagogique 1er grade,مساعد تربوي من الدرجة الأولى,Corps d'administration éducative et de gestion,06,509,17178.57,12575.56
303,Assistant pédagogique 1er grade,مساعد تربوي من الدرجة الأولى,Corps d'administration éducative et de gestion,07,542,17353.61,12674.91
303,Assistant pédagogique 1er grade,مساعد تربوي من الدرجة الأولى,Corps d'administration éducative et de gestion,08,574,17523.34,12771.25
303,Assistant pédagogique 1er grade,مساعد تربوي من الدرجة الأولى,Corps d'administration éducative et de gestion,09,606,17693.08,12867.59
303,Assistant pédagogique 1er grade,مساعد تربوي من الدرجة الأولى,Corps d'administration éducative et de gestion,10,639,17868.11,12966.94
303,Assistant pédagogique 1er grade,مساعد تربوي من الدرجة الأولى,Corps d'administration éducative et de gestion,11,675,18474.06,13310.88
303,Assistant pédagogique 1er grade,مساعد تربوي من الدرجة الأولى,Corps d'administration éducative et de gestion,12,690,18553.63,13356.04
303,Assistant pédagogique 1er grade,مساعد تربوي من الدرجة الأولى,Corps d'administration éducative et de gestion,13,704,18627.88,13398.19
302,Assistant pédagogique 2ème grade,مساعد تربوي من الدرجة الثانية,Corps d'administration éducative et de gestion,01,275,9018.4,7488.91
302,Assistant pédagogique 2ème grade,مساعد تربوي من الدرجة الثانية,Corps d'administration éducative et de gestion,02,300,9151.0,7586.77
302,Assistant pédagogique 2ème grade,مساعد تربوي من الدرجة الثانية,Corps d'administration éducative et de gestion,03,326,9288.91,7688.55
302,Assistant pédagogique 2ème grade,مساعد تربوي من الدرجة الثانية,Corps d'administration éducative et de gestion,04,351,9421.51,7786.41
302,Assistant pédagogique 2ème grade,مساعد تربوي من الدرجة الثانية,Corps d'administration éducative et de gestion,05,377,9559.42,7888.19
302,Assistant pédagogique 2ème grade,مساعد تربوي من الدرجة الثانية,Corps d'administration éducative et de gestion,06,402,10579.02,8640.65
302,Assistant pédagogique 2ème grade,مساعد تربوي من الدرجة الثانية,Corps d'administration éducative et de gestion,07,428,10716.93,8742.43
302,Assistant pédagogique 2ème grade,مساعد تربوي من الدرجة الثانية,Corps d'administration éducative et de gestion,08,456,10865.45,8852.04
302,Assistant pédagogique 2ème grade,مساعد تربوي من الدرجة الثانية,Corps d'administration éducative et de gestion,09,484,11013.97,8956.46
302,Assistant pédagogique 2ème grade,مساعد تربوي من الدرجة الثانية,Corps d'administration éducative et de gestion,10,512,11162.48,9057.0
302,Assistant pédagogique 2ème grade,مساعد تربوي من الدرجة الثانية,Corps d'administration éducative et de gestion,ex,564,11438.3,9243.73
301,Assistant pédagogique 3ème grade,مساعد تربوي من الدرجة الثالثة,Corps d'administration éducative et de gestion,01,235,7646.23,6442.67
301,Assistant pédagogique 3ème grade,مساعد تربوي من الدرجة الثالثة,Corps d'administration éducative et de gestion,02,253,7741.7,6518.95
301,Assistant pédagogique 3ème grade,مساعد تربوي من الدرجة الثالثة,Corps d'administration éducative et de gestion,03,274,7853.09,6607.95
301,Assistant pédagogique 3ème grade,مساعد تربوي من الدرجة الثالثة,Corps d'administration éducative et de gestion,04,296,7969.78,6701.19
301,Assistant pédagogique 3ème grade,مساعد تربوي من الدرجة الثالثة,Corps d'administration éducative et de gestion,05,317,8081.17,6790.19
301,Assistant pédagogique 3ème grade,مساعد تربوي من الدرجة الثالثة,Corps d'administration éducative et de gestion,06,339,8236.86,6912.14
301,Assistant pédagogique 3ème grade,مساعد تربوي من الدرجة الثالثة,Corps d'administration éducative et de gestion,07,361,8353.55,6998.26
301,Assistant pédagogique 3ème grade,مساعد تربوي من الدرجة الثالثة,Corps d'administration éducative et de gestion,08,382,8464.94,7080.46
301,Assistant pédagogique 3ème grade,مساعد تربوي من الدرجة الثالثة,Corps d'administration éducative et de gestion,09,404,8581.63,7166.58
301,Assistant pédagogique 3ème grade,مساعد تربوي من الدرجة الثالثة,Corps d'administration éducative et de gestion,10,438,8761.98,7299.67
300,Assistant pédagogique 4ème grade,مساعد تربوي من الدرجة الرابعة,Corps d'administration éducative et de gestion,01,207,7273.71,6145.03
300,Assistant pédagogique 4ème grade,مساعد تربوي من الدرجة الرابعة,Corps d'administration éducative et de gestion,02,224,7363.88,6217.08
300,Assistant pédagogique 4ème grade,مساعد تربوي من الدرجة الرابعة,Corps d'administration éducative et de gestion,03,241,7454.05,6289.12
300,Assistant pédagogique 4ème grade,مساعد تربوي من الدرجة الرابعة,Corps d'administration éducative et de gestion,04,259,7549.53,6365.41
300,Assistant pédagogique 4ème grade,مساعد تربوي من الدرجة الرابعة,Corps d'administration éducative et de gestion,05,276,7639.7,6437.45
300,Assistant pédagogique 4ème grade,مساعد تربوي من الدرجة الرابعة,Corps d'administration éducative et de gestion,06,293,7761.87,6535.07
300,Assistant pédagogique 4ème grade,مساعد تربوي من الدرجة الرابعة,Corps d'administration éducative et de gestion,07,311,7857.35,6611.35
300,Assistant pédagogique 4ème grade,مساعد تربوي من الدرجة الرابعة,Corps d'administration éducative et de gestion,08,332,7968.73,6700.35
300,Assistant pédagogique 4ème grade,مساعد تربوي من الدرجة الرابعة,Corps d'administration éducative et de gestion,09,353,8080.12,6789.35
300,Assistant pédagogique 4ème grade,مساعد تربوي من الدرجة الرابعة,Corps d'administration éducative et de gestion,10,373,8186.2,6874.11
299,Assistant pédagogique 5ème grade,مساعد تربوي من الدرجة الخامسة,Corps d'administration éducative et de gestion,01,153,6540.29,5559.02
299,Assistant pédagogique 5ème grade,مساعد تربوي من الدرجة الخامسة,Corps d'administration éducative et de gestion,02,161,6582.72,5592.93
299,Assistant pédagogique 5ème grade,مساعد تربوي من الدرجة الخامسة,Corps d'administration éducative et de gestion,03,173,6646.37,5643.78
299,Assistant pédagogique 5ème grade,مساعد تربوي من الدرجة الخامسة,Corps d'administration éducative et de gestion,04,185,6710.02,5694.64
299,Assistant pédagogique 5ème grade,مساعد تربوي من الدرجة الخامسة,Corps d'administration éducative et de gestion,05,197,6773.67,5745.5
299,Assistant pédagogique 5ème grade,مساعد تربوي من الدرجة الخامسة,Corps d'administration éducative et de gestion,06,209,6934.32,5873.86
299,Assistant pédagogique 5ème grade,مساعد تربوي من الدرجة الخامسة,Corps d'administration éducative et de gestion,07,222,7003.28,5928.95
299,Assistant pédagogique 5ème grade,مساعد تربوي من الدرجة الخامسة,Corps d'administration éducative et de gestion,08,236,7077.53,5988.28
299,Assistant pédagogique 5ème grade,مساعد تربوي من الدرجة الخامسة,Corps d'administration éducative et de gestion,09,249,7146.49,6043.38
299,Assistant pédagogique 5ème grade,مساعد تربوي من الدرجة الخامسة,Corps d'administration éducative et de gestion,10,262,7215.44,6098.47
295,Conseiller en planification de l'éducation grade principal,مستشار في التخطيط التربوي من الدرجة الممتازة,Corps d'administration éducative et de gestion,01,704,21337.88,14923.37
295,Conseiller en planification de l'éducation grade principal,مستشار في التخطيط التربوي من الدرجة الممتازة,Corps d'administration éducative et de gestion,02,746,21560.66,15044.06
295,Conseiller en planification de l'éducation grade principal,مستشار في التخطيط التربوي من الدرجة الممتازة,Corps d'administration éducative et de gestion,03,779,23654.7,16178.61
295,Conseiller en planification de l'éducation grade principal,مستشار في التخطيط التربوي من الدرجة الممتازة,Corps d'administration éducative et de gestion,04,812,23829.73,16273.45
295,Conseiller en planification de l'éducation grade principal,مستشار في التخطيط التربوي من الدرجة الممتازة,Corps d'administration éducative et de gestion,05,840,23978.25,16353.92
295,Conseiller en planification de l'éducation grade principal,مستشار في التخطيط التربوي من الدرجة الممتازة,Corps d'administration éducative et de gestion,06,870,24137.38,16440.13
295,Conseiller en planification de l'éducation grade principal,مستشار في التخطيط التربوي من الدرجة الممتازة,Corps d'administration éducative et de gestion,07,900,24296.5,16526.34
295,Conseiller en planification de l'éducation grade principal,مستشار في التخطيط التربوي من الدرجة الممتازة,Corps d'administration éducative et de gestion,08,930,24455.63,16612.56
297,Spécialiste d'économie et administration 1er grade,مختص الاقتصاد والإدارة من الدرجة الأولى,Corps d'administration éducative et de gestion,01,336,12778.95,10067.93
297,Spécialiste d'économie et administration 1er grade,مختص الاقتصاد والإدارة من الدرجة الأولى,Corps d'administration éducative et de gestion,02,369,12953.99,10173.3
297,Spécialiste d'économie et administration 1er grade,مختص الاقتصاد والإدارة من الدرجة الأولى,Corps d'administration éducative et de gestion,03,403,13134.33,10280.05
297,Spécialiste d'économie et administration 1er grade,مختص الاقتصاد والإدارة من الدرجة الأولى,Corps d'administration éducative et de gestion,04,436,13309.37,10379.4
297,Spécialiste d'économie et administration 1er grade,مختص الاقتصاد والإدارة من الدرجة الأولى,Corps d'administration éducative et de gestion,05,472,13500.32,10487.78
297,Spécialiste d'économie et administration 1er grade,مختص الاقتصاد والإدارة من الدرجة الأولى,Corps d'administration éducative et de gestion,06,509,17931.57,13002.96
297,Spécialiste d'économie et administration 1er grade,مختص الاقتصاد والإدارة من الدرجة الأولى,Corps d'administration éducative et de gestion,07,542,18106.61,13102.31
297,Spécialiste d'économie et administration 1er grade,مختص الاقتصاد والإدارة من الدرجة الأولى,Corps d'administration éducative et de gestion,08,574,18276.34,13198.65
297,Spécialiste d'économie et administration 1er grade,مختص الاقتصاد والإدارة من الدرجة الأولى,Corps d'administration éducative et de gestion,09,606,18446.08,13294.99
297,Spécialiste d'économie et administration 1er grade,مختص الاقتصاد والإدارة من الدرجة الأولى,Corps d'administration éducative et de gestion,10,639,18621.11,13394.34
297,Spécialiste d'économie et administration 1er grade,مختص الاقتصاد والإدارة من الدرجة الأولى,Corps d'administration éducative et de gestion,11,675,18304.06,13214.39
297,Spécialiste d'économie et administration 1er grade,مختص الاقتصاد والإدارة من الدرجة الأولى,Corps d'administration éducative et de gestion,12,690,18383.63,13259.55
297,Spécialiste d'économie et administration 1er grade,مختص الاقتصاد والإدارة من الدرجة الأولى,Corps d'administration éducative et de gestion,13,704,19380.88,13825.59
298,Spécialiste d'économie et administration grade principal,مختص الاقتصاد والإدارة من الدرجة الممتازة,Corps d'administration éducative et de gestion,01,704,20663.88,14553.82
298,Spécialiste d'économie et administration grade principal,مختص الاقتصاد والإدارة من الدرجة الممتازة,Corps d'administration éducative et de gestion,02,746,20886.66,14678.89
298,Spécialiste d'économie et administration grade principal,مختص الاقتصاد والإدارة من الدرجة الممتازة,Corps d'administration éducative et de gestion,03,779,22980.7,15813.44
298,Spécialiste d'économie et administration grade principal,مختص الاقتصاد والإدارة من الدرجة الممتازة,Corps d'administration éducative et de gestion,04,812,23155.73,15908.28
298,Spécialiste d'économie et administration grade principal,مختص الاقتصاد والإدارة من الدرجة الممتازة,Corps d'administration éducative et de gestion,05,840,23304.25,15988.74
298,Spécialiste d'économie et administration grade principal,مختص الاقتصاد والإدارة من الدرجة الممتازة,Corps d'administration éducative et de gestion,06,870,23463.38,16074.96
298,Spécialiste d'économie et administration grade principal,مختص الاقتصاد والإدارة من الدرجة الممتازة,Corps d'administration éducative et de gestion,07,900,23622.5,16161.17
298,Spécialiste d'économie et administration grade principal,مختص الاقتصاد والإدارة من الدرجة الممتازة,Corps d'administration éducative et de gestion,08,930,23781.63,16247.38
296,Économe grade principal,ممون من الدرجة الممتازة,Corps d'administration éducative et de gestion,01,704,20853.88,14661.13
296,Économe grade principal,ممون من الدرجة الممتازة,Corps d'administration éducative et de gestion,02,746,21076.66,14781.83
296,Économe grade principal,ممون من الدرجة الممتازة,Corps d'administration éducative et de gestion,03,779,23170.7,15916.38
296,Économe grade principal,ممون من الدرجة الممتازة,Corps d'administration éducative et de gestion,04,812,23345.73,16011.22
296,Économe grade principal,ممون من الدرجة الممتازة,Corps d'administration éducative et de gestion,05,840,23494.25,16091.68
296,Économe grade principal,ممون من الدرجة الممتازة,Corps d'administration éducative et de gestion,06,870,23653.38,16177.9
296,Économe grade principal,ممون من الدرجة الممتازة,Corps d'administration éducative et de gestion,07,900,23812.5,16264.11
296,Économe grade principal,ممون من الدرجة الممتازة,Corps d'administration éducative et de gestion,08,930,23971.63,16350.33
309,Inspecteur des affaires financières 1er grade,مفتش الشؤون المالية من الدرجة الأولى,"Corps d'inspection, d'encadrement, de contrôle et d'évaluation",01,336,16000.95,11907.14
309,Inspecteur des affaires financières 1er grade,مفتش الشؤون المالية من الدرجة الأولى,"Corps d'inspection, d'encadrement, de contrôle et d'évaluation",02,369,16175.99,12006.49
309,Inspecteur des affaires financières 1er grade,مفتش الشؤون المالية من الدرجة الأولى,"Corps d'inspection, d'encadrement, de contrôle et d'évaluation",03,403,16356.33,12108.85
309,Inspecteur des affaires financières 1er grade,مفتش الشؤون المالية من الدرجة الأولى,"Corps d'inspection, d'encadrement, de contrôle et d'évaluation",04,436,16531.37,12208.2
309,Inspecteur des affaires financières 1er grade,مفتش الشؤون المالية من الدرجة الأولى,"Corps d'inspection, d'encadrement, de contrôle et d'évaluation",05,472,16722.32,12316.59
309,Inspecteur des affaires financières 1er grade,مفتش الشؤون المالية من الدرجة الأولى,"Corps d'inspection, d'encadrement, de contrôle et d'évaluation",06,509,21153.57,14823.5
309,Inspecteur des affaires financières 1er grade,مفتش الشؤون المالية من الدرجة الأولى,"Corps d'inspection, d'encadrement, de contrôle et d'évaluation",07,542,21328.61,14918.34
309,Inspecteur des affaires financières 1er grade,مفتش الشؤون المالية من الدرجة الأولى,"Corps d'inspection, d'encadrement, de contrôle et d'évaluation",08,574,21498.34,15010.3
309,Inspecteur des affaires financières 1er grade,مفتش الشؤون المالية من الدرجة الأولى,"Corps d'inspection, d'encadrement, de contrôle et d'évaluation",09,606,21668.08,15102.26
309,Inspecteur des affaires financières 1er grade,مفتش الشؤون المالية من الدرجة الأولى,"Corps d'inspection, d'encadrement, de contrôle et d'évaluation",10,639,21843.11,15197.1
309,Inspecteur des affaires financières 1er grade,مفتش الشؤون المالية من الدرجة الأولى,"Corps d'inspection, d'encadrement, de contrôle et d'évaluation",ex,704,22187.88,15383.9
310,Inspecteur des affaires financières grade principal,مفتش الشؤون المالية من الدرجة الممتازة,"Corps d'inspection, d'encadrement, de contrôle et d'évaluation",01,704,25192.88,17012.0
310,Inspecteur des affaires financières grade principal,مفتش الشؤون المالية من الدرجة الممتازة,"Corps d'inspection, d'encadrement, de contrôle et d'évaluation",02,746,25415.66,17132.7
310,Inspecteur des affaires financières grade principal,مفتش الشؤون المالية من الدرجة الممتازة,"Corps d'inspection, d'encadrement, de contrôle et d'évaluation",03,779,27509.7,18267.25
310,Inspecteur des affaires financières grade principal,مفتش الشؤون المالية من الدرجة الممتازة,"Corps d'inspection, d'encadrement, de contrôle et d'évaluation",04,812,27684.73,18362.09
310,Inspecteur des affaires financières grade principal,مفتش الشؤون المالية من الدرجة الممتازة,"Corps d'inspection, d'encadrement, de contrôle et d'évaluation",05,840,27833.25,18442.55
310,Inspecteur des affaires financières grade principal,مفتش الشؤون المالية من الدرجة الممتازة,"Corps d'inspection, d'encadrement, de contrôle et d'évaluation",06,870,27992.38,18528.77
310,Inspecteur des affaires financières grade principal,مفتش الشؤون المالية من الدرجة الممتازة,"Corps d'inspection, d'encadrement, de contrôle et d'évaluation",07,900,28151.5,18614.98
310,Inspecteur des affaires financières grade principal,مفتش الشؤون المالية من الدرجة الممتازة,"Corps d'inspection, d'encadrement, de contrôle et d'évaluation",08,930,28310.63,18701.2
307,Inspecteur en orientation de l'éducation grade principal,مفتش في التوجيه التربوي من الدرجة الممتازة,"Corps d'inspection, d'encadrement, de contrôle et d'évaluation",01,704,25192.88,17012.0
307,Inspecteur en orientation de l'éducation grade principal,مفتش في التوجيه التربوي من الدرجة الممتازة,"Corps d'inspection, d'encadrement, de contrôle et d'évaluation",02,746,25415.66,17132.7
307,Inspecteur en orientation de l'éducation grade principal,مفتش في التوجيه التربوي من الدرجة الممتازة,"Corps d'inspection, d'encadrement, de contrôle et d'évaluation",03,779,27509.7,18267.25
307,Inspecteur en orientation de l'éducation grade principal,مفتش في التوجيه التربوي من الدرجة الممتازة,"Corps d'inspection, d'encadrement, de contrôle et d'évaluation",04,812,27684.73,18362.09
307,Inspecteur en orientation de l'éducation grade principal,مفتش في التوجيه التربوي من الدرجة الممتازة,"Corps d'inspection, d'encadrement, de contrôle et d'évaluation",05,840,27833.25,18442.55
307,Inspecteur en orientation de l'éducation grade principal,مفتش في التوجيه التربوي من الدرجة الممتازة,"Corps d'inspection, d'encadrement, de contrôle et d'évaluation",06,870,27992.38,18528.77
307,Inspecteur en orientation de l'éducation grade principal,مفتش في التوجيه التربوي من الدرجة الممتازة,"Corps d'inspection, d'encadrement, de contrôle et d'évaluation",07,900,28151.5,18614.98
307,Inspecteur en orientation de l'éducation grade principal,مفتش في التوجيه التربوي من الدرجة الممتازة,"Corps d'inspection, d'encadrement, de contrôle et d'évaluation",08,930,28310.63,18701.2
308,Inspecteur en planification de l'éducation grade principal,مفتش في التخطيط التربوي من الدرجة الممتازة,"Corps d'inspection, d'encadrement, de contrôle et d'évaluation",01,704,25192.88,17012.0
308,Inspecteur en planification de l'éducation grade principal,مفتش في التخطيط التربوي من الدرجة الممتازة,"Corps d'inspection, d'encadrement, de contrôle et d'évaluation",02,746,25415.66,17132.7
308,Inspecteur en planification de l'éducation grade principal,مفتش في التخطيط التربوي من الدرجة الممتازة,"Corps d'inspection, d'encadrement, de contrôle et d'évaluation",03,779,27509.7,18267.25
308,Inspecteur en planification de l'éducation grade principal,مفتش في التخطيط التربوي من الدرجة الممتازة,"Corps d'inspection, d'encadrement, de contrôle et d'évaluation",04,812,27684.73,18362.09
308,Inspecteur en planification de l'éducation grade principal,مفتش في التخطيط التربوي من الدرجة الممتازة,"Corps d'inspection, d'encadrement, de contrôle et d'évaluation",05,840,27833.25,18442.55
308,Inspecteur en planification de l'éducation grade principal,مفتش في التخطيط التربوي من الدرجة الممتازة,"Corps d'inspection, d'encadrement, de contrôle et d'évaluation",06,870,27992.38,18528.77
308,Inspecteur en planification de l'éducation grade principal,مفتش في التخطيط التربوي من الدرجة الممتازة,"Corps d'inspection, d'encadrement, de contrôle et d'évaluation",07,900,28151.5,18614.98
308,Inspecteur en planification de l'éducation grade principal,مفتش في التخطيط التربوي من الدرجة الممتازة,"Corps d'inspection, d'encadrement, de contrôle et d'évaluation",08,930,28310.63,18701.2
304,Inspecteur pédagogique de l'enseignement primaire grade principal,مفتش تربوي للتعليم الابتدائي من الدرجة الممتازة,"Corps d'inspection, d'encadrement, de contrôle et d'évaluation",01,704,25192.88,17012.0
304,Inspecteur pédagogique de l'enseignement primaire grade principal,مفتش تربوي للتعليم الابتدائي من الدرجة الممتازة,"Corps d'inspection, d'encadrement, de contrôle et d'évaluation",02,746,25415.66,17132.7
304,Inspecteur pédagogique de l'enseignement primaire grade principal,مفتش تربوي للتعليم الابتدائي من الدرجة الممتازة,"Corps d'inspection, d'encadrement, de contrôle et d'évaluation",03,779,27509.7,18267.25
304,Inspecteur pédagogique de l'enseignement primaire grade principal,مفتش تربوي للتعليم الابتدائي من الدرجة الممتازة,"Corps d'inspection, d'encadrement, de contrôle et d'évaluation",04,812,27684.73,18362.09
304,Inspecteur pédagogique de l'enseignement primaire grade principal,مفتش تربوي للتعليم الابتدائي من الدرجة الممتازة,"Corps d'inspection, d'encadrement, de contrôle et d'évaluation",05,840,27833.25,18442.55
304,Inspecteur pédagogique de l'enseignement primaire grade principal,مفتش تربوي للتعليم الابتدائي من الدرجة الممتازة,"Corps d'inspection, d'encadrement, de contrôle et d'évaluation",06,870,27992.38,18528.77
304,Inspecteur pédagogique de l'enseignement primaire grade principal,مفتش تربوي للتعليم الابتدائي من الدرجة الممتازة,"Corps d'inspection, d'encadrement, de contrôle et d'évaluation",07,900,28151.5,18614.98
304,Inspecteur pédagogique de l'enseignement primaire grade principal,مفتش تربوي للتعليم الابتدائي من الدرجة الممتازة,"Corps d'inspection, d'encadrement, de contrôle et d'évaluation",08,930,28310.63,18701.2
311,Inspecteur pédagogique de l'enseignement secondaire collégial 1er grade,مفتش تربوي للتعليم الثانوي الإعدادي من الدرجة الأولى,"Corps d'inspection, d'encadrement, de contrôle et d'évaluation",01,336,16000.95,11907.14
311,Inspecteur pédagogique de l'enseignement secondaire collégial 1er grade,مفتش تربوي للتعليم الثانوي الإعدادي من الدرجة الأولى,"Corps d'inspection, d'encadrement, de contrôle et d'évaluation",02,369,16175.99,12006.49
311,Inspecteur pédagogique de l'enseignement secondaire collégial 1er grade,مفتش تربوي للتعليم الثانوي الإعدادي من الدرجة الأولى,"Corps d'inspection, d'encadrement, de contrôle et d'évaluation",03,403,16356.33,12108.85
311,Inspecteur pédagogique de l'enseignement secondaire collégial 1er grade,مفتش تربوي للتعليم الثانوي الإعدادي من الدرجة الأولى,"Corps d'inspection, d'encadrement, de contrôle et d'évaluation",04,436,16531.37,12208.2
311,Inspecteur pédagogique de l'enseignement secondaire collégial 1er grade,مفتش تربوي للتعليم الثانوي الإعدادي من الدرجة الأولى,"Corps d'inspection, d'encadrement, de contrôle et d'évaluation",05,472,16722.32,12316.59
311,Inspecteur pédagogique de l'enseignement secondaire collégial 1er grade,مفتش تربوي للتعليم الثانوي الإعدادي من الدرجة الأولى,"Corps d'inspection, d'encadrement, de contrôle et d'évaluation",06,509,21153.57,14823.5
311,Inspecteur pédagogique de l'enseignement secondaire collégial 1er grade,مفتش تربوي للتعليم الثانوي الإعدادي من الدرجة الأولى,"Corps d'inspection, d'encadrement, de contrôle et d'évaluation",07,542,21328.61,14918.34
311,Inspecteur pédagogique de l'enseignement secondaire collégial 1er grade,مفتش تربوي للتعليم الثانوي الإعدادي من الدرجة الأولى,"Corps d'inspection, d'encadrement, de contrôle et d'évaluation",08,574,21498.34,15010.3
311,Inspecteur pédagogique de l'enseignement secondaire collégial 1er grade,مفتش تربوي للتعليم الثانوي الإعدادي من الدرجة الأولى,"Corps d'inspection, d'encadrement, de contrôle et d'évaluation",09,606,21668.08,15102.26
311,Inspecteur pédagogique de l'enseignement secondaire collégial 1er grade,مفتش تربوي للتعليم الثانوي الإعدادي من الدرجة الأولى,"Corps d'inspection, d'encadrement, de contrôle et d'évaluation",10,639,21843.11,15197.1
311,Inspecteur pédagogique de l'enseignement secondaire collégial 1er grade,مفتش تربوي للتعليم الثانوي الإعدادي من الدرجة الأولى,"Corps d'inspection, d'encadrement, de contrôle et d'évaluation",ex,704,22187.88,15383.9
312,Inspecteur pédagogique de l'enseignement secondaire collégial grade principal,مفتش تربوي للتعليم الثانوي الإعدادي من الدرجة الممتازة,"Corps d'inspection, d'encadrement, de contrôle et d'évaluation",01,704,25192.88,17012.0
312,Inspecteur pédagogique de l'enseignement secondaire collégial grade principal,مفتش تربوي للتعليم الثانوي الإعدادي من الدرجة الممتازة,"Corps d'inspection, d'encadrement, de contrôle et d'évaluation",02,746,25415.66,17132.7
312,Inspecteur pédagogique de l'enseignement secondaire collégial grade principal,مفتش تربوي للتعليم الثانوي الإعدادي من الدرجة الممتازة,"Corps d'inspection, d'encadrement, de contrôle et d'évaluation",03,779,27509.7,18267.25
312,Inspecteur pédagogique de l'enseignement secondaire collégial grade principal,مفتش تربوي للتعليم الثانوي الإعدادي من الدرجة الممتازة,"Corps d'inspection, d'encadrement, de contrôle et d'évaluation",04,812,27684.73,18362.09
312,Inspecteur pédagogique de l'enseignement secondaire collégial grade principal,مفتش تربوي للتعليم الثانوي الإعدادي من الدرجة الممتازة,"Corps d'inspection, d'encadrement, de contrôle et d'évaluation",05,840,27833.25,18442.55
312,Inspecteur pédagogique de l'enseignement secondaire collégial grade principal,مفتش تربوي للتعليم الثانوي الإعدادي من الدرجة الممتازة,"Corps d'inspection, d'encadrement, de contrôle et d'évaluation",06,870,27992.38,18528.77
312,Inspecteur pédagogique de l'enseignement secondaire collégial grade principal,مفتش تربوي للتعليم الثانوي الإعدادي من الدرجة الممتازة,"Corps d'inspection, d'encadrement, de contrôle et d'évaluation",07,900,28151.5,18614.98
312,Inspecteur pédagogique de l'enseignement secondaire collégial grade principal,مفتش تربوي للتعليم الثانوي الإعدادي من الدرجة الممتازة,"Corps d'inspection, d'encadrement, de contrôle et d'évaluation",08,930,28310.63,18701.2
313,Inspecteur pédagogique de l'enseignement secondaire qualifié 1er grade,مفتش تربوي للتعليم الثانوي التأهيلي من الدرجة الأولى,"Corps d'inspection, d'encadrement, de contrôle et d'évaluation",01,336,16000.95,11907.14
313,Inspecteur pédagogique de l'enseignement secondaire qualifié 1er grade,مفتش تربوي للتعليم الثانوي التأهيلي من الدرجة الأولى,"Corps d'inspection, d'encadrement, de contrôle et d'évaluation",02,369,16175.99,12006.49
313,Inspecteur pédagogique de l'enseignement secondaire qualifié 1er grade,مفتش تربوي للتعليم الثانوي التأهيلي من الدرجة الأولى,"Corps d'inspection, d'encadrement, de contrôle et d'évaluation",03,403,16356.33,12108.85
313,Inspecteur pédagogique de l'enseignement secondaire qualifié 1er grade,مفتش تربوي للتعليم الثانوي التأهيلي من الدرجة الأولى,"Corps d'inspection, d'encadrement, de contrôle et d'évaluation",04,436,16531.37,12208.2
313,Inspecteur pédagogique de l'enseignement secondaire qualifié 1er grade,مفتش تربوي للتعليم الثانوي التأهيلي من الدرجة الأولى,"Corps d'inspection, d'encadrement, de contrôle et d'évaluation",05,472,16722.32,12316.59
313,Inspecteur pédagogique de l'enseignement secondaire qualifié 1er grade,مفتش تربوي للتعليم الثانوي التأهيلي من الدرجة الأولى,"Corps d'inspection, d'encadrement, de contrôle et d'évaluation",06,509,21153.57,14823.5
313,Inspecteur pédagogique de l'enseignement secondaire qualifié 1er grade,مفتش تربوي للتعليم الثانوي التأهيلي من الدرجة الأولى,"Corps d'inspection, d'encadrement, de contrôle et d'évaluation",07,542,21328.61,14918.34
313,Inspecteur pédagogique de l'enseignement secondaire qualifié 1er grade,مفتش تربوي للتعليم الثانوي التأهيلي من الدرجة الأولى,"Corps d'inspection, d'encadrement, de contrôle et d'évaluation",08,574,21498.34,15010.3
313,Inspecteur pédagogique de l'enseignement secondaire qualifié 1er grade,مفتش تربوي للتعليم الثانوي التأهيلي من الدرجة الأولى,"Corps d'inspection, d'encadrement, de contrôle et d'évaluation",09,606,21668.08,15102.26
313,Inspecteur pédagogique de l'enseignement secondaire qualifié 1er grade,مفتش تربوي للتعليم الثانوي التأهيلي من الدرجة الأولى,"Corps d'inspection, d'encadrement, de contrôle et d'évaluation",10,639,21843.11,15197.1
313,Inspecteur pédagogique de l'enseignement secondaire qualifié 1er grade,مفتش تربوي للتعليم الثانوي التأهيلي من الدرجة الأولى,"Corps d'inspection, d'encadrement, de contrôle et d'évaluation",ex,704,22187.88,15383.9
314,Inspecteur pédagogique de l'enseignement secondaire qualifié grade principal,مفتش تربوي للتعليم الثانوي التأهيلي من الدرجة الممتازة,"Corps d'inspection, d'encadrement, de contrôle et d'évaluation",01,704,25192.88,17012.0
314,Inspecteur pédagogique de l'enseignement secondaire qualifié grade principal,مفتش تربوي للتعليم الثانوي التأهيلي من الدرجة الممتازة,"Corps d'inspection, d'encadrement, de contrôle et d'évaluation",02,746,25415.66,17132.7
314,Inspecteur pédagogique de l'enseignement secondaire qualifié grade principal,مفتش تربوي للتعليم الثانوي التأهيلي من الدرجة الممتازة,"Corps d'inspection, d'encadrement, de contrôle et d'évaluation",03,779,27509.7,18267.25
314,Inspecteur pédagogique de l'enseignement secondaire qualifié grade principal,مفتش تربوي للتعليم الثانوي التأهيلي من الدرجة الممتازة,"Corps d'inspection, d'encadrement, de contrôle et d'évaluation",04,812,27684.73,18362.09
314,Inspecteur pédagogique de l'enseignement secondaire qualifié grade principal,مفتش تربوي للتعليم الثانوي التأهيلي من الدرجة الممتازة,"Corps d'inspection, d'encadrement, de contrôle et d'évaluation",05,840,27833.25,18442.55
314,Inspecteur pédagogique de l'enseignement secondaire qualifié grade principal,مفتش تربوي للتعليم الثانوي التأهيلي من الدرجة الممتازة,"Corps d'inspection, d'encadrement, de contrôle et d'évaluation",06,870,27992.38,18528.77
314,Inspecteur pédagogique de l'enseignement secondaire qualifié grade principal,مفتش تربوي للتعليم الثانوي التأهيلي من الدرجة الممتازة,"Corps d'inspection, d'encadrement, de contrôle et d'évaluation",07,900,28151.5,18614.98
314,Inspecteur pédagogique de l'enseignement secondaire qualifié grade principal,مفتش تربوي للتعليم الثانوي التأهيلي من الدرجة الممتازة,"Corps d'inspection, d'encadrement, de contrôle et d'évaluation",08,930,28310.63,18701.2
305,Inspecteur pédagogique des cycles post-baccalauréat 1er grade,مفتش تربوي للأسلاك ما بعد البكالوريا من الدرجة الأولى,"Corps d'inspection, d'encadrement, de contrôle et d'évaluation",01,336,16000.95,11907.14
305,Inspecteur pédagogique des cycles post-baccalauréat 1er grade,مفتش تربوي للأسلاك ما بعد البكالوريا من الدرجة الأولى,"Corps d'inspection, d'encadrement, de contrôle et d'évaluation",02,369,16175.99,12006.49
305,Inspecteur pédagogique des cycles post-baccalauréat 1er grade,مفتش تربوي للأسلاك ما بعد البكالوريا من الدرجة الأولى,"Corps d'inspection, d'encadrement, de contrôle et d'évaluation",03,403,16356.33,12108.85
305,Inspecteur pédagogique des cycles post-baccalauréat 1er grade,مفتش تربوي للأسلاك ما بعد البكالوريا من الدرجة الأولى,"Corps d'inspection, d'encadrement, de contrôle et d'évaluation",04,436,16531.37,12208.2
305,Inspecteur pédagogique des cycles post-baccalauréat 1er grade,مفتش تربوي للأسلاك ما بعد البكالوريا من الدرجة الأولى,"Corps d'inspection, d'encadrement, de contrôle et d'évaluation",05,472,16722.32,12316.59
305,Inspecteur pédagogique des cycles post-baccalauréat 1er grade,مفتش تربوي للأسلاك ما بعد البكالوريا من الدرجة الأولى,"Corps d'inspection, d'encadrement, de contrôle et d'évaluation",06,509,21153.57,14823.5
305,Inspecteur pédagogique des cycles post-baccalauréat 1er grade,مفتش تربوي للأسلاك ما بعد البكالوريا من الدرجة الأولى,"Corps d'inspection, d'encadrement, de contrôle et d'évaluation",07,542,21328.61,14918.34
305,Inspecteur pédagogique des cycles post-baccalauréat 1er grade,مفتش تربوي للأسلاك ما بعد البكالوريا من الدرجة الأولى,"Corps d'inspection, d'encadrement, de contrôle et d'évaluation",08,574,21498.34,15010.3
305,Inspecteur pédagogique des cycles post-baccalauréat 1er grade,مفتش تربوي للأسلاك ما بعد البكالوريا من الدرجة الأولى,"Corps d'inspection, d'encadrement, de contrôle et d'évaluation",09,606,21668.08,15102.26
305,Inspecteur pédagogique des cycles post-baccalauréat 1er grade,مفتش تربوي للأسلاك ما بعد البكالوريا من الدرجة الأولى,"Corps d'inspection, d'encadrement, de contrôle et d'évaluation",10,639,21843.11,15197.1
305,Inspecteur pédagogique des cycles post-baccalauréat 1er grade,مفتش تربوي للأسلاك ما بعد البكالوريا من الدرجة الأولى,"Corps d'inspection, d'encadrement, de contrôle et d'évaluation",ex,704,22187.88,15383.9
306,Inspecteur pédagogique des cycles post-baccalauréat grade principal,مفتش تربوي للأسلاك ما بعد البكالوريا من الدرجة الممتازة,"Corps d'inspection, d'encadrement, de contrôle et d'évaluation",01,704,25192.88,17012.0
306,Inspecteur pédagogique des cycles post-baccalauréat grade principal,مفتش تربوي للأسلاك ما بعد البكالوريا من الدرجة الممتازة,"Corps d'inspection, d'encadrement, de contrôle et d'évaluation",02,746,25415.66,17132.7
306,Inspecteur pédagogique des cycles post-baccalauréat grade principal,مفتش تربوي للأسلاك ما بعد البكالوريا من الدرجة الممتازة,"Corps d'inspection, d'encadrement, de contrôle et d'évaluation",03,779,27509.7,18267.25
306,Inspecteur pédagogique des cycles post-baccalauréat grade principal,مفتش تربوي للأسلاك ما بعد البكالوريا من الدرجة الممتازة,"Corps d'inspection, d'encadrement, de contrôle et d'évaluation",04,812,27684.73,18362.09
306,Inspecteur pédagogique des cycles post-baccalauréat grade principal,مفتش تربوي للأسلاك ما بعد البكالوريا من الدرجة الممتازة,"Corps d'inspection, d'encadrement, de contrôle et d'évaluation",05,840,27833.25,18442.55
306,Inspecteur pédagogique des cycles post-baccalauréat grade principal,مفتش تربوي للأسلاك ما بعد البكالوريا من الدرجة الممتازة,"Corps d'inspection, d'encadrement, de contrôle et d'évaluation",06,870,27992.38,18528.77
306,Inspecteur pédagogique des cycles post-baccalauréat grade principal,مفتش تربوي للأسلاك ما بعد البكالوريا من الدرجة الممتازة,"Corps d'inspection, d'encadrement, de contrôle et d'évaluation",07,900,28151.5,18614.98
306,Inspecteur pédagogique des cycles post-baccalauréat grade principal,مفتش تربوي للأسلاك ما بعد البكالوريا من الدرجة الممتازة,"Corps d'inspection, d'encadrement, de contrôle et d'évaluation",08,930,28310.63,18701.2
288,Conseiller en orientation de l'éducation grade principal,مستشار في التوجيه التربوي من الدرجة الممتازة,Corps d'éducation et d'enseignement,01,704,21337.88,14923.37
288,Conseiller en orientation de l'éducation grade principal,مستشار في التوجيه التربوي من الدرجة الممتازة,Corps d'éducation et d'enseignement,02,746,21560.66,15044.06
288,Conseiller en orientation de l'éducation grade principal,مستشار في التوجيه التربوي من الدرجة الممتازة,Corps d'éducation et d'enseignement,03,779,23654.7,16178.61
288,Conseiller en orientation de l'éducation grade principal,مستشار في التوجيه التربوي من الدرجة الممتازة,Corps d'éducation et d'enseignement,04,812,23829.73,16273.45
288,Conseiller en orientation de l'éducation grade principal,مستشار في التوجيه التربوي من الدرجة الممتازة,Corps d'éducation et d'enseignement,05,840,23978.25,16353.92
288,Conseiller en orientation de l'éducation grade principal,مستشار في التوجيه التربوي من الدرجة الممتازة,Corps d'éducation et d'enseignement,06,870,24137.38,16440.13
288,Conseiller en orientation de l'éducation grade principal,مستشار في التوجيه التربوي من الدرجة الممتازة,Corps d'éducation et d'enseignement,07,900,24296.5,16526.34
288,Conseiller en orientation de l'éducation grade principal,مستشار في التوجيه التربوي من الدرجة الممتازة,Corps d'éducation et d'enseignement,08,930,24455.63,16612.56
282,Professeur agrégé de l'éducation et de la formation 1er grade,أستاذ مبرز للتربية و التكوين من الدرجة الأولى,Corps d'éducation et d'enseignement,01,336,11855.95,9512.28
282,Professeur agrégé de l'éducation et de la formation 1er grade,أستاذ مبرز للتربية و التكوين من الدرجة الأولى,Corps d'éducation et d'enseignement,02,369,12030.99,9617.65
282,Professeur agrégé de l'éducation et de la formation 1er grade,أستاذ مبرز للتربية و التكوين من الدرجة الأولى,Corps d'éducation et d'enseignement,03,403,12211.33,9726.22
282,Professeur agrégé de l'éducation et de la formation 1er grade,أستاذ مبرز للتربية و التكوين من الدرجة الأولى,Corps d'éducation et d'enseignement,04,436,12386.37,9831.59
282,Professeur agrégé de l'éducation et de la formation 1er grade,أستاذ مبرز للتربية و التكوين من الدرجة الأولى,Corps d'éducation et d'enseignement,05,472,12577.32,9946.54
282,Professeur agrégé de l'éducation et de la formation 1er grade,أستاذ مبرز للتربية و التكوين من الدرجة الأولى,Corps d'éducation et d'enseignement,06,509,17008.57,12479.06
282,Professeur agrégé de l'éducation et de la formation 1er grade,أستاذ مبرز للتربية و التكوين من الدرجة الأولى,Corps d'éducation et d'enseignement,07,542,17183.61,12578.42
282,Professeur agrégé de l'éducation et de la formation 1er grade,أستاذ مبرز للتربية و التكوين من الدرجة الأولى,Corps d'éducation et d'enseignement,08,574,17353.34,12674.76
282,Professeur agrégé de l'éducation et de la formation 1er grade,أستاذ مبرز للتربية و التكوين من الدرجة الأولى,Corps d'éducation et d'enseignement,09,606,17523.08,12771.1
282,Professeur agrégé de l'éducation et de la formation 1er grade,أستاذ مبرز للتربية و التكوين من الدرجة الأولى,Corps d'éducation et d'enseignement,10,639,17698.11,12870.45
282,Professeur agrégé de l'éducation et de la formation 1er grade,أستاذ مبرز للتربية و التكوين من الدرجة الأولى,Corps d'éducation et d'enseignement,ex,704,18042.88,13066.14
284,"Professeur agrégé de l'éducation et de la formation 1er grade (classes préparatoires, BTS, centres de formation, universités)",أستاذ مبرز للتربية و التكوين من الدرجة الأولى العامل بالأقسام التحضيرية أو بأقسام تحضير شهادة التقني العالي أو بمراكز التكوين أو بالمؤسسات الجامعية,Corps d'éducation et d'enseignement,01,336,17127.95,12546.82
284,"Professeur agrégé de l'éducation et de la formation 1er grade (classes préparatoires, BTS, centres de formation, universités)",أستاذ مبرز للتربية و التكوين من الدرجة الأولى العامل بالأقسام التحضيرية أو بأقسام تحضير شهادة التقني العالي أو بمراكز التكوين أو بالمؤسسات الجامعية,Corps d'éducation et d'enseignement,02,369,17302.99,12646.18
284,"Professeur agrégé de l'éducation et de la formation 1er grade (classes préparatoires, BTS, centres de formation, universités)",أستاذ مبرز للتربية و التكوين من الدرجة الأولى العامل بالأقسام التحضيرية أو بأقسام تحضير شهادة التقني العالي أو بمراكز التكوين أو بالمؤسسات الجامعية,Corps d'éducation et d'enseignement,03,403,17483.33,12748.54
284,"Professeur agrégé de l'éducation et de la formation 1er grade (classes préparatoires, BTS, centres de formation, universités)",أستاذ مبرز للتربية و التكوين من الدرجة الأولى العامل بالأقسام التحضيرية أو بأقسام تحضير شهادة التقني العالي أو بمراكز التكوين أو بالمؤسسات الجامعية,Corps d'éducation et d'enseignement,04,436,17658.37,12847.89
284,"Professeur agrégé de l'éducation et de la formation 1er grade (classes préparatoires, BTS, centres de formation, universités)",أستاذ مبرز للتربية و التكوين من الدرجة الأولى العامل بالأقسام التحضيرية أو بأقسام تحضير شهادة التقني العالي أو بمراكز التكوين أو بالمؤسسات الجامعية,Corps d'éducation et d'enseignement,05,472,17849.32,12956.27
284,"Professeur agrégé de l'éducation et de la formation 1er grade (classes préparatoires, BTS, centres de formation, universités)",أستاذ مبرز للتربية و التكوين من الدرجة الأولى العامل بالأقسام التحضيرية أو بأقسام تحضير شهادة التقني العالي أو بمراكز التكوين أو بالمؤسسات الجامعية,Corps d'éducation et d'enseignement,06,509,22329.57,15460.66
284,"Professeur agrégé de l'éducation et de la formation 1er grade (classes préparatoires, BTS, centres de formation, universités)",أستاذ مبرز للتربية و التكوين من الدرجة الأولى العامل بالأقسام التحضيرية أو بأقسام تحضير شهادة التقني العالي أو بمراكز التكوين أو بالمؤسسات الجامعية,Corps d'éducation et d'enseignement,07,542,22504.61,15555.5
284,"Professeur agrégé de l'éducation et de la formation 1er grade (classes préparatoires, BTS, centres de formation, universités)",أستاذ مبرز للتربية و التكوين من الدرجة الأولى العامل بالأقسام التحضيرية أو بأقسام تحضير شهادة التقني العالي أو بمراكز التكوين أو بالمؤسسات الجامعية,Corps d'éducation et d'enseignement,08,574,22674.34,15647.46
284,"Professeur agrégé de l'éducation et de la formation 1er grade (classes préparatoires, BTS, centres de formation, universités)",أستاذ مبرز للتربية و التكوين من الدرجة الأولى العامل بالأقسام التحضيرية أو بأقسام تحضير شهادة التقني العالي أو بمراكز التكوين أو بالمؤسسات الجامعية,Corps d'éducation et d'enseignement,09,606,22844.08,15739.42
284,"Professeur agrégé de l'éducation et de la formation 1er grade (classes préparatoires, BTS, centres de formation, universités)",أستاذ مبرز للتربية و التكوين من الدرجة الأولى العامل بالأقسام التحضيرية أو بأقسام تحضير شهادة التقني العالي أو بمراكز التكوين أو بالمؤسسات الجامعية,Corps d'éducation et d'enseignement,10,639,23019.11,15834.26
284,"Professeur agrégé de l'éducation et de la formation 1er grade (classes préparatoires, BTS, centres de formation, universités)",أستاذ مبرز للتربية و التكوين من الدرجة الأولى العامل بالأقسام التحضيرية أو بأقسام تحضير شهادة التقني العالي أو بمراكز التكوين أو بالمؤسسات الجامعية,Corps d'éducation et d'enseignement,ex,704,23363.88,16021.05
286,Professeur agrégé de l'éducation et de la formation 1er grade (secondaire qualifié),أستاذ مبرز للتربية و التكوين من الدرجة الأولى العامل بمؤسسات التعليم الثانوي التأهيلي,Corps d'éducation et d'enseignement,01,336,15021.95,11351.46
286,Professeur agrégé de l'éducation et de la formation 1er grade (secondaire qualifié),أستاذ مبرز للتربية و التكوين من الدرجة الأولى العامل بمؤسسات التعليم الثانوي التأهيلي,Corps d'éducation et d'enseignement,02,369,15196.99,11450.81
286,Professeur agrégé de l'éducation et de la formation 1er grade (secondaire qualifié),أستاذ مبرز للتربية و التكوين من الدرجة الأولى العامل بمؤسسات التعليم الثانوي التأهيلي,Corps d'éducation et d'enseignement,03,403,15377.33,11553.17
286,Professeur agrégé de l'éducation et de la formation 1er grade (secondaire qualifié),أستاذ مبرز للتربية و التكوين من الدرجة الأولى العامل بمؤسسات التعليم الثانوي التأهيلي,Corps d'éducation et d'enseignement,04,436,15552.37,11652.52
286,Professeur agrégé de l'éducation et de la formation 1er grade (secondaire qualifié),أستاذ مبرز للتربية و التكوين من الدرجة الأولى العامل بمؤسسات التعليم الثانوي التأهيلي,Corps d'éducation et d'enseignement,05,472,15743.32,11760.91
286,Professeur agrégé de l'éducation et de la formation 1er grade (secondaire qualifié),أستاذ مبرز للتربية و التكوين من الدرجة الأولى العامل بمؤسسات التعليم الثانوي التأهيلي,Corps d'éducation et d'enseignement,06,509,20174.57,14276.09
286,Professeur agrégé de l'éducation et de la formation 1er grade (secondaire qualifié),أستاذ مبرز للتربية و التكوين من الدرجة الأولى العامل بمؤسسات التعليم الثانوي التأهيلي,Corps d'éducation et d'enseignement,07,542,20349.61,14375.44
286,Professeur agrégé de l'éducation et de la formation 1er grade (secondaire qualifié),أستاذ مبرز للتربية و التكوين من الدرجة الأولى العامل بمؤسسات التعليم الثانوي التأهيلي,Corps d'éducation et d'enseignement,08,574,20519.34,14471.78
286,Professeur agrégé de l'éducation et de la formation 1er grade (secondaire qualifié),أستاذ مبرز للتربية و التكوين من الدرجة الأولى العامل بمؤسسات التعليم الثانوي التأهيلي,Corps d'éducation et d'enseignement,09,606,20689.08,14568.12
286,Professeur agrégé de l'éducation et de la formation 1er grade (secondaire qualifié),أستاذ مبرز للتربية و التكوين من الدرجة الأولى العامل بمؤسسات التعليم الثانوي التأهيلي,Corps d'éducation et d'enseignement,10,639,20864.11,14666.68
286,Professeur agrégé de l'éducation et de la formation 1er grade (secondaire qualifié),أستاذ مبرز للتربية و التكوين من الدرجة الأولى العامل بمؤسسات التعليم الثانوي التأهيلي,Corps d'éducation et d'enseignement,ex,704,21208.88,14853.47
283,Professeur agrégé de l'éducation et de la formation grade principal,أستاذ مبرز للتربية و التكوين من الدرجة الممتازة,Corps d'éducation et d'enseignement,01,704,19740.88,14029.93
283,Professeur agrégé de l'éducation et de la formation grade principal,أستاذ مبرز للتربية و التكوين من الدرجة الممتازة,Corps d'éducation et d'enseignement,02,746,19963.66,14156.37
283,Professeur agrégé de l'éducation et de la formation grade principal,أستاذ مبرز للتربية و التكوين من الدرجة الممتازة,Corps d'éducation et d'enseignement,03,779,22057.7,15313.36
283,Professeur agrégé de l'éducation et de la formation grade principal,أستاذ مبرز للتربية و التكوين من الدرجة الممتازة,Corps d'éducation et d'enseignement,04,812,22232.73,15408.19
283,Professeur agrégé de l'éducation et de la formation grade principal,أستاذ مبرز للتربية و التكوين من الدرجة الممتازة,Corps d'éducation et d'enseignement,05,840,22381.25,15488.66
283,Professeur agrégé de l'éducation et de la formation grade principal,أستاذ مبرز للتربية و التكوين من الدرجة الممتازة,Corps d'éducation et d'enseignement,06,870,22540.38,15574.88
283,Professeur agrégé de l'éducation et de la formation grade principal,أستاذ مبرز للتربية و التكوين من الدرجة الممتازة,Corps d'éducation et d'enseignement,07,900,22699.5,15661.09
283,Professeur agrégé de l'éducation et de la formation grade principal,أستاذ مبرز للتربية و التكوين من الدرجة الممتازة,Corps d'éducation et d'enseignement,08,930,22858.63,15747.3
285,"Professeur agrégé de l'éducation et de la formation grade principal (classes préparatoires, BTS, centres de formation, universités)",أستاذ مبرز للتربية و التكوين من الدرجة الممتازة العامل بالأقسام التحضيرية أو بأقسام تحضير شهادة التقني العالي أو بمراكز التكوين أو بالمؤسسات الجامعية,Corps d'éducation et d'enseignement,01,704,25061.88,16941.03
285,"Professeur agrégé de l'éducation et de la formation grade principal (classes préparatoires, BTS, centres de formation, universités)",أستاذ مبرز للتربية و التكوين من الدرجة الممتازة العامل بالأقسام التحضيرية أو بأقسام تحضير شهادة التقني العالي أو بمراكز التكوين أو بالمؤسسات الجامعية,Corps d'éducation et d'enseignement,02,746,25284.66,17061.73
285,"Professeur agrégé de l'éducation et de la formation grade principal (classes préparatoires, BTS, centres de formation, universités)",أستاذ مبرز للتربية و التكوين من الدرجة الممتازة العامل بالأقسام التحضيرية أو بأقسام تحضير شهادة التقني العالي أو بمراكز التكوين أو بالمؤسسات الجامعية,Corps d'éducation et d'enseignement,03,779,27378.7,18196.28
285,"Professeur agrégé de l'éducation et de la formation grade principal (classes préparatoires, BTS, centres de formation, universités)",أستاذ مبرز للتربية و التكوين من الدرجة الممتازة العامل بالأقسام التحضيرية أو بأقسام تحضير شهادة التقني العالي أو بمراكز التكوين أو بالمؤسسات الجامعية,Corps d'éducation et d'enseignement,04,812,27553.73,18291.11
285,"Professeur agrégé de l'éducation et de la formation grade principal (classes préparatoires, BTS, centres de formation, universités)",أستاذ مبرز للتربية و التكوين من الدرجة الممتازة العامل بالأقسام التحضيرية أو بأقسام تحضير شهادة التقني العالي أو بمراكز التكوين أو بالمؤسسات الجامعية,Corps d'éducation et d'enseignement,05,840,27702.25,18371.58
285,"Professeur agrégé de l'éducation et de la formation grade principal (classes préparatoires, BTS, centres de formation, universités)",أستاذ مبرز للتربية و التكوين من الدرجة الممتازة العامل بالأقسام التحضيرية أو بأقسام تحضير شهادة التقني العالي أو بمراكز التكوين أو بالمؤسسات الجامعية,Corps d'éducation et d'enseignement,06,870,27861.38,18457.79
285,"Professeur agrégé de l'éducation et de la formation grade principal (classes préparatoires, BTS, centres de formation, universités)",أستاذ مبرز للتربية و التكوين من الدرجة الممتازة العامل بالأقسام التحضيرية أو بأقسام تحضير شهادة التقني العالي أو بمراكز التكوين أو بالمؤسسات الجامعية,Corps d'éducation et d'enseignement,07,900,28020.5,18544.01
285,"Professeur agrégé de l'éducation et de la formation grade principal (classes préparatoires, BTS, centres de formation, universités)",أستاذ مبرز للتربية و التكوين من الدرجة الممتازة العامل بالأقسام التحضيرية أو بأقسام تحضير شهادة التقني العالي أو بمراكز التكوين أو بالمؤسسات الجامعية,Corps d'éducation et d'enseignement,08,930,28179.63,18630.22
287,Professeur agrégé de l'éducation et de la formation grade principal (secondaire qualifié),أستاذ مبرز للتربية و التكوين من الدرجة الممتازة العامل بمؤسسات التعليم الثانوي التأهيلي,Corps d'éducation et d'enseignement,01,704,22955.88,15800.0
287,Professeur agrégé de l'éducation et de la formation grade principal (secondaire qualifié),أستاذ مبرز للتربية و التكوين من الدرجة الممتازة العامل بمؤسسات التعليم الثانوي التأهيلي,Corps d'éducation et d'enseignement,02,746,23178.66,15920.7
287,Professeur agrégé de l'éducation et de la formation grade principal (secondaire qualifié),أستاذ مبرز للتربية و التكوين من الدرجة الممتازة العامل بمؤسسات التعليم الثانوي التأهيلي,Corps d'éducation et d'enseignement,03,779,25272.7,17055.25
287,Professeur agrégé de l'éducation et de la formation grade principal (secondaire qualifié),أستاذ مبرز للتربية و التكوين من الدرجة الممتازة العامل بمؤسسات التعليم الثانوي التأهيلي,Corps d'éducation et d'enseignement,04,812,25447.73,17150.08
287,Professeur agrégé de l'éducation et de la formation grade principal (secondaire qualifié),أستاذ مبرز للتربية و التكوين من الدرجة الممتازة العامل بمؤسسات التعليم الثانوي التأهيلي,Corps d'éducation et d'enseignement,05,840,25596.25,17230.55
287,Professeur agrégé de l'éducation et de la formation grade principal (secondaire qualifié),أستاذ مبرز للتربية و التكوين من الدرجة الممتازة العامل بمؤسسات التعليم الثانوي التأهيلي,Corps d'éducation et d'enseignement,06,870,25755.38,17316.76
287,Professeur agrégé de l'éducation et de la formation grade principal (secondaire qualifié),أستاذ مبرز للتربية و التكوين من الدرجة الممتازة العامل بمؤسسات التعليم الثانوي التأهيلي,Corps d'éducation et d'enseignement,07,900,25914.5,17402.98
287,Professeur agrégé de l'éducation et de la formation grade principal (secondaire qualifié),أستاذ مبرز للتربية و التكوين من الدرجة الممتازة العامل بمؤسسات التعليم الثانوي التأهيلي,Corps d'éducation et d'enseignement,08,930,26073.63,17489.19
277,Professeur de l'enseignement primaire 1er grade,أستاذ التعليم الابتدائي من الدرجة الأولى,Corps d'éducation et d'enseignement,01,336,11855.95,9512.28
277,Professeur de l'enseignement primaire 1er grade,أستاذ التعليم الابتدائي من الدرجة الأولى,Corps d'éducation et d'enseignement,02,369,12030.99,9617.65
277,Professeur de l'enseignement primaire 1er grade,أستاذ التعليم الابتدائي من الدرجة الأولى,Corps d'éducation et d'enseignement,03,403,12211.33,9726.22
277,Professeur de l'enseignement primaire 1er grade,أستاذ التعليم الابتدائي من الدرجة الأولى,Corps d'éducation et d'enseignement,04,436,12386.37,9831.59
277,Professeur de l'enseignement primaire 1er grade,أستاذ التعليم الابتدائي من الدرجة الأولى,Corps d'éducation et d'enseignement,05,472,12577.32,9946.54
277,Professeur de l'enseignement primaire 1er grade,أستاذ التعليم الابتدائي من الدرجة الأولى,Corps d'éducation et d'enseignement,06,509,17008.57,12479.06
277,Professeur de l'enseignement primaire 1er grade,أستاذ التعليم الابتدائي من الدرجة الأولى,Corps d'éducation et d'enseignement,07,542,17183.61,12578.42
277,Professeur de l'enseignement primaire 1er grade,أستاذ التعليم الابتدائي من الدرجة الأولى,Corps d'éducation et d'enseignement,08,574,17353.34,12674.76
277,Professeur de l'enseignement primaire 1er grade,أستاذ التعليم الابتدائي من الدرجة الأولى,Corps d'éducation et d'enseignement,09,606,17523.08,12771.1
277,Professeur de l'enseignement primaire 1er grade,أستاذ التعليم الابتدائي من الدرجة الأولى,Corps d'éducation et d'enseignement,10,639,17698.11,12870.45
277,Professeur de l'enseignement primaire 1er grade,أستاذ التعليم الابتدائي من الدرجة الأولى,Corps d'éducation et d'enseignement,11,675,18304.06,13214.39
277,Professeur de l'enseignement primaire 1er grade,أستاذ التعليم الابتدائي من الدرجة الأولى,Corps d'éducation et d'enseignement,12,690,18383.63,13259.55
277,Professeur de l'enseignement primaire 1er grade,أستاذ التعليم الابتدائي من الدرجة الأولى,Corps d'éducation et d'enseignement,13,704,18457.88,13301.69
278,Professeur de l'enseignement primaire grade principal,أستاذ التعليم الابتدائي من الدرجة الممتازة,Corps d'éducation et d'enseignement,01,704,19740.88,14029.93
278,Professeur de l'enseignement primaire grade principal,أستاذ التعليم الابتدائي من الدرجة الممتازة,Corps d'éducation et d'enseignement,02,746,19963.66,14156.37
278,Professeur de l'enseignement primaire grade principal,أستاذ التعليم الابتدائي من الدرجة الممتازة,Corps d'éducation et d'enseignement,03,779,22057.7,15313.36
278,Professeur de l'enseignement primaire grade principal,أستاذ التعليم الابتدائي من الدرجة الممتازة,Corps d'éducation et d'enseignement,04,812,22232.73,15408.19
278,Professeur de l'enseignement primaire grade principal,أستاذ التعليم الابتدائي من الدرجة الممتازة,Corps d'éducation et d'enseignement,05,840,22381.25,15488.66
278,Professeur de l'enseignement primaire grade principal,أستاذ التعليم الابتدائي من الدرجة الممتازة,Corps d'éducation et d'enseignement,06,870,22540.38,15574.88
278,Professeur de l'enseignement primaire grade principal,أستاذ التعليم الابتدائي من الدرجة الممتازة,Corps d'éducation et d'enseignement,07,900,22699.5,15661.09
278,Professeur de l'enseignement primaire grade principal,أستاذ التعليم الابتدائي من الدرجة الممتازة,Corps d'éducation et d'enseignement,08,930,22858.63,15747.3
279,Professeur de l'enseignement secondaire collégial 1er grade,أستاذ التعليم الثانوي الإعدادي من الدرجة الأولى,Corps d'éducation et d'enseignement,01,336,11855.95,9512.28
279,Professeur de l'enseignement secondaire collégial 1er grade,أستاذ التعليم الثانوي الإعدادي من الدرجة الأولى,Corps d'éducation et d'enseignement,02,369,12030.99,9617.65
279,Professeur de l'enseignement secondaire collégial 1er grade,أستاذ التعليم الثانوي الإعدادي من الدرجة الأولى,Corps d'éducation et d'enseignement,03,403,12211.33,9726.22
279,Professeur de l'enseignement secondaire collégial 1er grade,أستاذ التعليم الثانوي الإعدادي من الدرجة الأولى,Corps d'éducation et d'enseignement,04,436,12386.37,9831.59
279,Professeur de l'enseignement secondaire collégial 1er grade,أستاذ التعليم الثانوي الإعدادي من الدرجة الأولى,Corps d'éducation et d'enseignement,05,472,12577.32,9946.54
279,Professeur de l'enseignement secondaire collégial 1er grade,أستاذ التعليم الثانوي الإعدادي من الدرجة الأولى,Corps d'éducation et d'enseignement,06,509,17008.57,12479.06
279,Professeur de l'enseignement secondaire collégial 1er grade,أستاذ التعليم الثانوي الإعدادي من الدرجة الأولى,Corps d'éducation et d'enseignement,07,542,17183.61,12578.42
279,Professeur de l'enseignement secondaire collégial 1er grade,أستاذ التعليم الثانوي الإعدادي من الدرجة الأولى,Corps d'éducation et d'enseignement,08,574,17353.34,12674.76
279,Professeur de l'enseignement secondaire collégial 1er grade,أستاذ التعليم الثانوي الإعدادي من الدرجة الأولى,Corps d'éducation et d'enseignement,09,606,17523.08,12771.1
279,Professeur de l'enseignement secondaire collégial 1er grade,أستاذ التعليم الثانوي الإعدادي من الدرجة الأولى,Corps d'éducation et d'enseignement,10,639,17698.11,12870.45
279,Professeur de l'enseignement secondaire collégial 1er grade,أستاذ التعليم الثانوي الإعدادي من الدرجة الأولى,Corps d'éducation et d'enseignement,11,675,18304.06,13214.39
279,Professeur de l'enseignement secondaire collégial 1er grade,أستاذ التعليم الثانوي الإعدادي من الدرجة الأولى,Corps d'éducation et d'enseignement,12,690,18383.63,13259.55
279,Professeur de l'enseignement secondaire collégial 1er grade,أستاذ التعليم الثانوي الإعدادي من الدرجة الأولى,Corps d'éducation et d'enseignement,13,704,18457.88,13301.69
280,Professeur de l'enseignement secondaire collégial grade principal,أستاذ التعليم الثانوي الإعدادي من الدرجة الممتازة,Corps d'éducation et d'enseignement,01,704,19740.88,14029.93
280,Professeur de l'enseignement secondaire collégial grade principal,أستاذ التعليم الثانوي الإعدادي من الدرجة الممتازة,Corps d'éducation et d'enseignement,02,746,19963.66,14156.37
280,Professeur de l'enseignement secondaire collégial grade principal,أستاذ التعليم الثانوي الإعدادي من الدرجة الممتازة,Corps d'éducation et d'enseignement,03,779,22057.7,15313.36
280,Professeur de l'enseignement secondaire collégial grade principal,أستاذ التعليم الثانوي الإعدادي من الدرجة الممتازة,Corps d'éducation et d'enseignement,04,812,22232.73,15408.19
280,Professeur de l'enseignement secondaire collégial grade principal,أستاذ التعليم الثانوي الإعدادي من الدرجة الممتازة,Corps d'éducation et d'enseignement,05,840,22381.25,15488.66
280,Professeur de l'enseignement secondaire collégial grade principal,أستاذ التعليم الثانوي الإعدادي من الدرجة الممتازة,Corps d'éducation et d'enseignement,06,870,22540.38,15574.88
280,Professeur de l'enseignement secondaire collégial grade principal,أستاذ التعليم الثانوي الإعدادي من الدرجة الممتازة,Corps d'éducation et d'enseignement,07,900,22699.5,15661.09
280,Professeur de l'enseignement secondaire collégial grade principal,أستاذ التعليم الثانوي الإعدادي من الدرجة الممتازة,Corps d'éducation et d'enseignement,08,930,22858.63,15747.3
281,Professeur de l'enseignement secondaire qualifié grade principal,أستاذ التعليم الثانوي التأهيلي من الدرجة الممتازة,Corps d'éducation et d'enseignement,01,704,20547.88,14487.98
281,Professeur de l'enseignement secondaire qualifié grade principal,أستاذ التعليم الثانوي التأهيلي من الدرجة الممتازة,Corps d'éducation et d'enseignement,02,746,20770.66,14614.43
281,Professeur de l'enseignement secondaire qualifié grade principal,أستاذ التعليم الثانوي التأهيلي من الدرجة الممتازة,Corps d'éducation et d'enseignement,03,779,22864.7,15750.59
281,Professeur de l'enseignement secondaire qualifié grade principal,أستاذ التعليم الثانوي التأهيلي من الدرجة الممتازة,Corps d'éducation et d'enseignement,04,812,23039.73,15845.43
281,Professeur de l'enseignement secondaire qualifié grade principal,أستاذ التعليم الثانوي التأهيلي من الدرجة الممتازة,Corps d'éducation et d'enseignement,05,840,23188.25,15925.89
281,Professeur de l'enseignement secondaire qualifié grade principal,أستاذ التعليم الثانوي التأهيلي من الدرجة الممتازة,Corps d'éducation et d'enseignement,06,870,23347.38,16012.11
281,Professeur de l'enseignement secondaire qualifié grade principal,أستاذ التعليم الثانوي التأهيلي من الدرجة الممتازة,Corps d'éducation et d'enseignement,07,900,23506.5,16098.32
281,Professeur de l'enseignement secondaire qualifié grade principal,أستاذ التعليم الثانوي التأهيلي من الدرجة الممتازة,Corps d'éducation et d'enseignement,08,930,23665.63,16184.54
289,Spécialiste pédagogique 1er grade,مختص تربوي من الدرجة الأولى,Corps d'éducation et d'enseignement,01,336,11855.95,9512.28
289,Spécialiste pédagogique 1er grade,مختص تربوي من الدرجة الأولى,Corps d'éducation et d'enseignement,02,369,12030.99,9617.65
289,Spécialiste pédagogique 1er grade,مختص تربوي من الدرجة الأولى,Corps d'éducation et d'enseignement,03,403,12211.33,9726.22
289,Spécialiste pédagogique 1er grade,مختص تربوي من الدرجة الأولى,Corps d'éducation et d'enseignement,04,436,12386.37,9831.59
289,Spécialiste pédagogique 1er grade,مختص تربوي من الدرجة الأولى,Corps d'éducation et d'enseignement,05,472,12577.32,9946.54
289,Spécialiste pédagogique 1er grade,مختص تربوي من الدرجة الأولى,Corps d'éducation et d'enseignement,06,509,17008.57,12479.06
289,Spécialiste pédagogique 1er grade,مختص تربوي من الدرجة الأولى,Corps d'éducation et d'enseignement,07,542,17183.61,12578.42
289,Spécialiste pédagogique 1er grade,مختص تربوي من الدرجة الأولى,Corps d'éducation et d'enseignement,08,574,17353.34,12674.76
289,Spécialiste pédagogique 1er grade,مختص تربوي من الدرجة الأولى,Corps d'éducation et d'enseignement,09,606,17523.08,12771.1
289,Spécialiste pédagogique 1er grade,مختص تربوي من الدرجة الأولى,Corps d'éducation et d'enseignement,10,639,17698.11,12870.45
289,Spécialiste pédagogique 1er grade,مختص تربوي من الدرجة الأولى,Corps d'éducation et d'enseignement,11,675,18304.06,13214.39
289,Spécialiste pédagogique 1er grade,مختص تربوي من الدرجة الأولى,Corps d'éducation et d'enseignement,12,690,18383.63,13259.55
289,Spécialiste pédagogique 1er grade,مختص تربوي من الدرجة الأولى,Corps d'éducation et d'enseignement,13,704,18457.88,13301.69
290,Spécialiste pédagogique grade principal,مختص تربوي من الدرجة الممتازة,Corps d'éducation et d'enseignement,01,704,19740.88,14029.93
290,Spécialiste pédagogique grade principal,مختص تربوي من الدرجة الممتازة,Corps d'éducation et d'enseignement,02,746,19963.66,14156.37
290,Spécialiste pédagogique grade principal,مختص تربوي من الدرجة الممتازة,Corps d'éducation et d'enseignement,03,779,22057.7,15313.36
290,Spécialiste pédagogique grade principal,مختص تربوي من الدرجة الممتازة,Corps d'éducation et d'enseignement,04,812,22232.73,15408.19
290,Spécialiste pédagogique grade principal,مختص تربوي من الدرجة الممتازة,Corps d'éducation et d'enseignement,05,840,22381.25,15488.66
290,Spécialiste pédagogique grade principal,مختص تربوي من الدرجة الممتازة,Corps d'éducation et d'enseignement,06,870,22540.38,15574.88
290,Spécialiste pédagogique grade principal,مختص تربوي من الدرجة الممتازة,Corps d'éducation et d'enseignement,07,900,22699.5,15661.09
290,Spécialiste pédagogique grade principal,مختص تربوي من الدرجة الممتازة,Corps d'éducation et d'enseignement,08,930,22858.63,15747.3
291,Spécialiste social 1er grade,مختص اجتماعي من الدرجة الأولى,Corps d'éducation et d'enseignement,01,336,11855.95,9512.28
291,Spécialiste social 1er grade,مختص اجتماعي من الدرجة الأولى,Corps d'éducation et d'enseignement,02,369,12030.99,9617.65
291,Spécialiste social 1er grade,مختص اجتماعي من الدرجة الأولى,Corps d'éducation et d'enseignement,03,403,12211.33,9726.22
291,Spécialiste social 1er grade,مختص اجتماعي من الدرجة الأولى,Corps d'éducation et d'enseignement,04,436,12386.37,9831.59
291,Spécialiste social 1er grade,مختص اجتماعي من الدرجة الأولى,Corps d'éducation et d'enseignement,05,472,12577.32,9946.54
291,Spécialiste social 1er grade,مختص اجتماعي من الدرجة الأولى,Corps d'éducation et d'enseignement,06,509,17008.57,12479.06
291,Spécialiste social 1er grade,مختص اجتماعي من الدرجة الأولى,Corps d'éducation et d'enseignement,07,542,17183.61,12578.42
291,Spécialiste social 1er grade,مختص اجتماعي من الدرجة الأولى,Corps d'éducation et d'enseignement,08,574,17353.34,12674.76
291,Spécialiste social 1er grade,مختص اجتماعي من الدرجة الأولى,Corps d'éducation et d'enseignement,09,606,17523.08,12771.1
291,Spécialiste social 1er grade,مختص اجتماعي من الدرجة الأولى,Corps d'éducation et d'enseignement,10,639,17698.11,12870.45
291,Spécialiste social 1er grade,مختص اجتماعي من الدرجة الأولى,Corps d'éducation et d'enseignement,11,675,18304.06,13214.39
291,Spécialiste social 1er grade,مختص اجتماعي من الدرجة الأولى,Corps d'éducation et d'enseignement,12,690,18383.63,13259.55
291,Spécialiste social 1er grade,مختص اجتماعي من الدرجة الأولى,Corps d'éducation et d'enseignement,13,704,18457.88,13301.69
292,Spécialiste social grade principal,مختص اجتماعي من الدرجة الممتازة,Corps d'éducation et d'enseignement,01,704,19740.88,14029.93
292,Spécialiste social grade principal,مختص اجتماعي من الدرجة الممتازة,Corps d'éducation et d'enseignement,02,746,19963.66,14156.37
292,Spécialiste social grade principal,مختص اجتماعي من الدرجة الممتازة,Corps d'éducation et d'enseignement,03,779,22057.7,15313.36
292,Spécialiste social grade principal,مختص اجتماعي من الدرجة الممتازة,Corps d'éducation et d'enseignement,04,812,22232.73,15408.19
292,Spécialiste social grade principal,مختص اجتماعي من الدرجة الممتازة,Corps d'éducation et d'enseignement,05,840,22381.25,15488.66
292,Spécialiste social grade principal,مختص اجتماعي من الدرجة الممتازة,Corps d'éducation et d'enseignement,06,870,22540.38,15574.88
292,Spécialiste social grade principal,مختص اجتماعي من الدرجة الممتازة,Corps d'éducation et d'enseignement,07,900,22699.5,15661.09
292,Spécialiste social grade principal,مختص اجتماعي من الدرجة الممتازة,Corps d'éducation et d'enseignement,08,930,22858.63,15747.3
227,Grade exceptionnel d'inspecteur de l'administration territoriale,مفتش من الدرجة الممتازة,Corps de l'inspection générale de l'Administration territoriale,01,870,38885.38,24430.6
227,Grade exceptionnel d'inspecteur de l'administration territoriale,مفتش من الدرجة الممتازة,Corps de l'inspection générale de l'Administration territoriale,02,890,38991.46,24488.07
227,Grade exceptionnel d'inspecteur de l'administration territoriale,مفتش من الدرجة الممتازة,Corps de l'inspection générale de l'Administration territoriale,03,910,39097.54,24545.55
227,Grade exceptionnel d'inspecteur de l'administration territoriale,مفتش من الدرجة الممتازة,Corps de l'inspection générale de l'Administration territoriale,04,940,39256.67,24631.76
100,Inspecteur de l'administration territoriale,مفتش الإدارة الترابية,Corps de l'inspection générale de l'Administration territoriale,01,336,15573.95,11664.77
100,Inspecteur de l'administration territoriale,مفتش الإدارة الترابية,Corps de l'inspection générale de l'Administration territoriale,02,374,15775.51,11779.18
100,Inspecteur de l'administration territoriale,مفتش الإدارة الترابية,Corps de l'inspection générale de l'Administration territoriale,03,408,15955.85,11881.54
100,Inspecteur de l'administration territoriale,مفتش الإدارة الترابية,Corps de l'inspection générale de l'Administration territoriale,04,441,16130.89,11980.89
100,Inspecteur de l'administration territoriale,مفتش الإدارة الترابية,Corps de l'inspection générale de l'Administration territoriale,05,477,16321.84,12089.27
100,Inspecteur de l'administration territoriale,مفتش الإدارة الترابية,Corps de l'inspection générale de l'Administration territoriale,06,514,21267.09,14885.01
100,Inspecteur de l'administration territoriale,مفتش الإدارة الترابية,Corps de l'inspection générale de l'Administration territoriale,07,547,21442.13,14979.85
100,Inspecteur de l'administration territoriale,مفتش الإدارة الترابية,Corps de l'inspection générale de l'Administration territoriale,08,579,21611.86,15071.81
100,Inspecteur de l'administration territoriale,مفتش الإدارة الترابية,Corps de l'inspection générale de l'Administration territoriale,09,611,21781.6,15163.77
100,Inspecteur de l'administration territoriale,مفتش الإدارة الترابية,Corps de l'inspection générale de l'Administration territoriale,10,639,21930.11,15244.23
100,Inspecteur de l'administration territoriale,مفتش الإدارة الترابية,Corps de l'inspection générale de l'Administration territoriale,ex,704,22274.88,15431.03
228,Inspecteur de l'administration territoriale chef de mission,مفتش رئيس بعثة,Corps de l'inspection générale de l'Administration territoriale,01,704,25673.88,17272.61
228,Inspecteur de l'administration territoriale chef de mission,مفتش رئيس بعثة,Corps de l'inspection générale de l'Administration territoriale,02,746,25896.66,17393.31
228,Inspecteur de l'administration territoriale chef de mission,مفتش رئيس بعثة,Corps de l'inspection générale de l'Administration territoriale,03,779,26071.7,17488.14
228,Inspecteur de l'administration territoriale chef de mission,مفتش رئيس بعثة,Corps de l'inspection générale de l'Administration territoriale,04,812,26246.73,17582.98
228,Inspecteur de l'administration territoriale chef de mission,مفتش رئيس بعثة,Corps de l'inspection générale de l'Administration territoriale,05,840,26395.25,17663.45
228,Inspecteur de l'administration territoriale chef de mission,مفتش رئيس بعثة,Corps de l'inspection générale de l'Administration territoriale,06,870,26554.38,17749.66
336,Grade exceptionnel d'inspecteur des finances,مفتش للمالية من الدرجة الممتازة,Corps de l'inspection générale des finances,01,870,40761.38,25447.01
336,Grade exceptionnel d'inspecteur des finances,مفتش للمالية من الدرجة الممتازة,Corps de l'inspection générale des finances,02,890,40867.46,25504.49
336,Grade exceptionnel d'inspecteur des finances,مفتش للمالية من الدرجة الممتازة,Corps de l'inspection générale des finances,03,910,40973.54,25561.96
336,Grade exceptionnel d'inspecteur des finances,مفتش للمالية من الدرجة الممتازة,Corps de l'inspection générale des finances,04,940,41132.67,25648.18
66,Inspecteur des Finances,مفتش المالية,Corps de l'inspection générale des finances,01,336,17356.95,12676.8
66,Inspecteur des Finances,مفتش المالية,Corps de l'inspection générale des finances,02,374,17558.51,12791.21
66,Inspecteur des Finances,مفتش المالية,Corps de l'inspection générale des finances,03,408,17738.85,12893.57
66,Inspecteur des Finances,مفتش المالية,Corps de l'inspection générale des finances,04,441,17913.89,12992.92
66,Inspecteur des Finances,مفتش المالية,Corps de l'inspection générale des finances,05,477,18104.84,13101.31
66,Inspecteur des Finances,مفتش المالية,Corps de l'inspection générale des finances,06,514,23143.09,15901.43
66,Inspecteur des Finances,مفتش المالية,Corps de l'inspection générale des finances,07,547,23318.13,15996.26
66,Inspecteur des Finances,مفتش المالية,Corps de l'inspection générale des finances,08,579,23487.86,16088.22
66,Inspecteur des Finances,مفتش المالية,Corps de l'inspection générale des finances,09,611,23657.6,16180.19
66,Inspecteur des Finances,مفتش المالية,Corps de l'inspection générale des finances,10,639,23806.11,16260.65
66,Inspecteur des Finances,مفتش المالية,Corps de l'inspection générale des finances,ex,704,24150.88,16447.45
337,Inspecteur des finances chef de mission,مفتش للمالية رئيس بعثة,Corps de l'inspection générale des finances,01,704,27549.88,18289.03
337,Inspecteur des finances chef de mission,مفتش للمالية رئيس بعثة,Corps de l'inspection générale des finances,02,746,27772.66,18409.73
337,Inspecteur des finances chef de mission,مفتش للمالية رئيس بعثة,Corps de l'inspection générale des finances,03,779,27947.7,18504.56
337,Inspecteur des finances chef de mission,مفتش للمالية رئيس بعثة,Corps de l'inspection générale des finances,04,812,28122.73,18599.4
337,Inspecteur des finances chef de mission,مفتش للمالية رئيس بعثة,Corps de l'inspection générale des finances,05,840,28271.25,18679.86
337,Inspecteur des finances chef de mission,مفتش للمالية رئيس بعثة,Corps de l'inspection générale des finances,06,870,28430.38,18766.08
316,Administrateur de l'éducation nationale de 2ème grade,متصرف التربية الوطنية من الدرجة الثانية,Corps des administrateurs de l'éducation nationale,01,275,8848.4,7363.45
316,Administrateur de l'éducation nationale de 2ème grade,متصرف التربية الوطنية من الدرجة الثانية,Corps des administrateurs de l'éducation nationale,02,300,8981.0,7461.31
316,Administrateur de l'éducation nationale de 2ème grade,متصرف التربية الوطنية من الدرجة الثانية,Corps des administrateurs de l'éducation nationale,03,326,9118.91,7563.09
316,Administrateur de l'éducation nationale de 2ème grade,متصرف التربية الوطنية من الدرجة الثانية,Corps des administrateurs de l'éducation nationale,04,351,9251.51,7660.95
316,Administrateur de l'éducation nationale de 2ème grade,متصرف التربية الوطنية من الدرجة الثانية,Corps des administrateurs de l'éducation nationale,05,377,9389.42,7762.73
316,Administrateur de l'éducation nationale de 2ème grade,متصرف التربية الوطنية من الدرجة الثانية,Corps des administrateurs de l'éducation nationale,06,402,10409.02,8515.19
316,Administrateur de l'éducation nationale de 2ème grade,متصرف التربية الوطنية من الدرجة الثانية,Corps des administrateurs de l'éducation nationale,07,428,10546.93,8616.97
316,Administrateur de l'éducation nationale de 2ème grade,متصرف التربية الوطنية من الدرجة الثانية,Corps des administrateurs de l'éducation nationale,08,456,10695.45,8726.58
316,Administrateur de l'éducation nationale de 2ème grade,متصرف التربية الوطنية من الدرجة الثانية,Corps des administrateurs de l'éducation nationale,09,484,10843.97,8836.18
316,Administrateur de l'éducation nationale de 2ème grade,متصرف التربية الوطنية من الدرجة الثانية,Corps des administrateurs de l'éducation nationale,10,512,10992.48,8941.91
316,Administrateur de l'éducation nationale de 2ème grade,متصرف التربية الوطنية من الدرجة الثانية,Corps des administrateurs de l'éducation nationale,ex,564,11268.3,9128.64
315,Administrateur de l'éducation nationale de grade principal,متصرف التربية الوطنية من الدرجة الممتازة,Corps des administrateurs de l'éducation nationale,01,704,19740.88,14029.93
315,Administrateur de l'éducation nationale de grade principal,متصرف التربية الوطنية من الدرجة الممتازة,Corps des administrateurs de l'éducation nationale,02,746,19963.66,14156.37
315,Administrateur de l'éducation nationale de grade principal,متصرف التربية الوطنية من الدرجة الممتازة,Corps des administrateurs de l'éducation nationale,03,779,22057.7,15313.36
315,Administrateur de l'éducation nationale de grade principal,متصرف التربية الوطنية من الدرجة الممتازة,Corps des administrateurs de l'éducation nationale,04,812,22232.73,15408.19
315,Administrateur de l'éducation nationale de grade principal,متصرف التربية الوطنية من الدرجة الممتازة,Corps des administrateurs de l'éducation nationale,05,840,22381.25,15488.66
315,Administrateur de l'éducation nationale de grade principal,متصرف التربية الوطنية من الدرجة الممتازة,Corps des administrateurs de l'éducation nationale,06,870,22540.38,15574.88
315,Administrateur de l'éducation nationale de grade principal,متصرف التربية الوطنية من الدرجة الممتازة,Corps des administrateurs de l'éducation nationale,07,900,22699.5,15661.09
315,Administrateur de l'éducation nationale de grade principal,متصرف التربية الوطنية من الدرجة الممتازة,Corps des administrateurs de l'éducation nationale,08,930,22858.63,15747.3
252,"Assistant du grade ""A"" (Statut du 26/02/1975)","مساعد من الدرجة ""أ"" (نظام 26/02/1975)",Corps des enseignants chercheurs de l'enseignement supérieur (Statut du 26/02/1975),01,326,14009.91,10777.02
252,"Assistant du grade ""A"" (Statut du 26/02/1975)","مساعد من الدرجة ""أ"" (نظام 26/02/1975)",Corps des enseignants chercheurs de l'enseignement supérieur (Statut du 26/02/1975),02,351,14142.51,10852.29
252,"Assistant du grade ""A"" (Statut du 26/02/1975)","مساعد من الدرجة ""أ"" (نظام 26/02/1975)",Corps des enseignants chercheurs de l'enseignement supérieur (Statut du 26/02/1975),03,377,14280.42,10930.57
252,"Assistant du grade ""A"" (Statut du 26/02/1975)","مساعد من الدرجة ""أ"" (نظام 26/02/1975)",Corps des enseignants chercheurs de l'enseignement supérieur (Statut du 26/02/1975),04,402,14413.02,11005.83
252,"Assistant du grade ""A"" (Statut du 26/02/1975)","مساعد من الدرجة ""أ"" (نظام 26/02/1975)",Corps des enseignants chercheurs de l'enseignement supérieur (Statut du 26/02/1975),05,428,14550.93,11084.11
255,"Assistant du grade ""A"" (médecine et pharmacie)","مساعد من الدرجة ""أ"" (الطب والصيدلة)",Corps des enseignants chercheurs de l'enseignement supérieur (Statut du 26/02/1975),01,326,12979.91,10188.9
255,"Assistant du grade ""A"" (médecine et pharmacie)","مساعد من الدرجة ""أ"" (الطب والصيدلة)",Corps des enseignants chercheurs de l'enseignement supérieur (Statut du 26/02/1975),02,351,13632.51,10562.81
255,"Assistant du grade ""A"" (médecine et pharmacie)","مساعد من الدرجة ""أ"" (الطب والصيدلة)",Corps des enseignants chercheurs de l'enseignement supérieur (Statut du 26/02/1975),03,377,14290.42,10936.24
255,"Assistant du grade ""A"" (médecine et pharmacie)","مساعد من الدرجة ""أ"" (الطب والصيدلة)",Corps des enseignants chercheurs de l'enseignement supérieur (Statut du 26/02/1975),04,402,14943.02,11306.66
255,"Assistant du grade ""A"" (médecine et pharmacie)","مساعد من الدرجة ""أ"" (الطب والصيدلة)",Corps des enseignants chercheurs de l'enseignement supérieur (Statut du 26/02/1975),05,428,15600.93,11680.09
251,"Assistant du grade ""B"" (Statut du 26/02/1975)","مساعد من الدرجة ""ب"" (نظام 26/02/1975)",Corps des enseignants chercheurs de l'enseignement supérieur (Statut du 26/02/1975),01,472,20488.32,14454.17
251,"Assistant du grade ""B"" (Statut du 26/02/1975)","مساعد من الدرجة ""ب"" (نظام 26/02/1975)",Corps des enseignants chercheurs de l'enseignement supérieur (Statut du 26/02/1975),02,509,20684.57,14565.56
251,"Assistant du grade ""B"" (Statut du 26/02/1975)","مساعد من الدرجة ""ب"" (نظام 26/02/1975)",Corps des enseignants chercheurs de l'enseignement supérieur (Statut du 26/02/1975),03,542,20859.61,14664.24
251,"Assistant du grade ""B"" (Statut du 26/02/1975)","مساعد من الدرجة ""ب"" (نظام 26/02/1975)",Corps des enseignants chercheurs de l'enseignement supérieur (Statut du 26/02/1975),04,574,24109.34,16424.94
251,"Assistant du grade ""B"" (Statut du 26/02/1975)","مساعد من الدرجة ""ب"" (نظام 26/02/1975)",Corps des enseignants chercheurs de l'enseignement supérieur (Statut du 26/02/1975),05,606,24279.08,16516.9
251,"Assistant du grade ""B"" (Statut du 26/02/1975)","مساعد من الدرجة ""ب"" (نظام 26/02/1975)",Corps des enseignants chercheurs de l'enseignement supérieur (Statut du 26/02/1975),06,639,24454.11,16611.74
251,"Assistant du grade ""B"" (Statut du 26/02/1975)","مساعد من الدرجة ""ب"" (نظام 26/02/1975)",Corps des enseignants chercheurs de l'enseignement supérieur (Statut du 26/02/1975),07,704,24798.88,16798.53
254,"Assistant du grade ""B"" (médecine et pharmacie)","مساعد من الدرجة ""ب"" (الطب والصيدلة)",Corps des enseignants chercheurs de l'enseignement supérieur (Statut du 26/02/1975),01,472,21708.32,15124.07
254,"Assistant du grade ""B"" (médecine et pharmacie)","مساعد من الدرجة ""ب"" (الطب والصيدلة)",Corps des enseignants chercheurs de l'enseignement supérieur (Statut du 26/02/1975),02,509,22424.57,15512.13
254,"Assistant du grade ""B"" (médecine et pharmacie)","مساعد من الدرجة ""ب"" (الطب والصيدلة)",Corps des enseignants chercheurs de l'enseignement supérieur (Statut du 26/02/1975),03,542,23119.61,15888.7
254,"Assistant du grade ""B"" (médecine et pharmacie)","مساعد من الدرجة ""ب"" (الطب والصيدلة)",Corps des enseignants chercheurs de l'enseignement supérieur (Statut du 26/02/1975),04,574,26757.34,17859.63
254,"Assistant du grade ""B"" (médecine et pharmacie)","مساعد من الدرجة ""ب"" (الطب والصيدلة)",Corps des enseignants chercheurs de l'enseignement supérieur (Statut du 26/02/1975),05,606,27447.08,18233.33
254,"Assistant du grade ""B"" (médecine et pharmacie)","مساعد من الدرجة ""ب"" (الطب والصيدلة)",Corps des enseignants chercheurs de l'enseignement supérieur (Statut du 26/02/1975),06,639,28142.11,18609.9
253,"Maître assistant du grade ""A"" (Médecine et Pharmacie)","أستاذ مساعد من الدرجة ""أ"" (الطب والصيدلة)",Corps des enseignants chercheurs de l'enseignement supérieur (Statut du 26/02/1975),01,336,20540.95,14484.04
253,"Maître assistant du grade ""A"" (Médecine et Pharmacie)","أستاذ مساعد من الدرجة ""أ"" (الطب والصيدلة)",Corps des enseignants chercheurs de l'enseignement supérieur (Statut du 26/02/1975),02,369,21435.99,14976.52
253,"Maître assistant du grade ""A"" (Médecine et Pharmacie)","أستاذ مساعد من الدرجة ""أ"" (الطب والصيدلة)",Corps des enseignants chercheurs de l'enseignement supérieur (Statut du 26/02/1975),03,403,22336.33,15464.32
253,"Maître assistant du grade ""A"" (Médecine et Pharmacie)","أستاذ مساعد من الدرجة ""أ"" (الطب والصيدلة)",Corps des enseignants chercheurs de l'enseignement supérieur (Statut du 26/02/1975),04,436,23231.37,15949.25
253,"Maître assistant du grade ""A"" (Médecine et Pharmacie)","أستاذ مساعد من الدرجة ""أ"" (الطب والصيدلة)",Corps des enseignants chercheurs de l'enseignement supérieur (Statut du 26/02/1975),05,472,24142.32,16442.81
250,"Maître assistant du grade ""A"" (Statut du 26/02/1975)","أستاذ مساعد من الدرجة ""أ"" (نظام 26/02/1975)",Corps des enseignants chercheurs de l'enseignement supérieur (Statut du 26/02/1975),01,336,18984.95,13600.86
250,"Maître assistant du grade ""A"" (Statut du 26/02/1975)","أستاذ مساعد من الدرجة ""أ"" (نظام 26/02/1975)",Corps des enseignants chercheurs de l'enseignement supérieur (Statut du 26/02/1975),02,369,19159.99,13700.21
250,"Maître assistant du grade ""A"" (Statut du 26/02/1975)","أستاذ مساعد من الدرجة ""أ"" (نظام 26/02/1975)",Corps des enseignants chercheurs de l'enseignement supérieur (Statut du 26/02/1975),03,403,19340.33,13802.57
250,"Maître assistant du grade ""A"" (Statut du 26/02/1975)","أستاذ مساعد من الدرجة ""أ"" (نظام 26/02/1975)",Corps des enseignants chercheurs de l'enseignement supérieur (Statut du 26/02/1975),04,436,19515.37,13901.92
250,"Maître assistant du grade ""A"" (Statut du 26/02/1975)","أستاذ مساعد من الدرجة ""أ"" (نظام 26/02/1975)",Corps des enseignants chercheurs de l'enseignement supérieur (Statut du 26/02/1975),05,472,19706.32,14010.31
266,Maître de conférence de grade 'A' (Corps des enseignants-chercheurs de l’enseignement supérieur),أستاذ محاضر من الدرجة 'أ' (هيئة الأساتذة الباحثين بالتعليم العالي),Corps des enseignants-chercheurs de l’enseignement supérieur,01,509,25616.57,17241.56
266,Maître de conférence de grade 'A' (Corps des enseignants-chercheurs de l’enseignement supérieur),أستاذ محاضر من الدرجة 'أ' (هيئة الأساتذة الباحثين بالتعليم العالي),Corps des enseignants-chercheurs de l’enseignement supérieur,02,542,25791.61,17336.39
266,Maître de conférence de grade 'A' (Corps des enseignants-chercheurs de l’enseignement supérieur),أستاذ محاضر من الدرجة 'أ' (هيئة الأساتذة الباحثين بالتعليم العالي),Corps des enseignants-chercheurs de l’enseignement supérieur,03,574,25961.34,17428.35
266,Maître de conférence de grade 'A' (Corps des enseignants-chercheurs de l’enseignement supérieur),أستاذ محاضر من الدرجة 'أ' (هيئة الأساتذة الباحثين بالتعليم العالي),Corps des enseignants-chercheurs de l’enseignement supérieur,04,606,26131.08,17520.32
265,Maître de conférence de grade 'B' (Corps des enseignants-chercheurs de l’enseignement supérieur),أستاذ محاضر من الدرجة 'ب' (هيئة الأساتذة الباحثين بالتعليم العالي),Corps des enseignants-chercheurs de l’enseignement supérieur,01,639,28502.11,18804.94
265,Maître de conférence de grade 'B' (Corps des enseignants-chercheurs de l’enseignement supérieur),أستاذ محاضر من الدرجة 'ب' (هيئة الأساتذة الباحثين بالتعليم العالي),Corps des enseignants-chercheurs de l’enseignement supérieur,02,704,28846.88,18991.74
265,Maître de conférence de grade 'B' (Corps des enseignants-chercheurs de l’enseignement supérieur),أستاذ محاضر من الدرجة 'ب' (هيئة الأساتذة الباحثين بالتعليم العالي),Corps des enseignants-chercheurs de l’enseignement supérieur,03,746,29069.66,19112.44
265,Maître de conférence de grade 'B' (Corps des enseignants-chercheurs de l’enseignement supérieur),أستاذ محاضر من الدرجة 'ب' (هيئة الأساتذة الباحثين بالتعليم العالي),Corps des enseignants-chercheurs de l’enseignement supérieur,04,779,29244.7,19207.28
264,Maître de conférence de grade 'C' (Corps des enseignants-chercheurs de l’enseignement supérieur),أستاذ محاضر من الدرجة 'ج' (هيئة الأساتذة الباحثين بالتعليم العالي),Corps des enseignants-chercheurs de l’enseignement supérieur,01,812,31479.73,20418.22
264,Maître de conférence de grade 'C' (Corps des enseignants-chercheurs de l’enseignement supérieur),أستاذ محاضر من الدرجة 'ج' (هيئة الأساتذة الباحثين بالتعليم العالي),Corps des enseignants-chercheurs de l’enseignement supérieur,02,840,31628.25,20498.69
264,Maître de conférence de grade 'C' (Corps des enseignants-chercheurs de l’enseignement supérieur),أستاذ محاضر من الدرجة 'ج' (هيئة الأساتذة الباحثين بالتعليم العالي),Corps des enseignants-chercheurs de l’enseignement supérieur,03,870,31787.38,20584.9
264,Maître de conférence de grade 'C' (Corps des enseignants-chercheurs de l’enseignement supérieur),أستاذ محاضر من الدرجة 'ج' (هيئة الأساتذة الباحثين بالتعليم العالي),Corps des enseignants-chercheurs de l’enseignement supérieur,04,900,31946.5,20671.11
263,Maître de conférence de grade 'D' (Corps des enseignants-chercheurs de l’enseignement supérieur),أستاذ محاضر من الدرجة 'د' (هيئة الأساتذة الباحثين بالتعليم العالي),Corps des enseignants-chercheurs de l’enseignement supérieur,01,930,34045.63,21808.42
263,Maître de conférence de grade 'D' (Corps des enseignants-chercheurs de l’enseignement supérieur),أستاذ محاضر من الدرجة 'د' (هيئة الأساتذة الباحثين بالتعليم العالي),Corps des enseignants-chercheurs de l’enseignement supérieur,02,960,34204.75,21894.63
263,Maître de conférence de grade 'D' (Corps des enseignants-chercheurs de l’enseignement supérieur),أستاذ محاضر من الدرجة 'د' (هيئة الأساتذة الباحثين بالتعليم العالي),Corps des enseignants-chercheurs de l’enseignement supérieur,03,990,34363.88,21980.85
263,Maître de conférence de grade 'D' (Corps des enseignants-chercheurs de l’enseignement supérieur),أستاذ محاضر من الدرجة 'د' (هيئة الأساتذة الباحثين بالتعليم العالي),Corps des enseignants-chercheurs de l’enseignement supérieur,04,1020,34523.0,22067.06
262,Maître de conférence habilité de grade 'A' (Corps des enseignants-chercheurs de l’enseignement supérieur),أستاذ محاضر مؤهل من الدرجة 'أ' (هيئة الأساتذة الباحثين بالتعليم العالي),Corps des enseignants-chercheurs de l’enseignement supérieur,01,580,29459.17,19323.48
262,Maître de conférence habilité de grade 'A' (Corps des enseignants-chercheurs de l’enseignement supérieur),أستاذ محاضر مؤهل من الدرجة 'أ' (هيئة الأساتذة الباحثين بالتعليم العالي),Corps des enseignants-chercheurs de l’enseignement supérieur,02,620,29671.33,19438.43
262,Maître de conférence habilité de grade 'A' (Corps des enseignants-chercheurs de l’enseignement supérieur),أستاذ محاضر مؤهل من الدرجة 'أ' (هيئة الأساتذة الباحثين بالتعليم العالي),Corps des enseignants-chercheurs de l’enseignement supérieur,03,660,29883.5,19553.38
262,Maître de conférence habilité de grade 'A' (Corps des enseignants-chercheurs de l’enseignement supérieur),أستاذ محاضر مؤهل من الدرجة 'أ' (هيئة الأساتذة الباحثين بالتعليم العالي),Corps des enseignants-chercheurs de l’enseignement supérieur,04,720,30201.75,19725.81
261,Maître de conférence habilité de grade 'B' (Corps des enseignants-chercheurs de l’enseignement supérieur),أستاذ محاضر مؤهل من الدرجة 'ب' (هيئة الأساتذة الباحثين بالتعليم العالي),Corps des enseignants-chercheurs de l’enseignement supérieur,01,779,32614.7,21033.14
261,Maître de conférence habilité de grade 'B' (Corps des enseignants-chercheurs de l’enseignement supérieur),أستاذ محاضر مؤهل من الدرجة 'ب' (هيئة الأساتذة الباحثين بالتعليم العالي),Corps des enseignants-chercheurs de l’enseignement supérieur,02,812,32789.73,21127.98
261,Maître de conférence habilité de grade 'B' (Corps des enseignants-chercheurs de l’enseignement supérieur),أستاذ محاضر مؤهل من الدرجة 'ب' (هيئة الأساتذة الباحثين بالتعليم العالي),Corps des enseignants-chercheurs de l’enseignement supérieur,03,840,32938.25,21208.44
261,Maître de conférence habilité de grade 'B' (Corps des enseignants-chercheurs de l’enseignement supérieur),أستاذ محاضر مؤهل من الدرجة 'ب' (هيئة الأساتذة الباحثين بالتعليم العالي),Corps des enseignants-chercheurs de l’enseignement supérieur,04,870,33097.38,21294.66
260,Maître de conférence habilité de grade 'C' (Corps des enseignants-chercheurs de l’enseignement supérieur),أستاذ محاضر مؤهل من الدرجة 'ج' (هيئة الأساتذة الباحثين بالتعليم العالي),Corps des enseignants-chercheurs de l’enseignement supérieur,01,900,35340.5,22509.98
260,Maître de conférence habilité de grade 'C' (Corps des enseignants-chercheurs de l’enseignement supérieur),أستاذ محاضر مؤهل من الدرجة 'ج' (هيئة الأساتذة الباحثين بالتعليم العالي),Corps des enseignants-chercheurs de l’enseignement supérieur,02,930,35499.63,22596.2
260,Maître de conférence habilité de grade 'C' (Corps des enseignants-chercheurs de l’enseignement supérieur),أستاذ محاضر مؤهل من الدرجة 'ج' (هيئة الأساتذة الباحثين بالتعليم العالي),Corps des enseignants-chercheurs de l’enseignement supérieur,03,960,35658.75,22682.41
260,Maître de conférence habilité de grade 'C' (Corps des enseignants-chercheurs de l’enseignement supérieur),أستاذ محاضر مؤهل من الدرجة 'ج' (هيئة الأساتذة الباحثين بالتعليم العالي),Corps des enseignants-chercheurs de l’enseignement supérieur,04,990,35817.88,22768.62
260,Maître de conférence habilité de grade 'C' (Corps des enseignants-chercheurs de l’enseignement supérieur),أستاذ محاضر مؤهل من الدرجة 'ج' (هيئة الأساتذة الباحثين بالتعليم العالي),Corps des enseignants-chercheurs de l’enseignement supérieur,05,1020,35977.0,22854.84
259,Professeur de l'enseignement supérieur de grade 'A' (Corps des enseignants-chercheurs de l’enseignement supérieur),أستاذ التعليم العالي من الدرجة 'أ' (هيئة الأساتذة الباحثين بالتعليم العالي),Corps des enseignants-chercheurs de l’enseignement supérieur,01,760,35327.92,22503.17
259,Professeur de l'enseignement supérieur de grade 'A' (Corps des enseignants-chercheurs de l’enseignement supérieur),أستاذ التعليم العالي من الدرجة 'أ' (هيئة الأساتذة الباحثين بالتعليم العالي),Corps des enseignants-chercheurs de l’enseignement supérieur,02,785,35460.52,22575.01
259,Professeur de l'enseignement supérieur de grade 'A' (Corps des enseignants-chercheurs de l’enseignement supérieur),أستاذ التعليم العالي من الدرجة 'أ' (هيئة الأساتذة الباحثين بالتعليم العالي),Corps des enseignants-chercheurs de l’enseignement supérieur,03,810,35593.13,22646.86
259,Professeur de l'enseignement supérieur de grade 'A' (Corps des enseignants-chercheurs de l’enseignement supérieur),أستاذ التعليم العالي من الدرجة 'أ' (هيئة الأساتذة الباحثين بالتعليم العالي),Corps des enseignants-chercheurs de l’enseignement supérieur,04,835,35725.73,22718.7
258,Professeur de l'enseignement supérieur de grade 'B' (Corps des enseignants-chercheurs de l’enseignement supérieur),أستاذ التعليم العالي من الدرجة 'ب' (هيئة الأساتذة الباحثين بالتعليم العالي),Corps des enseignants-chercheurs de l’enseignement supérieur,01,860,42072.33,26157.29
258,Professeur de l'enseignement supérieur de grade 'B' (Corps des enseignants-chercheurs de l’enseignement supérieur),أستاذ التعليم العالي من الدرجة 'ب' (هيئة الأساتذة الباحثين بالتعليم العالي),Corps des enseignants-chercheurs de l’enseignement supérieur,02,885,42204.94,26229.14
258,Professeur de l'enseignement supérieur de grade 'B' (Corps des enseignants-chercheurs de l’enseignement supérieur),أستاذ التعليم العالي من الدرجة 'ب' (هيئة الأساتذة الباحثين بالتعليم العالي),Corps des enseignants-chercheurs de l’enseignement supérieur,03,915,42364.06,26315.35
258,Professeur de l'enseignement supérieur de grade 'B' (Corps des enseignants-chercheurs de l’enseignement supérieur),أستاذ التعليم العالي من الدرجة 'ب' (هيئة الأساتذة الباحثين بالتعليم العالي),Corps des enseignants-chercheurs de l’enseignement supérieur,04,945,42523.19,26401.56
257,Professeur de l'enseignement supérieur de grade 'C' (Corps des enseignants-chercheurs de l’enseignement supérieur),أستاذ التعليم العالي من الدرجة 'ج' (هيئة الأساتذة الباحثين بالتعليم العالي),Corps des enseignants-chercheurs de l’enseignement supérieur,01,975,48898.31,29855.61
257,Professeur de l'enseignement supérieur de grade 'C' (Corps des enseignants-chercheurs de l’enseignement supérieur),أستاذ التعليم العالي من الدرجة 'ج' (هيئة الأساتذة الباحثين بالتعليم العالي),Corps des enseignants-chercheurs de l’enseignement supérieur,02,1005,49057.44,29941.82
257,Professeur de l'enseignement supérieur de grade 'C' (Corps des enseignants-chercheurs de l’enseignement supérieur),أستاذ التعليم العالي من الدرجة 'ج' (هيئة الأساتذة الباحثين بالتعليم العالي),Corps des enseignants-chercheurs de l’enseignement supérieur,03,1035,49216.56,30028.03
257,Professeur de l'enseignement supérieur de grade 'C' (Corps des enseignants-chercheurs de l’enseignement supérieur),أستاذ التعليم العالي من الدرجة 'ج' (هيئة الأساتذة الباحثين بالتعليم العالي),Corps des enseignants-chercheurs de l’enseignement supérieur,04,1065,49375.69,30114.25
256,Professeur de l'enseignement supérieur de grade 'D' (Corps des enseignants-chercheurs de l’enseignement supérieur),أستاذ التعليم العالي من الدرجة 'د' (هيئة الأساتذة الباحثين بالتعليم العالي),Corps des enseignants-chercheurs de l’enseignement supérieur,01,1095,55160.81,33248.63
256,Professeur de l'enseignement supérieur de grade 'D' (Corps des enseignants-chercheurs de l’enseignement supérieur),أستاذ التعليم العالي من الدرجة 'د' (هيئة الأساتذة الباحثين بالتعليم العالي),Corps des enseignants-chercheurs de l’enseignement supérieur,02,1125,55319.94,33334.84
256,Professeur de l'enseignement supérieur de grade 'D' (Corps des enseignants-chercheurs de l’enseignement supérieur),أستاذ التعليم العالي من الدرجة 'د' (هيئة الأساتذة الباحثين بالتعليم العالي),Corps des enseignants-chercheurs de l’enseignement supérieur,03,1155,55479.06,33421.06
256,Professeur de l'enseignement supérieur de grade 'D' (Corps des enseignants-chercheurs de l’enseignement supérieur),أستاذ التعليم العالي من الدرجة 'د' (هيئة الأساتذة الباحثين بالتعليم العالي),Corps des enseignants-chercheurs de l’enseignement supérieur,04,1185,55638.19,33507.27
256,Professeur de l'enseignement supérieur de grade 'D' (Corps des enseignants-chercheurs de l’enseignement supérieur),أستاذ التعليم العالي من الدرجة 'د' (هيئة الأساتذة الباحثين بالتعليم العالي),Corps des enseignants-chercheurs de l’enseignement supérieur,05,1215,55797.31,33593.48
272,"Professeur agrégé de grade ""A"" (médecine et pharmacie)","الأساتذة المبرزون من الدرجة ""أ""","Corps des enseignants-chercheurs de médecine, de pharmacie et de médecine dentaire",01,580,42807.17,26555.42
272,"Professeur agrégé de grade ""A"" (médecine et pharmacie)","الأساتذة المبرزون من الدرجة ""أ""","Corps des enseignants-chercheurs de médecine, de pharmacie et de médecine dentaire",02,620,43939.33,27168.83
272,"Professeur agrégé de grade ""A"" (médecine et pharmacie)","الأساتذة المبرزون من الدرجة ""أ""","Corps des enseignants-chercheurs de médecine, de pharmacie et de médecine dentaire",03,660,45071.5,27782.24
272,"Professeur agrégé de grade ""A"" (médecine et pharmacie)","الأساتذة المبرزون من الدرجة ""أ""","Corps des enseignants-chercheurs de médecine, de pharmacie et de médecine dentaire",04,720,46309.75,28453.12
271,"Professeur agrégé de grade ""B"" (médecine et pharmacie)","الأساتذة المبرزون من الدرجة ""ب""","Corps des enseignants-chercheurs de médecine, de pharmacie et de médecine dentaire",01,779,49758.7,30321.76
271,"Professeur agrégé de grade ""B"" (médecine et pharmacie)","الأساتذة المبرزون من الدرجة ""ب""","Corps des enseignants-chercheurs de médecine, de pharmacie et de médecine dentaire",02,812,50853.73,30915.05
271,"Professeur agrégé de grade ""B"" (médecine et pharmacie)","الأساتذة المبرزون من الدرجة ""ب""","Corps des enseignants-chercheurs de médecine, de pharmacie et de médecine dentaire",03,840,51922.25,31493.98
271,"Professeur agrégé de grade ""B"" (médecine et pharmacie)","الأساتذة المبرزون من الدرجة ""ب""","Corps des enseignants-chercheurs de médecine, de pharmacie et de médecine dentaire",04,870,53001.38,32078.64
270,"Professeur agrégé de grade ""C"" (médecine et pharmacie)","الأساتذة المبرزون من الدرجة ""ج""","Corps des enseignants-chercheurs de médecine, de pharmacie et de médecine dentaire",01,900,56056.5,33733.91
270,"Professeur agrégé de grade ""C"" (médecine et pharmacie)","الأساتذة المبرزون من الدرجة ""ج""","Corps des enseignants-chercheurs de médecine, de pharmacie et de médecine dentaire",02,930,57135.63,34318.58
270,"Professeur agrégé de grade ""C"" (médecine et pharmacie)","الأساتذة المبرزون من الدرجة ""ج""","Corps des enseignants-chercheurs de médecine, de pharmacie et de médecine dentaire",03,960,58214.75,34903.25
270,"Professeur agrégé de grade ""C"" (médecine et pharmacie)","الأساتذة المبرزون من الدرجة ""ج""","Corps des enseignants-chercheurs de médecine, de pharmacie et de médecine dentaire",04,990,59293.88,35487.92
270,"Professeur agrégé de grade ""C"" (médecine et pharmacie)","الأساتذة المبرزون من الدرجة ""ج""","Corps des enseignants-chercheurs de médecine, de pharmacie et de médecine dentaire",05,1020,60373.0,36072.59
276,"Professeur assistant de grade ""A"" (Médecine et Pharmacie)","الأساتذة المساعدون من الدرجة ""أ""","Corps des enseignants-chercheurs de médecine, de pharmacie et de médecine dentaire",01,509,33976.57,21771.01
276,"Professeur assistant de grade ""A"" (Médecine et Pharmacie)","الأساتذة المساعدون من الدرجة ""أ""","Corps des enseignants-chercheurs de médecine, de pharmacie et de médecine dentaire",02,542,34871.61,22255.94
276,"Professeur assistant de grade ""A"" (Médecine et Pharmacie)","الأساتذة المساعدون من الدرجة ""أ""","Corps des enseignants-chercheurs de médecine, de pharmacie et de médecine dentaire",03,574,35761.34,22737.99
276,"Professeur assistant de grade ""A"" (Médecine et Pharmacie)","الأساتذة المساعدون من الدرجة ""أ""","Corps des enseignants-chercheurs de médecine, de pharmacie et de médecine dentaire",04,606,36651.07,23220.05
275,"Professeur assistant de grade ""B"" (Médecine et Pharmacie)","الأساتذة المساعدون من الدرجة ""ب""","Corps des enseignants-chercheurs de médecine, de pharmacie et de médecine dentaire",01,639,39731.11,24888.82
275,"Professeur assistant de grade ""B"" (Médecine et Pharmacie)","الأساتذة المساعدون من الدرجة ""ب""","Corps des enseignants-chercheurs de médecine, de pharmacie et de médecine dentaire",02,704,40795.88,25465.71
275,"Professeur assistant de grade ""B"" (Médecine et Pharmacie)","الأساتذة المساعدون من الدرجة ""ب""","Corps des enseignants-chercheurs de médecine, de pharmacie et de médecine dentaire",03,746,41738.66,25976.51
275,"Professeur assistant de grade ""B"" (Médecine et Pharmacie)","الأساتذة المساعدون من الدرجة ""ب""","Corps des enseignants-chercheurs de médecine, de pharmacie et de médecine dentaire",04,779,42633.7,26461.44
274,"Professeur assistant de grade ""C"" (Médecine et Pharmacie)","الأساتذة المساعدون من الدرجة ""ج""","Corps des enseignants-chercheurs de médecine, de pharmacie et de médecine dentaire",01,812,45115.73,27806.2
274,"Professeur assistant de grade ""C"" (Médecine et Pharmacie)","الأساتذة المساعدون من الدرجة ""ج""","Corps des enseignants-chercheurs de médecine, de pharmacie et de médecine dentaire",02,840,45984.25,28276.77
274,"Professeur assistant de grade ""C"" (Médecine et Pharmacie)","الأساتذة المساعدون من الدرجة ""ج""","Corps des enseignants-chercheurs de médecine, de pharmacie et de médecine dentaire",03,870,46863.38,28753.08
274,"Professeur assistant de grade ""C"" (Médecine et Pharmacie)","الأساتذة المساعدون من الدرجة ""ج""","Corps des enseignants-chercheurs de médecine, de pharmacie et de médecine dentaire",04,900,47742.5,29229.39
273,"Professeur assistant de grade ""D"" (médecine et pharmacie)","الأساتذة المساعدون من الدرجة ""د""","Corps des enseignants-chercheurs de médecine, de pharmacie et de médecine dentaire",01,930,50561.63,30756.79
273,"Professeur assistant de grade ""D"" (médecine et pharmacie)","الأساتذة المساعدون من الدرجة ""د""","Corps des enseignants-chercheurs de médecine, de pharmacie et de médecine dentaire",02,960,51440.75,31233.1
273,"Professeur assistant de grade ""D"" (médecine et pharmacie)","الأساتذة المساعدون من الدرجة ""د""","Corps des enseignants-chercheurs de médecine, de pharmacie et de médecine dentaire",03,990,52319.88,31709.41
273,"Professeur assistant de grade ""D"" (médecine et pharmacie)","الأساتذة المساعدون من الدرجة ""د""","Corps des enseignants-chercheurs de médecine, de pharmacie et de médecine dentaire",04,1020,53199.0,32185.72
269,"Professeur de l'enseignement supérieur de grade ""A"" (Médecine et Pharmacie)","أستاذ التعليم العالي من الدرجة ""أ""","Corps des enseignants-chercheurs de médecine, de pharmacie et de médecine dentaire",01,760,53566.92,32385.06
269,"Professeur de l'enseignement supérieur de grade ""A"" (Médecine et Pharmacie)","أستاذ التعليم العالي من الدرجة ""أ""","Corps des enseignants-chercheurs de médecine, de pharmacie et de médecine dentaire",02,785,54819.52,33063.72
269,"Professeur de l'enseignement supérieur de grade ""A"" (Médecine et Pharmacie)","أستاذ التعليم العالي من الدرجة ""أ""","Corps des enseignants-chercheurs de médecine, de pharmacie et de médecine dentaire",03,810,56072.13,33742.38
269,"Professeur de l'enseignement supérieur de grade ""A"" (Médecine et Pharmacie)","أستاذ التعليم العالي من الدرجة ""أ""","Corps des enseignants-chercheurs de médecine, de pharmacie et de médecine dentaire",04,835,57324.73,34421.04
268,"Professeur de l'enseignement supérieur de grade ""B"" (Médecine et Pharmacie)","أستاذ التعليم العالي من الدرجة ""ب""","Corps des enseignants-chercheurs de médecine, de pharmacie et de médecine dentaire",01,860,65382.33,38786.65
268,"Professeur de l'enseignement supérieur de grade ""B"" (Médecine et Pharmacie)","أستاذ التعليم العالي من الدرجة ""ب""","Corps des enseignants-chercheurs de médecine, de pharmacie et de médecine dentaire",02,885,66814.94,39562.83
268,"Professeur de l'enseignement supérieur de grade ""B"" (Médecine et Pharmacie)","أستاذ التعليم العالي من الدرجة ""ب""","Corps des enseignants-chercheurs de médecine, de pharmacie et de médecine dentaire",03,915,68274.06,40353.39
268,"Professeur de l'enseignement supérieur de grade ""B"" (Médecine et Pharmacie)","أستاذ التعليم العالي من الدرجة ""ب""","Corps des enseignants-chercheurs de médecine, de pharmacie et de médecine dentaire",04,945,69733.19,41143.94
267,"Professeur de l'enseignement supérieur de grade ""C"" (Médecine et Pharmacie)","أستاذ التعليم العالي من الدرجة ""ج""","Corps des enseignants-chercheurs de médecine, de pharmacie et de médecine dentaire",01,975,77598.31,45405.27
267,"Professeur de l'enseignement supérieur de grade ""C"" (Médecine et Pharmacie)","أستاذ التعليم العالي من الدرجة ""ج""","Corps des enseignants-chercheurs de médecine, de pharmacie et de médecine dentaire",02,1005,79357.44,46358.36
267,"Professeur de l'enseignement supérieur de grade ""C"" (Médecine et Pharmacie)","أستاذ التعليم العالي من الدرجة ""ج""","Corps des enseignants-chercheurs de médecine, de pharmacie et de médecine dentaire",03,1035,81116.56,47311.45
267,"Professeur de l'enseignement supérieur de grade ""C"" (Médecine et Pharmacie)","أستاذ التعليم العالي من الدرجة ""ج""","Corps des enseignants-chercheurs de médecine, de pharmacie et de médecine dentaire",04,1065,82875.69,48264.55
267,"Professeur de l'enseignement supérieur de grade ""C"" (Médecine et Pharmacie)","أستاذ التعليم العالي من الدرجة ""ج""","Corps des enseignants-chercheurs de médecine, de pharmacie et de médecine dentaire",05,1095,84634.81,49217.64
375,Chef de travaux deuxième grade,رئيس أشغال من الدرجة الثانية,Corps des formateurs des instituts de formation professionnelle,01,235,7112.23,6016.0
375,Chef de travaux deuxième grade,رئيس أشغال من الدرجة الثانية,Corps des formateurs des instituts de formation professionnelle,02,253,7207.7,6092.29
375,Chef de travaux deuxième grade,رئيس أشغال من الدرجة الثانية,Corps des formateurs des instituts de formation professionnelle,03,274,7319.09,6181.29
375,Chef de travaux deuxième grade,رئيس أشغال من الدرجة الثانية,Corps des formateurs des instituts de formation professionnelle,04,296,7435.78,6274.52
375,Chef de travaux deuxième grade,رئيس أشغال من الدرجة الثانية,Corps des formateurs des instituts de formation professionnelle,05,317,7547.17,6363.52
375,Chef de travaux deuxième grade,رئيس أشغال من الدرجة الثانية,Corps des formateurs des instituts de formation professionnelle,06,339,7663.86,6456.76
375,Chef de travaux deuxième grade,رئيس أشغال من الدرجة الثانية,Corps des formateurs des instituts de formation professionnelle,07,361,7780.55,6550.0
375,Chef de travaux deuxième grade,رئيس أشغال من الدرجة الثانية,Corps des formateurs des instituts de formation professionnelle,08,382,7891.94,6638.99
375,Chef de travaux deuxième grade,رئيس أشغال من الدرجة الثانية,Corps des formateurs des instituts de formation professionnelle,09,404,8008.63,6732.23
375,Chef de travaux deuxième grade,رئيس أشغال من الدرجة الثانية,Corps des formateurs des instituts de formation professionnelle,10,438,8188.98,6876.32
376,Chef de travaux troisième grade,رئيس أشغال من الدرجة الثالثة,Corps des formateurs des instituts de formation professionnelle,01,207,6732.71,5712.77
376,Chef de travaux troisième grade,رئيس أشغال من الدرجة الثالثة,Corps des formateurs des instituts de formation professionnelle,02,224,6822.88,5784.82
376,Chef de travaux troisième grade,رئيس أشغال من الدرجة الثالثة,Corps des formateurs des instituts de formation professionnelle,03,241,6913.05,5856.86
376,Chef de travaux troisième grade,رئيس أشغال من الدرجة الثالثة,Corps des formateurs des instituts de formation professionnelle,04,259,7008.53,5933.15
376,Chef de travaux troisième grade,رئيس أشغال من الدرجة الثالثة,Corps des formateurs des instituts de formation professionnelle,05,276,7098.7,6005.19
376,Chef de travaux troisième grade,رئيس أشغال من الدرجة الثالثة,Corps des formateurs des instituts de formation professionnelle,06,293,7188.87,6077.24
376,Chef de travaux troisième grade,رئيس أشغال من الدرجة الثالثة,Corps des formateurs des instituts de formation professionnelle,07,311,7284.35,6153.53
376,Chef de travaux troisième grade,رئيس أشغال من الدرجة الثالثة,Corps des formateurs des instituts de formation professionnelle,08,332,7395.73,6242.52
376,Chef de travaux troisième grade,رئيس أشغال من الدرجة الثالثة,Corps des formateurs des instituts de formation professionnelle,09,353,7507.12,6331.52
376,Chef de travaux troisième grade,رئيس أشغال من الدرجة الثالثة,Corps des formateurs des instituts de formation professionnelle,10,373,7613.2,6416.28
372,Professeur du 1er grade,أستاذ من الدرجة الأولى,Corps des formateurs des instituts de formation professionnelle,01,704,20759.88,14608.31
372,Professeur du 1er grade,أستاذ من الدرجة الأولى,Corps des formateurs des instituts de formation professionnelle,02,746,20982.66,14730.9
372,Professeur du 1er grade,أستاذ من الدرجة الأولى,Corps des formateurs des instituts de formation professionnelle,03,779,21157.7,14825.74
372,Professeur du 1er grade,أستاذ من الدرجة الأولى,Corps des formateurs des instituts de formation professionnelle,04,812,21332.73,14920.57
372,Professeur du 1er grade,أستاذ من الدرجة الأولى,Corps des formateurs des instituts de formation professionnelle,05,840,21481.25,15001.04
372,Professeur du 1er grade,أستاذ من الدرجة الأولى,Corps des formateurs des instituts de formation professionnelle,06,870,21640.38,15087.26
373,Professeur du 2éme grade,أستاذ من الدرجة الثانية,Corps des formateurs des instituts de formation professionnelle,01,336,11018.95,8959.83
373,Professeur du 2éme grade,أستاذ من الدرجة الثانية,Corps des formateurs des instituts de formation professionnelle,02,369,11193.99,9078.33
373,Professeur du 2éme grade,أستاذ من الدرجة الثانية,Corps des formateurs des instituts de formation professionnelle,03,403,11374.33,9200.42
373,Professeur du 2éme grade,أستاذ من الدرجة الثانية,Corps des formateurs des instituts de formation professionnelle,04,436,11549.37,9318.92
373,Professeur du 2éme grade,أستاذ من الدرجة الثانية,Corps des formateurs des instituts de formation professionnelle,05,472,11740.32,9442.67
373,Professeur du 2éme grade,أستاذ من الدرجة الثانية,Corps des formateurs des instituts de formation professionnelle,06,509,16119.57,11974.47
373,Professeur du 2éme grade,أستاذ من الدرجة الثانية,Corps des formateurs des instituts de formation professionnelle,07,542,16294.61,12073.82
373,Professeur du 2éme grade,أستاذ من الدرجة الثانية,Corps des formateurs des instituts de formation professionnelle,08,574,16464.34,12170.16
373,Professeur du 2éme grade,أستاذ من الدرجة الثانية,Corps des formateurs des instituts de formation professionnelle,09,606,16634.08,12266.5
373,Professeur du 2éme grade,أستاذ من الدرجة الثانية,Corps des formateurs des instituts de formation professionnelle,10,639,16809.11,12365.85
373,Professeur du 2éme grade,أستاذ من الدرجة الثانية,Corps des formateurs des instituts de formation professionnelle,ex,704,17153.88,12561.54
335,Infirmier auxiliaire de grade exceptionnel,ممرض مساعد من الدرجة الاستثنائية,Corps des infirmiers et des assistants médicaux,01,336,10917.95,8890.78
335,Infirmier auxiliaire de grade exceptionnel,ممرض مساعد من الدرجة الاستثنائية,Corps des infirmiers et des assistants médicaux,02,369,11092.99,9009.95
335,Infirmier auxiliaire de grade exceptionnel,ممرض مساعد من الدرجة الاستثنائية,Corps des infirmiers et des assistants médicaux,03,403,11273.33,9132.04
335,Infirmier auxiliaire de grade exceptionnel,ممرض مساعد من الدرجة الاستثنائية,Corps des infirmiers et des assistants médicaux,04,436,11448.37,9250.54
335,Infirmier auxiliaire de grade exceptionnel,ممرض مساعد من الدرجة الاستثنائية,Corps des infirmiers et des assistants médicaux,05,472,11639.32,9379.82
335,Infirmier auxiliaire de grade exceptionnel,ممرض مساعد من الدرجة الاستثنائية,Corps des infirmiers et des assistants médicaux,06,509,15704.57,11738.91
335,Infirmier auxiliaire de grade exceptionnel,ممرض مساعد من الدرجة الاستثنائية,Corps des infirmiers et des assistants médicaux,07,542,15879.61,11838.27
335,Infirmier auxiliaire de grade exceptionnel,ممرض مساعد من الدرجة الاستثنائية,Corps des infirmiers et des assistants médicaux,08,574,16049.34,11934.61
335,Infirmier auxiliaire de grade exceptionnel,ممرض مساعد من الدرجة الاستثنائية,Corps des infirmiers et des assistants médicaux,09,606,16219.08,12030.95
335,Infirmier auxiliaire de grade exceptionnel,ممرض مساعد من الدرجة الاستثنائية,Corps des infirmiers et des assistants médicaux,10,639,16394.11,12130.3
335,Infirmier auxiliaire de grade exceptionnel,ممرض مساعد من الدرجة الاستثنائية,Corps des infirmiers et des assistants médicaux,ex,704,16738.88,12325.99
332,Infirmier auxiliaire de grade principal,ممرض مساعد من الدرجة الممتازة,Corps des infirmiers et des assistants médicaux,01,275,8285.4,6947.96
332,Infirmier auxiliaire de grade principal,ممرض مساعد من الدرجة الممتازة,Corps des infirmiers et des assistants médicaux,02,300,8418.0,7045.82
332,Infirmier auxiliaire de grade principal,ممرض مساعد من الدرجة الممتازة,Corps des infirmiers et des assistants médicaux,03,326,8555.91,7147.59
332,Infirmier auxiliaire de grade principal,ممرض مساعد من الدرجة الممتازة,Corps des infirmiers et des assistants médicaux,04,351,8688.51,7245.46
332,Infirmier auxiliaire de grade principal,ممرض مساعد من الدرجة الممتازة,Corps des infirmiers et des assistants médicaux,05,377,8826.42,7347.23
332,Infirmier auxiliaire de grade principal,ممرض مساعد من الدرجة الممتازة,Corps des infirmiers et des assistants médicaux,06,402,9661.02,7963.17
332,Infirmier auxiliaire de grade principal,ممرض مساعد من الدرجة الممتازة,Corps des infirmiers et des assistants médicaux,07,428,9798.93,8064.95
332,Infirmier auxiliaire de grade principal,ممرض مساعد من الدرجة الممتازة,Corps des infirmiers et des assistants médicaux,08,456,9947.45,8174.55
332,Infirmier auxiliaire de grade principal,ممرض مساعد من الدرجة الممتازة,Corps des infirmiers et des assistants médicaux,09,484,10095.97,8284.16
332,Infirmier auxiliaire de grade principal,ممرض مساعد من الدرجة الممتازة,Corps des infirmiers et des assistants médicaux,10,512,10244.48,8393.76
332,Infirmier auxiliaire de grade principal,ممرض مساعد من الدرجة الممتازة,Corps des infirmiers et des assistants médicaux,ex,564,10520.3,8597.31
334,Infirmier auxiliaire du deuxiéme grade,ممرض مساعد من الدرجة الثانية,Corps des infirmiers et des assistants médicaux,01,207,6482.71,5575.13
334,Infirmier auxiliaire du deuxiéme grade,ممرض مساعد من الدرجة الثانية,Corps des infirmiers et des assistants médicaux,02,224,6572.88,5585.07
334,Infirmier auxiliaire du deuxiéme grade,ممرض مساعد من الدرجة الثانية,Corps des infirmiers et des assistants médicaux,03,241,6663.05,5657.11
334,Infirmier auxiliaire du deuxiéme grade,ممرض مساعد من الدرجة الثانية,Corps des infirmiers et des assistants médicaux,04,259,6758.53,5733.4
334,Infirmier auxiliaire du deuxiéme grade,ممرض مساعد من الدرجة الثانية,Corps des infirmiers et des assistants médicaux,05,276,6848.7,5805.44
334,Infirmier auxiliaire du deuxiéme grade,ممرض مساعد من الدرجة الثانية,Corps des infirmiers et des assistants médicaux,06,293,6960.87,5895.07
334,Infirmier auxiliaire du deuxiéme grade,ممرض مساعد من الدرجة الثانية,Corps des infirmiers et des assistants médicaux,07,311,7056.35,5971.35
334,Infirmier auxiliaire du deuxiéme grade,ممرض مساعد من الدرجة الثانية,Corps des infirmiers et des assistants médicaux,08,332,7167.73,6060.35
334,Infirmier auxiliaire du deuxiéme grade,ممرض مساعد من الدرجة الثانية,Corps des infirmiers et des assistants médicaux,09,353,7279.12,6149.35
334,Infirmier auxiliaire du deuxiéme grade,ممرض مساعد من الدرجة الثانية,Corps des infirmiers et des assistants médicaux,10,373,7385.2,6234.11
333,Infirmier auxiliaire du premier grade,ممرض مساعد من الدرجة الأولى,Corps des infirmiers et des assistants médicaux,01,235,6852.23,5808.26
333,Infirmier auxiliaire du premier grade,ممرض مساعد من الدرجة الأولى,Corps des infirmiers et des assistants médicaux,02,253,6947.7,5884.55
333,Infirmier auxiliaire du premier grade,ممرض مساعد من الدرجة الأولى,Corps des infirmiers et des assistants médicaux,03,274,7059.09,5973.55
333,Infirmier auxiliaire du premier grade,ممرض مساعد من الدرجة الأولى,Corps des infirmiers et des assistants médicaux,04,296,7175.78,6066.78
333,Infirmier auxiliaire du premier grade,ممرض مساعد من الدرجة الأولى,Corps des infirmiers et des assistants médicaux,05,317,7287.17,6155.78
333,Infirmier auxiliaire du premier grade,ممرض مساعد من الدرجة الأولى,Corps des infirmiers et des assistants médicaux,06,339,7437.86,6276.19
333,Infirmier auxiliaire du premier grade,ممرض مساعد من الدرجة الأولى,Corps des infirmiers et des assistants médicaux,07,361,7554.55,6369.42
333,Infirmier auxiliaire du premier grade,ممرض مساعد من الدرجة الأولى,Corps des infirmiers et des assistants médicaux,08,382,7665.94,6458.42
333,Infirmier auxiliaire du premier grade,ممرض مساعد من الدرجة الأولى,Corps des infirmiers et des assistants médicaux,09,404,7782.63,6551.66
333,Infirmier auxiliaire du premier grade,ممرض مساعد من الدرجة الأولى,Corps des infirmiers et des assistants médicaux,10,438,7962.98,6695.75
440,Assistant médico-social de grade exceptionnel,مساعد في المجال الطبي الاجتماعي من الدرجة الاستثنائية,Corps des infirmiers et des techniciens de santé,01,704,23161.88,16553.09
440,Assistant médico-social de grade exceptionnel,مساعد في المجال الطبي الاجتماعي من الدرجة الاستثنائية,Corps des infirmiers et des techniciens de santé,02,746,23384.66,16673.79
440,Assistant médico-social de grade exceptionnel,مساعد في المجال الطبي الاجتماعي من الدرجة الاستثنائية,Corps des infirmiers et des techniciens de santé,03,779,23559.7,16768.62
440,Assistant médico-social de grade exceptionnel,مساعد في المجال الطبي الاجتماعي من الدرجة الاستثنائية,Corps des infirmiers et des techniciens de santé,04,812,23786.73,16891.63
440,Assistant médico-social de grade exceptionnel,مساعد في المجال الطبي الاجتماعي من الدرجة الاستثنائية,Corps des infirmiers et des techniciens de santé,05,840,23935.25,16972.1
440,Assistant médico-social de grade exceptionnel,مساعد في المجال الطبي الاجتماعي من الدرجة الاستثنائية,Corps des infirmiers et des techniciens de santé,06,870,24094.38,17058.31
79,Assistant médico-social de grade principal,مساعد في المجال الطبي الاجتماعي من الدرجة الممتازة,Corps des infirmiers et des techniciens de santé,01,336,12651.95,10517.57
79,Assistant médico-social de grade principal,مساعد في المجال الطبي الاجتماعي من الدرجة الممتازة,Corps des infirmiers et des techniciens de santé,02,369,12826.99,10636.07
79,Assistant médico-social de grade principal,مساعد في المجال الطبي الاجتماعي من الدرجة الممتازة,Corps des infirmiers et des techniciens de santé,03,403,13007.33,10758.16
79,Assistant médico-social de grade principal,مساعد في المجال الطبي الاجتماعي من الدرجة الممتازة,Corps des infirmiers et des techniciens de santé,04,436,13182.37,10867.98
79,Assistant médico-social de grade principal,مساعد في المجال الطبي الاجتماعي من الدرجة الممتازة,Corps des infirmiers et des techniciens de santé,05,472,13373.32,10982.94
79,Assistant médico-social de grade principal,مساعد في المجال الطبي الاجتماعي من الدرجة الممتازة,Corps des infirmiers et des techniciens de santé,06,509,17487.57,13356.31
79,Assistant médico-social de grade principal,مساعد في المجال الطبي الاجتماعي من الدرجة الممتازة,Corps des infirmiers et des techniciens de santé,07,542,17662.61,13455.66
79,Assistant médico-social de grade principal,مساعد في المجال الطبي الاجتماعي من الدرجة الممتازة,Corps des infirmiers et des techniciens de santé,08,574,17832.34,13552.0
79,Assistant médico-social de grade principal,مساعد في المجال الطبي الاجتماعي من الدرجة الممتازة,Corps des infirmiers et des techniciens de santé,09,606,18002.08,13648.34
79,Assistant médico-social de grade principal,مساعد في المجال الطبي الاجتماعي من الدرجة الممتازة,Corps des infirmiers et des techniciens de santé,10,639,18177.11,13747.69
79,Assistant médico-social de grade principal,مساعد في المجال الطبي الاجتماعي من الدرجة الممتازة,Corps des infirmiers et des techniciens de santé,11,675,18781.06,14090.49
79,Assistant médico-social de grade principal,مساعد في المجال الطبي الاجتماعي من الدرجة الممتازة,Corps des infirmiers et des techniciens de santé,12,690,18860.63,14135.65
79,Assistant médico-social de grade principal,مساعد في المجال الطبي الاجتماعي من الدرجة الممتازة,Corps des infirmiers et des techniciens de santé,13,704,18934.88,14177.8
78,Assistant médico-social de premier grade,مساعد في المجال الطبي الاجتماعي من الدرجة الأولى,Corps des infirmiers et des techniciens de santé,01,275,9789.4,8424.71
78,Assistant médico-social de premier grade,مساعد في المجال الطبي الاجتماعي من الدرجة الأولى,Corps des infirmiers et des techniciens de santé,02,300,9922.0,8522.57
78,Assistant médico-social de premier grade,مساعد في المجال الطبي الاجتماعي من الدرجة الأولى,Corps des infirmiers et des techniciens de santé,03,326,10059.91,8624.35
78,Assistant médico-social de premier grade,مساعد في المجال الطبي الاجتماعي من الدرجة الأولى,Corps des infirmiers et des techniciens de santé,04,351,10192.51,8722.21
78,Assistant médico-social de premier grade,مساعد في المجال الطبي الاجتماعي من الدرجة الأولى,Corps des infirmiers et des techniciens de santé,05,377,10330.42,8823.98
78,Assistant médico-social de premier grade,مساعد في المجال الطبي الاجتماعي من الدرجة الأولى,Corps des infirmiers et des techniciens de santé,06,402,11185.02,9454.68
78,Assistant médico-social de premier grade,مساعد في المجال الطبي الاجتماعي من الدرجة الأولى,Corps des infirmiers et des techniciens de santé,07,428,11322.93,9556.46
78,Assistant médico-social de premier grade,مساعد في المجال الطبي الاجتماعي من الدرجة الأولى,Corps des infirmiers et des techniciens de santé,08,456,11471.45,9666.06
78,Assistant médico-social de premier grade,مساعد في المجال الطبي الاجتماعي من الدرجة الأولى,Corps des infirmiers et des techniciens de santé,09,484,11619.97,9775.67
78,Assistant médico-social de premier grade,مساعد في المجال الطبي الاجتماعي من الدرجة الأولى,Corps des infirmiers et des techniciens de santé,10,512,11768.48,9885.27
78,Assistant médico-social de premier grade,مساعد في المجال الطبي الاجتماعي من الدرجة الأولى,Corps des infirmiers et des techniciens de santé,Except,564,12044.3,10088.83
436,Infirmier de grade exceptionnel,ممرض من الدرجة الاستثنائية,Corps des infirmiers et des techniciens de santé,01,704,23161.88,16553.09
436,Infirmier de grade exceptionnel,ممرض من الدرجة الاستثنائية,Corps des infirmiers et des techniciens de santé,02,746,23384.66,16673.79
436,Infirmier de grade exceptionnel,ممرض من الدرجة الاستثنائية,Corps des infirmiers et des techniciens de santé,03,779,23559.7,16768.62
436,Infirmier de grade exceptionnel,ممرض من الدرجة الاستثنائية,Corps des infirmiers et des techniciens de santé,04,812,23786.73,16891.63
436,Infirmier de grade exceptionnel,ممرض من الدرجة الاستثنائية,Corps des infirmiers et des techniciens de santé,05,840,23935.25,16972.1
436,Infirmier de grade exceptionnel,ممرض من الدرجة الاستثنائية,Corps des infirmiers et des techniciens de santé,06,870,24094.38,17058.31
71,Infirmier de grade principal,ممرض من الدرجة الممتازة,Corps des infirmiers et des techniciens de santé,01,336,12651.95,10517.57
71,Infirmier de grade principal,ممرض من الدرجة الممتازة,Corps des infirmiers et des techniciens de santé,02,369,12826.99,10636.07
71,Infirmier de grade principal,ممرض من الدرجة الممتازة,Corps des infirmiers et des techniciens de santé,03,403,13007.33,10758.16
71,Infirmier de grade principal,ممرض من الدرجة الممتازة,Corps des infirmiers et des techniciens de santé,04,436,13182.37,10867.98
71,Infirmier de grade principal,ممرض من الدرجة الممتازة,Corps des infirmiers et des techniciens de santé,05,472,13373.32,10982.94
71,Infirmier de grade principal,ممرض من الدرجة الممتازة,Corps des infirmiers et des techniciens de santé,06,509,17487.57,13356.31
71,Infirmier de grade principal,ممرض من الدرجة الممتازة,Corps des infirmiers et des techniciens de santé,07,542,17662.61,13455.66
71,Infirmier de grade principal,ممرض من الدرجة الممتازة,Corps des infirmiers et des techniciens de santé,08,574,17832.34,13552.0
71,Infirmier de grade principal,ممرض من الدرجة الممتازة,Corps des infirmiers et des techniciens de santé,09,606,18002.08,13648.34
71,Infirmier de grade principal,ممرض من الدرجة الممتازة,Corps des infirmiers et des techniciens de santé,10,639,18177.11,13747.69
71,Infirmier de grade principal,ممرض من الدرجة الممتازة,Corps des infirmiers et des techniciens de santé,11,675,18781.06,14090.49
71,Infirmier de grade principal,ممرض من الدرجة الممتازة,Corps des infirmiers et des techniciens de santé,12,690,18860.63,14135.65
71,Infirmier de grade principal,ممرض من الدرجة الممتازة,Corps des infirmiers et des techniciens de santé,13,704,18934.88,14177.8
70,Infirmier de premier grade,ممرض من الدرجة الأولى,Corps des infirmiers et des techniciens de santé,01,275,9789.4,8424.71
70,Infirmier de premier grade,ممرض من الدرجة الأولى,Corps des infirmiers et des techniciens de santé,02,300,9922.0,8522.57
70,Infirmier de premier grade,ممرض من الدرجة الأولى,Corps des infirmiers et des techniciens de santé,03,326,10059.91,8624.35
70,Infirmier de premier grade,ممرض من الدرجة الأولى,Corps des infirmiers et des techniciens de santé,04,351,10192.51,8722.21
70,Infirmier de premier grade,ممرض من الدرجة الأولى,Corps des infirmiers et des techniciens de santé,05,377,10330.42,8823.98
70,Infirmier de premier grade,ممرض من الدرجة الأولى,Corps des infirmiers et des techniciens de santé,06,402,11185.02,9454.68
70,Infirmier de premier grade,ممرض من الدرجة الأولى,Corps des infirmiers et des techniciens de santé,07,428,11322.93,9556.46
70,Infirmier de premier grade,ممرض من الدرجة الأولى,Corps des infirmiers et des techniciens de santé,08,456,11471.45,9666.06
70,Infirmier de premier grade,ممرض من الدرجة الأولى,Corps des infirmiers et des techniciens de santé,09,484,11619.97,9775.67
70,Infirmier de premier grade,ممرض من الدرجة الأولى,Corps des infirmiers et des techniciens de santé,10,512,11768.48,9885.27
70,Infirmier de premier grade,ممرض من الدرجة الأولى,Corps des infirmiers et des techniciens de santé,Except,564,12044.3,10088.83
439,Kinésithérapeute de grade exceptionnel,مروض من الدرجة الاستثنائية,Corps des infirmiers et des techniciens de santé,01,704,23161.88,16553.09
439,Kinésithérapeute de grade exceptionnel,مروض من الدرجة الاستثنائية,Corps des infirmiers et des techniciens de santé,02,746,23384.66,16673.79
439,Kinésithérapeute de grade exceptionnel,مروض من الدرجة الاستثنائية,Corps des infirmiers et des techniciens de santé,03,779,23559.7,16768.62
439,Kinésithérapeute de grade exceptionnel,مروض من الدرجة الاستثنائية,Corps des infirmiers et des techniciens de santé,04,812,23786.73,16891.63
439,Kinésithérapeute de grade exceptionnel,مروض من الدرجة الاستثنائية,Corps des infirmiers et des techniciens de santé,05,840,23935.25,16972.1
439,Kinésithérapeute de grade exceptionnel,مروض من الدرجة الاستثنائية,Corps des infirmiers et des techniciens de santé,06,870,24094.38,17058.31
437,Sage femme de grade exceptionnel,قابلة من الدرجة الاستثنائية,Corps des infirmiers et des techniciens de santé,01,704,23161.88,16553.09
437,Sage femme de grade exceptionnel,قابلة من الدرجة الاستثنائية,Corps des infirmiers et des techniciens de santé,02,746,23384.66,16673.79
437,Sage femme de grade exceptionnel,قابلة من الدرجة الاستثنائية,Corps des infirmiers et des techniciens de santé,03,779,23559.7,16768.62
437,Sage femme de grade exceptionnel,قابلة من الدرجة الاستثنائية,Corps des infirmiers et des techniciens de santé,04,812,23786.73,16891.63
437,Sage femme de grade exceptionnel,قابلة من الدرجة الاستثنائية,Corps des infirmiers et des techniciens de santé,05,840,23935.25,16972.1
437,Sage femme de grade exceptionnel,قابلة من الدرجة الاستثنائية,Corps des infirmiers et des techniciens de santé,06,870,24094.38,17058.31
73,Sage-femme de grade principal,قابلة من الدرجة الممتازة,Corps des infirmiers et des techniciens de santé,01,336,12651.95,10517.57
73,Sage-femme de grade principal,قابلة من الدرجة الممتازة,Corps des infirmiers et des techniciens de santé,02,369,12826.99,10636.07
73,Sage-femme de grade principal,قابلة من الدرجة الممتازة,Corps des infirmiers et des techniciens de santé,03,403,13007.33,10758.16
73,Sage-femme de grade principal,قابلة من الدرجة الممتازة,Corps des infirmiers et des techniciens de santé,04,436,13182.37,10867.98
73,Sage-femme de grade principal,قابلة من الدرجة الممتازة,Corps des infirmiers et des techniciens de santé,05,472,13373.32,10982.94
73,Sage-femme de grade principal,قابلة من الدرجة الممتازة,Corps des infirmiers et des techniciens de santé,06,509,17487.57,13356.31
73,Sage-femme de grade principal,قابلة من الدرجة الممتازة,Corps des infirmiers et des techniciens de santé,07,542,17662.61,13455.66
73,Sage-femme de grade principal,قابلة من الدرجة الممتازة,Corps des infirmiers et des techniciens de santé,08,574,17832.34,13552.0
73,Sage-femme de grade principal,قابلة من الدرجة الممتازة,Corps des infirmiers et des techniciens de santé,09,606,18002.08,13648.34
73,Sage-femme de grade principal,قابلة من الدرجة الممتازة,Corps des infirmiers et des techniciens de santé,10,639,18177.11,13747.69
73,Sage-femme de grade principal,قابلة من الدرجة الممتازة,Corps des infirmiers et des techniciens de santé,11,675,18781.06,14090.49
73,Sage-femme de grade principal,قابلة من الدرجة الممتازة,Corps des infirmiers et des techniciens de santé,12,690,18860.63,14135.65
73,Sage-femme de grade principal,قابلة من الدرجة الممتازة,Corps des infirmiers et des techniciens de santé,13,704,18934.88,14177.8
72,Sage-femme de premier grade,قابلة من الدرجة الأولى,Corps des infirmiers et des techniciens de santé,01,275,9789.4,8424.71
72,Sage-femme de premier grade,قابلة من الدرجة الأولى,Corps des infirmiers et des techniciens de santé,02,300,9922.0,8522.57
72,Sage-femme de premier grade,قابلة من الدرجة الأولى,Corps des infirmiers et des techniciens de santé,03,326,10059.91,8624.35
72,Sage-femme de premier grade,قابلة من الدرجة الأولى,Corps des infirmiers et des techniciens de santé,04,351,10192.51,8722.21
72,Sage-femme de premier grade,قابلة من الدرجة الأولى,Corps des infirmiers et des techniciens de santé,05,377,10330.42,8823.98
72,Sage-femme de premier grade,قابلة من الدرجة الأولى,Corps des infirmiers et des techniciens de santé,06,402,11185.02,9454.68
72,Sage-femme de premier grade,قابلة من الدرجة الأولى,Corps des infirmiers et des techniciens de santé,07,428,11322.93,9556.46
72,Sage-femme de premier grade,قابلة من الدرجة الأولى,Corps des infirmiers et des techniciens de santé,08,456,11471.45,9666.06
72,Sage-femme de premier grade,قابلة من الدرجة الأولى,Corps des infirmiers et des techniciens de santé,09,484,11619.97,9775.67
72,Sage-femme de premier grade,قابلة من الدرجة الأولى,Corps des infirmiers et des techniciens de santé,10,512,11768.48,9885.27
72,Sage-femme de premier grade,قابلة من الدرجة الأولى,Corps des infirmiers et des techniciens de santé,Except,564,12044.3,10088.83
438,Technicien de santé de grade exceptionnel,تقني الصحة من الدرجة الاستثنائية,Corps des infirmiers et des techniciens de santé,01,704,23161.88,16553.09
438,Technicien de santé de grade exceptionnel,تقني الصحة من الدرجة الاستثنائية,Corps des infirmiers et des techniciens de santé,02,746,23384.66,16673.79
438,Technicien de santé de grade exceptionnel,تقني الصحة من الدرجة الاستثنائية,Corps des infirmiers et des techniciens de santé,03,779,23559.7,16768.62
438,Technicien de santé de grade exceptionnel,تقني الصحة من الدرجة الاستثنائية,Corps des infirmiers et des techniciens de santé,04,812,23786.73,16891.63
438,Technicien de santé de grade exceptionnel,تقني الصحة من الدرجة الاستثنائية,Corps des infirmiers et des techniciens de santé,05,840,23935.25,16972.1
438,Technicien de santé de grade exceptionnel,تقني الصحة من الدرجة الاستثنائية,Corps des infirmiers et des techniciens de santé,06,870,24094.38,17058.31
75,Technicien de santé de grade principal,تقني الصحة من الدرجة الممتازة,Corps des infirmiers et des techniciens de santé,01,336,12651.95,10517.57
75,Technicien de santé de grade principal,تقني الصحة من الدرجة الممتازة,Corps des infirmiers et des techniciens de santé,02,369,12826.99,10636.07
75,Technicien de santé de grade principal,تقني الصحة من الدرجة الممتازة,Corps des infirmiers et des techniciens de santé,03,403,13007.33,10758.16
75,Technicien de santé de grade principal,تقني الصحة من الدرجة الممتازة,Corps des infirmiers et des techniciens de santé,04,436,13182.37,10867.98
75,Technicien de santé de grade principal,تقني الصحة من الدرجة الممتازة,Corps des infirmiers et des techniciens de santé,05,472,13373.32,10982.94
75,Technicien de santé de grade principal,تقني الصحة من الدرجة الممتازة,Corps des infirmiers et des techniciens de santé,06,509,17487.57,13356.31
75,Technicien de santé de grade principal,تقني الصحة من الدرجة الممتازة,Corps des infirmiers et des techniciens de santé,07,542,17662.61,13455.66
75,Technicien de santé de grade principal,تقني الصحة من الدرجة الممتازة,Corps des infirmiers et des techniciens de santé,08,574,17832.34,13552.0
75,Technicien de santé de grade principal,تقني الصحة من الدرجة الممتازة,Corps des infirmiers et des techniciens de santé,09,606,18002.08,13648.34
75,Technicien de santé de grade principal,تقني الصحة من الدرجة الممتازة,Corps des infirmiers et des techniciens de santé,10,639,18177.11,13747.69
75,Technicien de santé de grade principal,تقني الصحة من الدرجة الممتازة,Corps des infirmiers et des techniciens de santé,11,675,18781.06,14090.49
75,Technicien de santé de grade principal,تقني الصحة من الدرجة الممتازة,Corps des infirmiers et des techniciens de santé,12,690,18860.63,14135.65
75,Technicien de santé de grade principal,تقني الصحة من الدرجة الممتازة,Corps des infirmiers et des techniciens de santé,13,704,18934.88,14177.8
74,Technicien de santé de premier grade,تقني الصحة من الدرجة الأولى,Corps des infirmiers et des techniciens de santé,01,275,9789.4,8424.71
74,Technicien de santé de premier grade,تقني الصحة من الدرجة الأولى,Corps des infirmiers et des techniciens de santé,02,300,9922.0,8522.57
74,Technicien de santé de premier grade,تقني الصحة من الدرجة الأولى,Corps des infirmiers et des techniciens de santé,03,326,10059.91,8624.35
74,Technicien de santé de premier grade,تقني الصحة من الدرجة الأولى,Corps des infirmiers et des techniciens de santé,04,351,10192.51,8722.21
74,Technicien de santé de premier grade,تقني الصحة من الدرجة الأولى,Corps des infirmiers et des techniciens de santé,05,377,10330.42,8823.98
74,Technicien de santé de premier grade,تقني الصحة من الدرجة الأولى,Corps des infirmiers et des techniciens de santé,06,402,11185.02,9454.68
74,Technicien de santé de premier grade,تقني الصحة من الدرجة الأولى,Corps des infirmiers et des techniciens de santé,07,428,11322.93,9556.46
74,Technicien de santé de premier grade,تقني الصحة من الدرجة الأولى,Corps des infirmiers et des techniciens de santé,08,456,11471.45,9666.06
74,Technicien de santé de premier grade,تقني الصحة من الدرجة الأولى,Corps des infirmiers et des techniciens de santé,09,484,11619.97,9775.67
74,Technicien de santé de premier grade,تقني الصحة من الدرجة الأولى,Corps des infirmiers et des techniciens de santé,10,512,11768.48,9885.27
74,Technicien de santé de premier grade,تقني الصحة من الدرجة الأولى,Corps des infirmiers et des techniciens de santé,Except,564,12044.3,10088.83
77,kinésithérapeute de grade principal,مروض من الدرجة الممتازة,Corps des infirmiers et des techniciens de santé,01,336,12651.95,10517.57
77,kinésithérapeute de grade principal,مروض من الدرجة الممتازة,Corps des infirmiers et des techniciens de santé,02,369,12826.99,10636.07
77,kinésithérapeute de grade principal,مروض من الدرجة الممتازة,Corps des infirmiers et des techniciens de santé,03,403,13007.33,10758.16
77,kinésithérapeute de grade principal,مروض من الدرجة الممتازة,Corps des infirmiers et des techniciens de santé,04,436,13182.37,10867.98
77,kinésithérapeute de grade principal,مروض من الدرجة الممتازة,Corps des infirmiers et des techniciens de santé,05,472,13373.32,10982.94
77,kinésithérapeute de grade principal,مروض من الدرجة الممتازة,Corps des infirmiers et des techniciens de santé,06,509,17487.57,13356.31
77,kinésithérapeute de grade principal,مروض من الدرجة الممتازة,Corps des infirmiers et des techniciens de santé,07,542,17662.61,13455.66
77,kinésithérapeute de grade principal,مروض من الدرجة الممتازة,Corps des infirmiers et des techniciens de santé,08,574,17832.34,13552.0
77,kinésithérapeute de grade principal,مروض من الدرجة الممتازة,Corps des infirmiers et des techniciens de santé,09,606,18002.08,13648.34
77,kinésithérapeute de grade principal,مروض من الدرجة الممتازة,Corps des infirmiers et des techniciens de santé,10,639,18177.11,13747.69
77,kinésithérapeute de grade principal,مروض من الدرجة الممتازة,Corps des infirmiers et des techniciens de santé,11,675,18781.06,14090.49
77,kinésithérapeute de grade principal,مروض من الدرجة الممتازة,Corps des infirmiers et des techniciens de santé,12,690,18860.63,14135.65
77,kinésithérapeute de grade principal,مروض من الدرجة الممتازة,Corps des infirmiers et des techniciens de santé,13,704,18934.88,14177.8
76,kinésithérapeute de premier grade,مروض من الدرجة الأولى,Corps des infirmiers et des techniciens de santé,01,275,9789.4,8424.71
76,kinésithérapeute de premier grade,مروض من الدرجة الأولى,Corps des infirmiers et des techniciens de santé,02,300,9922.0,8522.57
76,kinésithérapeute de premier grade,مروض من الدرجة الأولى,Corps des infirmiers et des techniciens de santé,03,326,10059.91,8624.35
76,kinésithérapeute de premier grade,مروض من الدرجة الأولى,Corps des infirmiers et des techniciens de santé,04,351,10192.51,8722.21
76,kinésithérapeute de premier grade,مروض من الدرجة الأولى,Corps des infirmiers et des techniciens de santé,05,377,10330.42,8823.98
76,kinésithérapeute de premier grade,مروض من الدرجة الأولى,Corps des infirmiers et des techniciens de santé,06,402,11185.02,9454.68
76,kinésithérapeute de premier grade,مروض من الدرجة الأولى,Corps des infirmiers et des techniciens de santé,07,428,11322.93,9556.46
76,kinésithérapeute de premier grade,مروض من الدرجة الأولى,Corps des infirmiers et des techniciens de santé,08,456,11471.45,9666.06
76,kinésithérapeute de premier grade,مروض من الدرجة الأولى,Corps des infirmiers et des techniciens de santé,09,484,11619.97,9775.67
76,kinésithérapeute de premier grade,مروض من الدرجة الأولى,Corps des infirmiers et des techniciens de santé,10,512,11768.48,9885.27
76,kinésithérapeute de premier grade,مروض من الدرجة الأولى,Corps des infirmiers et des techniciens de santé,Except,564,12044.3,10088.83
172,Commissaire Judiciaire 3ème grade,منتدب قضائي من الدرجة الثالثة,Corps des secrétaires greffiers,01,275,10407.4,8513.99
172,Commissaire Judiciaire 3ème grade,منتدب قضائي من الدرجة الثالثة,Corps des secrétaires greffiers,02,300,10540.0,8611.85
172,Commissaire Judiciaire 3ème grade,منتدب قضائي من الدرجة الثالثة,Corps des secrétaires greffiers,03,326,10677.91,8713.63
172,Commissaire Judiciaire 3ème grade,منتدب قضائي من الدرجة الثالثة,Corps des secrétaires greffiers,04,351,10810.51,8811.49
172,Commissaire Judiciaire 3ème grade,منتدب قضائي من الدرجة الثالثة,Corps des secrétaires greffiers,05,377,10948.42,8912.08
172,Commissaire Judiciaire 3ème grade,منتدب قضائي من الدرجة الثالثة,Corps des secrétaires greffiers,06,402,12297.02,9777.81
172,Commissaire Judiciaire 3ème grade,منتدب قضائي من الدرجة الثالثة,Corps des secrétaires greffiers,07,428,12434.93,9860.83
172,Commissaire Judiciaire 3ème grade,منتدب قضائي من الدرجة الثالثة,Corps des secrétaires greffiers,08,456,12583.45,9950.24
172,Commissaire Judiciaire 3ème grade,منتدب قضائي من الدرجة الثالثة,Corps des secrétaires greffiers,09,484,12731.97,10039.64
172,Commissaire Judiciaire 3ème grade,منتدب قضائي من الدرجة الثالثة,Corps des secrétaires greffiers,10,512,12880.48,10129.05
172,Commissaire Judiciaire 3ème grade,منتدب قضائي من الدرجة الثالثة,Corps des secrétaires greffiers,ex,564,13156.3,10292.52
205,Commissaire judiciaire de 1er grade,منتدب قضائي من الدرجة الأولى,Corps des secrétaires greffiers,01,704,26993.88,17987.79
205,Commissaire judiciaire de 1er grade,منتدب قضائي من الدرجة الأولى,Corps des secrétaires greffiers,02,746,27216.66,18108.49
205,Commissaire judiciaire de 1er grade,منتدب قضائي من الدرجة الأولى,Corps des secrétaires greffiers,03,779,27391.7,18203.32
205,Commissaire judiciaire de 1er grade,منتدب قضائي من الدرجة الأولى,Corps des secrétaires greffiers,04,812,27566.73,18298.16
205,Commissaire judiciaire de 1er grade,منتدب قضائي من الدرجة الأولى,Corps des secrétaires greffiers,05,840,27715.25,18378.62
205,Commissaire judiciaire de 1er grade,منتدب قضائي من الدرجة الأولى,Corps des secrétaires greffiers,06,870,27874.38,18464.84
204,Commissaire judiciaire de grade principal,منتدب قضائي من الدرجة الممتازة,Corps des secrétaires greffiers,01,870,31639.38,20504.71
204,Commissaire judiciaire de grade principal,منتدب قضائي من الدرجة الممتازة,Corps des secrétaires greffiers,02,900,31798.5,20590.93
204,Commissaire judiciaire de grade principal,منتدب قضائي من الدرجة الممتازة,Corps des secrétaires greffiers,03,930,31957.63,20677.14
204,Commissaire judiciaire de grade principal,منتدب قضائي من الدرجة الممتازة,Corps des secrétaires greffiers,04,960,32116.75,20763.36
204,Commissaire judiciaire de grade principal,منتدب قضائي من الدرجة الممتازة,Corps des secrétaires greffiers,05,990,32275.88,20849.57
173,Rédacteur Judiciaire 3ème grade,محرر قضائي من الدرجة الثالثة,Corps des secrétaires greffiers,01,235,8750.23,7291.0
173,Rédacteur Judiciaire 3ème grade,محرر قضائي من الدرجة الثالثة,Corps des secrétaires greffiers,02,253,8845.7,7361.46
173,Rédacteur Judiciaire 3ème grade,محرر قضائي من الدرجة الثالثة,Corps des secrétaires greffiers,03,274,8957.09,7443.67
173,Rédacteur Judiciaire 3ème grade,محرر قضائي من الدرجة الثالثة,Corps des secrétaires greffiers,04,296,9073.78,7529.79
173,Rédacteur Judiciaire 3ème grade,محرر قضائي من الدرجة الثالثة,Corps des secrétaires greffiers,05,317,9185.17,7611.99
173,Rédacteur Judiciaire 3ème grade,محرر قضائي من الدرجة الثالثة,Corps des secrétaires greffiers,06,339,9301.86,7698.11
173,Rédacteur Judiciaire 3ème grade,محرر قضائي من الدرجة الثالثة,Corps des secrétaires greffiers,07,361,9418.55,7784.23
173,Rédacteur Judiciaire 3ème grade,محرر قضائي من الدرجة الثالثة,Corps des secrétaires greffiers,08,382,9529.94,7866.43
173,Rédacteur Judiciaire 3ème grade,محرر قضائي من الدرجة الثالثة,Corps des secrétaires greffiers,09,404,9646.63,7952.55
173,Rédacteur Judiciaire 3ème grade,محرر قضائي من الدرجة الثالثة,Corps des secrétaires greffiers,10,438,9826.98,8085.64
174,Rédacteur Judiciaire 4ème grade,محرر قضائي من الدرجة الرابعة,Corps des secrétaires greffiers,01,207,8280.71,6944.5
174,Rédacteur Judiciaire 4ème grade,محرر قضائي من الدرجة الرابعة,Corps des secrétaires greffiers,02,224,8370.88,7011.05
174,Rédacteur Judiciaire 4ème grade,محرر قضائي من الدرجة الرابعة,Corps des secrétaires greffiers,03,241,8461.05,7077.59
174,Rédacteur Judiciaire 4ème grade,محرر قضائي من الدرجة الرابعة,Corps des secrétaires greffiers,04,259,8556.53,7148.05
174,Rédacteur Judiciaire 4ème grade,محرر قضائي من الدرجة الرابعة,Corps des secrétaires greffiers,05,276,8646.7,7214.6
174,Rédacteur Judiciaire 4ème grade,محرر قضائي من الدرجة الرابعة,Corps des secrétaires greffiers,06,293,8736.87,7281.14
174,Rédacteur Judiciaire 4ème grade,محرر قضائي من الدرجة الرابعة,Corps des secrétaires greffiers,07,311,8832.35,7351.6
174,Rédacteur Judiciaire 4ème grade,محرر قضائي من الدرجة الرابعة,Corps des secrétaires greffiers,08,332,8943.73,7433.81
174,Rédacteur Judiciaire 4ème grade,محرر قضائي من الدرجة الرابعة,Corps des secrétaires greffiers,09,353,9055.12,7516.01
174,Rédacteur Judiciaire 4ème grade,محرر قضائي من الدرجة الرابعة,Corps des secrétaires greffiers,10,373,9161.2,7594.3
208,Rédacteur judiciaire de 2ème grade,محرر قضائي من الدرجة الثانية,Corps des secrétaires greffiers,01,275,10407.4,8513.99
208,Rédacteur judiciaire de 2ème grade,محرر قضائي من الدرجة الثانية,Corps des secrétaires greffiers,02,300,10540.0,8611.85
208,Rédacteur judiciaire de 2ème grade,محرر قضائي من الدرجة الثانية,Corps des secrétaires greffiers,03,326,10677.91,8713.63
208,Rédacteur judiciaire de 2ème grade,محرر قضائي من الدرجة الثانية,Corps des secrétaires greffiers,04,351,10810.51,8811.49
208,Rédacteur judiciaire de 2ème grade,محرر قضائي من الدرجة الثانية,Corps des secrétaires greffiers,05,377,10948.42,8912.08
208,Rédacteur judiciaire de 2ème grade,محرر قضائي من الدرجة الثانية,Corps des secrétaires greffiers,06,402,12297.02,9777.81
208,Rédacteur judiciaire de 2ème grade,محرر قضائي من الدرجة الثانية,Corps des secrétaires greffiers,07,428,12434.93,9860.83
208,Rédacteur judiciaire de 2ème grade,محرر قضائي من الدرجة الثانية,Corps des secrétaires greffiers,08,456,12583.45,9950.24
208,Rédacteur judiciaire de 2ème grade,محرر قضائي من الدرجة الثانية,Corps des secrétaires greffiers,09,484,12731.97,10039.64
208,Rédacteur judiciaire de 2ème grade,محرر قضائي من الدرجة الثانية,Corps des secrétaires greffiers,10,512,12880.48,10129.05
208,Rédacteur judiciaire de 2ème grade,محرر قضائي من الدرجة الثانية,Corps des secrétaires greffiers,11,564,13156.3,10292.52
206,Rédacteur judiciaire de grade principal,محرر قضائي من الدرجة الممتازة,Corps des secrétaires greffiers,01,704,26993.88,17987.79
206,Rédacteur judiciaire de grade principal,محرر قضائي من الدرجة الممتازة,Corps des secrétaires greffiers,02,746,27216.66,18108.49
206,Rédacteur judiciaire de grade principal,محرر قضائي من الدرجة الممتازة,Corps des secrétaires greffiers,03,779,27391.7,18203.32
206,Rédacteur judiciaire de grade principal,محرر قضائي من الدرجة الممتازة,Corps des secrétaires greffiers,04,812,27566.73,18298.16
206,Rédacteur judiciaire de grade principal,محرر قضائي من الدرجة الممتازة,Corps des secrétaires greffiers,05,840,27715.25,18378.62
206,Rédacteur judiciaire de grade principal,محرر قضائي من الدرجة الممتازة,Corps des secrétaires greffiers,06,870,27874.38,18464.84
175,Secrétaire Greffier 3ème grade,كاتب الضبط من الدرجة الثالثة,Corps des secrétaires greffiers,01,151,6749.68,5726.33
175,Secrétaire Greffier 3ème grade,كاتب الضبط من الدرجة الثالثة,Corps des secrétaires greffiers,02,161,6802.72,5768.71
175,Secrétaire Greffier 3ème grade,كاتب الضبط من الدرجة الثالثة,Corps des secrétaires greffiers,03,173,6866.37,5819.56
175,Secrétaire Greffier 3ème grade,كاتب الضبط من الدرجة الثالثة,Corps des secrétaires greffiers,04,185,6930.02,5870.42
175,Secrétaire Greffier 3ème grade,كاتب الضبط من الدرجة الثالثة,Corps des secrétaires greffiers,05,197,6993.67,5921.28
175,Secrétaire Greffier 3ème grade,كاتب الضبط من الدرجة الثالثة,Corps des secrétaires greffiers,06,209,7057.32,5972.13
175,Secrétaire Greffier 3ème grade,كاتب الضبط من الدرجة الثالثة,Corps des secrétaires greffiers,07,222,7126.28,6027.23
175,Secrétaire Greffier 3ème grade,كاتب الضبط من الدرجة الثالثة,Corps des secrétaires greffiers,08,236,7200.53,6086.56
175,Secrétaire Greffier 3ème grade,كاتب الضبط من الدرجة الثالثة,Corps des secrétaires greffiers,09,249,7269.49,6141.65
175,Secrétaire Greffier 3ème grade,كاتب الضبط من الدرجة الثالثة,Corps des secrétaires greffiers,10,262,7338.44,6196.75
176,Secrétaire Greffier 4ème grade,كاتب الضبط من الدرجة الرابعة,Corps des secrétaires greffiers,01,137,6416.56,5518.24
176,Secrétaire Greffier 4ème grade,كاتب الضبط من الدرجة الرابعة,Corps des secrétaires greffiers,02,141,6449.73,5546.77
176,Secrétaire Greffier 4ème grade,كاتب الضبط من الدرجة الرابعة,Corps des secrétaires greffiers,03,150,6524.38,5546.31
176,Secrétaire Greffier 4ème grade,كاتب الضبط من الدرجة الرابعة,Corps des secrétaires greffiers,04,157,6561.5,5575.98
176,Secrétaire Greffier 4ème grade,كاتب الضبط من الدرجة الرابعة,Corps des secrétaires greffiers,05,165,6603.94,5609.88
176,Secrétaire Greffier 4ème grade,كاتب الضبط من الدرجة الرابعة,Corps des secrétaires greffiers,06,174,6651.68,5648.02
176,Secrétaire Greffier 4ème grade,كاتب الضبط من الدرجة الرابعة,Corps des secrétaires greffiers,07,183,6699.41,5686.16
176,Secrétaire Greffier 4ème grade,كاتب الضبط من الدرجة الرابعة,Corps des secrétaires greffiers,08,192,6747.15,5724.31
176,Secrétaire Greffier 4ème grade,كاتب الضبط من الدرجة الرابعة,Corps des secrétaires greffiers,09,201,6794.89,5762.45
176,Secrétaire Greffier 4ème grade,كاتب الضبط من الدرجة الرابعة,Corps des secrétaires greffiers,10,220,6895.67,5842.97
210,Secrétaire greffier de 1er grade,كاتب الضبط من الدرجة الأولى,Corps des secrétaires greffiers,01,235,8750.23,7291.0
210,Secrétaire greffier de 1er grade,كاتب الضبط من الدرجة الأولى,Corps des secrétaires greffiers,02,253,8845.7,7361.46
210,Secrétaire greffier de 1er grade,كاتب الضبط من الدرجة الأولى,Corps des secrétaires greffiers,03,274,8957.09,7443.67
210,Secrétaire greffier de 1er grade,كاتب الضبط من الدرجة الأولى,Corps des secrétaires greffiers,04,296,9073.78,7529.79
210,Secrétaire greffier de 1er grade,كاتب الضبط من الدرجة الأولى,Corps des secrétaires greffiers,05,317,9185.17,7611.99
210,Secrétaire greffier de 1er grade,كاتب الضبط من الدرجة الأولى,Corps des secrétaires greffiers,06,339,9301.86,7698.11
210,Secrétaire greffier de 1er grade,كاتب الضبط من الدرجة الأولى,Corps des secrétaires greffiers,07,361,9418.55,7784.23
210,Secrétaire greffier de 1er grade,كاتب الضبط من الدرجة الأولى,Corps des secrétaires greffiers,08,382,9529.94,7866.43
210,Secrétaire greffier de 1er grade,كاتب الضبط من الدرجة الأولى,Corps des secrétaires greffiers,09,404,9646.63,7952.55
210,Secrétaire greffier de 1er grade,كاتب الضبط من الدرجة الأولى,Corps des secrétaires greffiers,10,438,9826.98,8085.64
211,Secrétaire greffier de 2ème grade,كاتب الضبط من الدرجة الثانية,Corps des secrétaires greffiers,01,207,8280.71,6944.5
211,Secrétaire greffier de 2ème grade,كاتب الضبط من الدرجة الثانية,Corps des secrétaires greffiers,02,224,8370.88,7011.05
211,Secrétaire greffier de 2ème grade,كاتب الضبط من الدرجة الثانية,Corps des secrétaires greffiers,03,241,8461.05,7077.59
211,Secrétaire greffier de 2ème grade,كاتب الضبط من الدرجة الثانية,Corps des secrétaires greffiers,04,259,8556.53,7148.05
211,Secrétaire greffier de 2ème grade,كاتب الضبط من الدرجة الثانية,Corps des secrétaires greffiers,05,276,8646.7,7214.6
211,Secrétaire greffier de 2ème grade,كاتب الضبط من الدرجة الثانية,Corps des secrétaires greffiers,06,293,8736.87,7281.14
211,Secrétaire greffier de 2ème grade,كاتب الضبط من الدرجة الثانية,Corps des secrétaires greffiers,07,311,8832.35,7351.6
211,Secrétaire greffier de 2ème grade,كاتب الضبط من الدرجة الثانية,Corps des secrétaires greffiers,08,332,8943.73,7433.81
211,Secrétaire greffier de 2ème grade,كاتب الضبط من الدرجة الثانية,Corps des secrétaires greffiers,09,353,9055.12,7516.01
211,Secrétaire greffier de 2ème grade,كاتب الضبط من الدرجة الثانية,Corps des secrétaires greffiers,10,373,9161.2,7594.3
209,Secrétaire greffier grade principal,كاتب الضبط من الدرجة الممتازة,Corps des secrétaires greffiers,01,275,10407.4,8513.99
209,Secrétaire greffier grade principal,كاتب الضبط من الدرجة الممتازة,Corps des secrétaires greffiers,02,300,10540.0,8611.85
209,Secrétaire greffier grade principal,كاتب الضبط من الدرجة الممتازة,Corps des secrétaires greffiers,03,326,10677.91,8713.63
209,Secrétaire greffier grade principal,كاتب الضبط من الدرجة الممتازة,Corps des secrétaires greffiers,04,351,10810.51,8811.49
209,Secrétaire greffier grade principal,كاتب الضبط من الدرجة الممتازة,Corps des secrétaires greffiers,05,377,10948.42,8912.08
209,Secrétaire greffier grade principal,كاتب الضبط من الدرجة الممتازة,Corps des secrétaires greffiers,06,402,12297.02,9777.81
209,Secrétaire greffier grade principal,كاتب الضبط من الدرجة الممتازة,Corps des secrétaires greffiers,07,428,12434.93,9860.83
209,Secrétaire greffier grade principal,كاتب الضبط من الدرجة الممتازة,Corps des secrétaires greffiers,08,456,12583.45,9950.24
209,Secrétaire greffier grade principal,كاتب الضبط من الدرجة الممتازة,Corps des secrétaires greffiers,09,484,12731.97,10039.64
209,Secrétaire greffier grade principal,كاتب الضبط من الدرجة الممتازة,Corps des secrétaires greffiers,10,512,12880.48,10129.05
209,Secrétaire greffier grade principal,كاتب الضبط من الدرجة الممتازة,Corps des secrétaires greffiers,ex,564,13156.3,10292.52
116,Agent technique des Douanes de 1er grade,عون تقني للجمارك من الدرجة الأولى,Corps du personnel de l'administration des douanes et impôts indirects,01,207,6471.71,5565.67
116,Agent technique des Douanes de 1er grade,عون تقني للجمارك من الدرجة الأولى,Corps du personnel de l'administration des douanes et impôts indirects,02,224,6561.88,5576.28
116,Agent technique des Douanes de 1er grade,عون تقني للجمارك من الدرجة الأولى,Corps du personnel de l'administration des douanes et impôts indirects,03,241,6652.05,5648.32
116,Agent technique des Douanes de 1er grade,عون تقني للجمارك من الدرجة الأولى,Corps du personnel de l'administration des douanes et impôts indirects,04,259,6747.53,5724.61
116,Agent technique des Douanes de 1er grade,عون تقني للجمارك من الدرجة الأولى,Corps du personnel de l'administration des douanes et impôts indirects,05,276,6837.7,5796.66
116,Agent technique des Douanes de 1er grade,عون تقني للجمارك من الدرجة الأولى,Corps du personnel de l'administration des douanes et impôts indirects,06,293,6927.87,5868.7
116,Agent technique des Douanes de 1er grade,عون تقني للجمارك من الدرجة الأولى,Corps du personnel de l'administration des douanes et impôts indirects,07,311,7023.35,5944.99
116,Agent technique des Douanes de 1er grade,عون تقني للجمارك من الدرجة الأولى,Corps du personnel de l'administration des douanes et impôts indirects,08,332,7134.73,6033.99
116,Agent technique des Douanes de 1er grade,عون تقني للجمارك من الدرجة الأولى,Corps du personnel de l'administration des douanes et impôts indirects,09,353,7246.12,6122.98
116,Agent technique des Douanes de 1er grade,عون تقني للجمارك من الدرجة الأولى,Corps du personnel de l'administration des douanes et impôts indirects,10,373,7352.2,6207.74
117,Agent technique des Douanes de 2ème grade,عون تقني للجمارك من الدرجة الثانية,Corps du personnel de l'administration des douanes et impôts indirects,01,177,5953.59,5120.09
117,Agent technique des Douanes de 2ème grade,عون تقني للجمارك من الدرجة الثانية,Corps du personnel de l'administration des douanes et impôts indirects,02,193,6038.45,5193.07
117,Agent technique des Douanes de 2ème grade,عون تقني للجمارك من الدرجة الثانية,Corps du personnel de l'administration des douanes et impôts indirects,03,208,6118.02,5261.49
117,Agent technique des Douanes de 2ème grade,عون تقني للجمارك من الدرجة الثانية,Corps du personnel de l'administration des douanes et impôts indirects,04,225,6208.19,5339.04
117,Agent technique des Douanes de 2ème grade,عون تقني للجمارك من الدرجة الثانية,Corps du personnel de l'administration des douanes et impôts indirects,05,242,6298.36,5416.59
117,Agent technique des Douanes de 2ème grade,عون تقني للجمارك من الدرجة الثانية,Corps du personnel de l'administration des douanes et impôts indirects,06,260,6393.83,5498.7
117,Agent technique des Douanes de 2ème grade,عون تقني للجمارك من الدرجة الثانية,Corps du personnel de l'administration des douanes et impôts indirects,07,277,6484.0,5576.24
117,Agent technique des Douanes de 2ème grade,عون تقني للجمارك من الدرجة الثانية,Corps du personnel de l'administration des douanes et impôts indirects,08,291,6558.26,5573.39
117,Agent technique des Douanes de 2ème grade,عون تقني للجمارك من الدرجة الثانية,Corps du personnel de l'administration des douanes et impôts indirects,09,305,6632.52,5632.72
117,Agent technique des Douanes de 2ème grade,عون تقني للجمارك من الدرجة الثانية,Corps du personnel de l'administration des douanes et impôts indirects,10,318,6701.48,5687.81
118,Agent technique des Douanes de 3ème grade,عون تقني للجمارك من الدرجة الثالثة,Corps du personnel de l'administration des douanes et impôts indirects,01,153,5736.29,4933.21
118,Agent technique des Douanes de 3ème grade,عون تقني للجمارك من الدرجة الثالثة,Corps du personnel de l'administration des douanes et impôts indirects,02,161,5778.72,4969.7
118,Agent technique des Douanes de 3ème grade,عون تقني للجمارك من الدرجة الثالثة,Corps du personnel de l'administration des douanes et impôts indirects,03,173,5842.37,5024.44
118,Agent technique des Douanes de 3ème grade,عون تقني للجمارك من الدرجة الثالثة,Corps du personnel de l'administration des douanes et impôts indirects,04,185,5906.02,5079.18
118,Agent technique des Douanes de 3ème grade,عون تقني للجمارك من الدرجة الثالثة,Corps du personnel de l'administration des douanes et impôts indirects,05,197,5969.67,5133.92
118,Agent technique des Douanes de 3ème grade,عون تقني للجمارك من الدرجة الثالثة,Corps du personnel de l'administration des douanes et impôts indirects,06,209,6033.32,5188.66
118,Agent technique des Douanes de 3ème grade,عون تقني للجمارك من الدرجة الثالثة,Corps du personnel de l'administration des douanes et impôts indirects,07,222,6102.28,5247.96
118,Agent technique des Douanes de 3ème grade,عون تقني للجمارك من الدرجة الثالثة,Corps du personnel de l'administration des douanes et impôts indirects,08,236,6176.53,5311.82
118,Agent technique des Douanes de 3ème grade,عون تقني للجمارك من الدرجة الثالثة,Corps du personnel de l'administration des douanes et impôts indirects,09,249,6245.49,5371.12
118,Agent technique des Douanes de 3ème grade,عون تقني للجمارك من الدرجة الثالثة,Corps du personnel de l'administration des douanes et impôts indirects,10,262,6314.44,5430.42
110,Architecte des Douanes de 1er grade,مهندس معماري للجمارك من الدرجة الأولى,Corps du personnel de l'administration des douanes et impôts indirects,01,336,12414.95,9848.8
110,Architecte des Douanes de 1er grade,مهندس معماري للجمارك من الدرجة الأولى,Corps du personnel de l'administration des douanes et impôts indirects,02,369,12589.99,9954.17
110,Architecte des Douanes de 1er grade,مهندس معماري للجمارك من الدرجة الأولى,Corps du personnel de l'administration des douanes et impôts indirects,03,403,12770.33,10062.74
110,Architecte des Douanes de 1er grade,مهندس معماري للجمارك من الدرجة الأولى,Corps du personnel de l'administration des douanes et impôts indirects,04,436,12945.37,10168.11
110,Architecte des Douanes de 1er grade,مهندس معماري للجمارك من الدرجة الأولى,Corps du personnel de l'administration des douanes et impôts indirects,05,472,13136.32,10281.17
109,Architecte des Douanes grade principal,مهندس معماري للجمارك من الدرجة الممتازة,Corps du personnel de l'administration des douanes et impôts indirects,01,509,17259.57,12621.53
109,Architecte des Douanes grade principal,مهندس معماري للجمارك من الدرجة الممتازة,Corps du personnel de l'administration des douanes et impôts indirects,02,542,17434.61,12720.88
109,Architecte des Douanes grade principal,مهندس معماري للجمارك من الدرجة الممتازة,Corps du personnel de l'administration des douanes et impôts indirects,03,574,17604.34,12817.22
109,Architecte des Douanes grade principal,مهندس معماري للجمارك من الدرجة الممتازة,Corps du personnel de l'administration des douanes et impôts indirects,04,606,17774.08,12913.56
109,Architecte des Douanes grade principal,مهندس معماري للجمارك من الدرجة الممتازة,Corps du personnel de l'administration des douanes et impôts indirects,05,639,17949.11,13012.92
109,Architecte des Douanes grade principal,مهندس معماري للجمارك من الدرجة الممتازة,Corps du personnel de l'administration des douanes et impôts indirects,06,704,18293.88,13208.61
107,Architecte en chef  des Douanes grade principal,مهندس معماري رئيس للجمارك من الدرجة الممتازة,Corps du personnel de l'administration des douanes et impôts indirects,01,870,31470.38,20413.15
107,Architecte en chef  des Douanes grade principal,مهندس معماري رئيس للجمارك من الدرجة الممتازة,Corps du personnel de l'administration des douanes et impôts indirects,02,900,31629.5,20499.36
107,Architecte en chef  des Douanes grade principal,مهندس معماري رئيس للجمارك من الدرجة الممتازة,Corps du personnel de l'administration des douanes et impôts indirects,03,930,31788.63,20585.58
107,Architecte en chef  des Douanes grade principal,مهندس معماري رئيس للجمارك من الدرجة الممتازة,Corps du personnel de l'administration des douanes et impôts indirects,04,960,31947.75,20671.79
107,Architecte en chef  des Douanes grade principal,مهندس معماري رئيس للجمارك من الدرجة الممتازة,Corps du personnel de l'administration des douanes et impôts indirects,05,990,32106.88,20758.0
108,Architecte en chef des Douanes de 1er grade,مهندس معماري رئيس للجمارك من الدرجة الأولى,Corps du personnel de l'administration des douanes et impôts indirects,01,704,21594.88,15062.61
108,Architecte en chef des Douanes de 1er grade,مهندس معماري رئيس للجمارك من الدرجة الأولى,Corps du personnel de l'administration des douanes et impôts indirects,02,746,21817.66,15183.31
108,Architecte en chef des Douanes de 1er grade,مهندس معماري رئيس للجمارك من الدرجة الأولى,Corps du personnel de l'administration des douanes et impôts indirects,03,779,21992.7,15278.14
108,Architecte en chef des Douanes de 1er grade,مهندس معماري رئيس للجمارك من الدرجة الأولى,Corps du personnel de l'administration des douanes et impôts indirects,04,812,22167.73,15372.98
108,Architecte en chef des Douanes de 1er grade,مهندس معماري رئيس للجمارك من الدرجة الأولى,Corps du personnel de l'administration des douanes et impôts indirects,05,840,22316.25,15453.44
108,Architecte en chef des Douanes de 1er grade,مهندس معماري رئيس للجمارك من الدرجة الأولى,Corps du personnel de l'administration des douanes et impôts indirects,06,870,22475.38,15539.66
124,Gardien des Douanes de 1er grade,حارس للجمارك من الدرجة الأولى,Corps du personnel de l'administration des douanes et impôts indirects,01,207,6471.71,5565.67
124,Gardien des Douanes de 1er grade,حارس للجمارك من الدرجة الأولى,Corps du personnel de l'administration des douanes et impôts indirects,02,224,6561.88,5576.28
124,Gardien des Douanes de 1er grade,حارس للجمارك من الدرجة الأولى,Corps du personnel de l'administration des douanes et impôts indirects,03,241,6652.05,5648.32
124,Gardien des Douanes de 1er grade,حارس للجمارك من الدرجة الأولى,Corps du personnel de l'administration des douanes et impôts indirects,04,259,6747.53,5724.61
124,Gardien des Douanes de 1er grade,حارس للجمارك من الدرجة الأولى,Corps du personnel de l'administration des douanes et impôts indirects,05,276,6837.7,5796.66
124,Gardien des Douanes de 1er grade,حارس للجمارك من الدرجة الأولى,Corps du personnel de l'administration des douanes et impôts indirects,06,293,6927.87,5868.7
124,Gardien des Douanes de 1er grade,حارس للجمارك من الدرجة الأولى,Corps du personnel de l'administration des douanes et impôts indirects,07,311,7023.35,5944.99
124,Gardien des Douanes de 1er grade,حارس للجمارك من الدرجة الأولى,Corps du personnel de l'administration des douanes et impôts indirects,08,332,7134.73,6033.99
124,Gardien des Douanes de 1er grade,حارس للجمارك من الدرجة الأولى,Corps du personnel de l'administration des douanes et impôts indirects,09,353,7246.12,6122.98
124,Gardien des Douanes de 1er grade,حارس للجمارك من الدرجة الأولى,Corps du personnel de l'administration des douanes et impôts indirects,10,373,7352.2,6207.74
125,Gardien des Douanes de 2ème grade,حارس الجمارك من الدرجة الثانية,Corps du personnel de l'administration des douanes et impôts indirects,01,177,5953.59,5120.09
125,Gardien des Douanes de 2ème grade,حارس الجمارك من الدرجة الثانية,Corps du personnel de l'administration des douanes et impôts indirects,02,193,6038.45,5193.07
125,Gardien des Douanes de 2ème grade,حارس الجمارك من الدرجة الثانية,Corps du personnel de l'administration des douanes et impôts indirects,03,208,6118.02,5261.49
125,Gardien des Douanes de 2ème grade,حارس الجمارك من الدرجة الثانية,Corps du personnel de l'administration des douanes et impôts indirects,04,225,6208.19,5339.04
125,Gardien des Douanes de 2ème grade,حارس الجمارك من الدرجة الثانية,Corps du personnel de l'administration des douanes et impôts indirects,05,242,6298.36,5416.59
125,Gardien des Douanes de 2ème grade,حارس الجمارك من الدرجة الثانية,Corps du personnel de l'administration des douanes et impôts indirects,06,260,6393.83,5498.7
125,Gardien des Douanes de 2ème grade,حارس الجمارك من الدرجة الثانية,Corps du personnel de l'administration des douanes et impôts indirects,07,277,6484.0,5576.24
125,Gardien des Douanes de 2ème grade,حارس الجمارك من الدرجة الثانية,Corps du personnel de l'administration des douanes et impôts indirects,08,291,6558.26,5573.39
125,Gardien des Douanes de 2ème grade,حارس الجمارك من الدرجة الثانية,Corps du personnel de l'administration des douanes et impôts indirects,09,305,6632.52,5632.72
125,Gardien des Douanes de 2ème grade,حارس الجمارك من الدرجة الثانية,Corps du personnel de l'administration des douanes et impôts indirects,10,318,6701.48,5687.81
126,Gardien des Douanes de 3ème grade,حارس الجمارك من الدرجة الثالثة,Corps du personnel de l'administration des douanes et impôts indirects,01,153,5736.29,4933.21
126,Gardien des Douanes de 3ème grade,حارس الجمارك من الدرجة الثالثة,Corps du personnel de l'administration des douanes et impôts indirects,02,161,5778.72,4969.7
126,Gardien des Douanes de 3ème grade,حارس الجمارك من الدرجة الثالثة,Corps du personnel de l'administration des douanes et impôts indirects,03,173,5842.37,5024.44
126,Gardien des Douanes de 3ème grade,حارس الجمارك من الدرجة الثالثة,Corps du personnel de l'administration des douanes et impôts indirects,04,185,5906.02,5079.18
126,Gardien des Douanes de 3ème grade,حارس الجمارك من الدرجة الثالثة,Corps du personnel de l'administration des douanes et impôts indirects,05,197,5969.67,5133.92
126,Gardien des Douanes de 3ème grade,حارس الجمارك من الدرجة الثالثة,Corps du personnel de l'administration des douanes et impôts indirects,06,209,6033.32,5188.66
126,Gardien des Douanes de 3ème grade,حارس الجمارك من الدرجة الثالثة,Corps du personnel de l'administration des douanes et impôts indirects,07,222,6102.28,5247.96
126,Gardien des Douanes de 3ème grade,حارس الجمارك من الدرجة الثالثة,Corps du personnel de l'administration des douanes et impôts indirects,08,236,6176.53,5311.82
126,Gardien des Douanes de 3ème grade,حارس الجمارك من الدرجة الثالثة,Corps du personnel de l'administration des douanes et impôts indirects,09,249,6245.49,5371.12
126,Gardien des Douanes de 3ème grade,حارس الجمارك من الدرجة الثالثة,Corps du personnel de l'administration des douanes et impôts indirects,10,262,6314.44,5430.42
104,Ingénieur en Chef des Douanes de 1er grade,مهندس رئيس للجمارك من الدرجة الأولى,Corps du personnel de l'administration des douanes et impôts indirects,01,704,21594.88,15062.61
104,Ingénieur en Chef des Douanes de 1er grade,مهندس رئيس للجمارك من الدرجة الأولى,Corps du personnel de l'administration des douanes et impôts indirects,02,746,21817.66,15183.31
104,Ingénieur en Chef des Douanes de 1er grade,مهندس رئيس للجمارك من الدرجة الأولى,Corps du personnel de l'administration des douanes et impôts indirects,03,779,21992.7,15278.14
104,Ingénieur en Chef des Douanes de 1er grade,مهندس رئيس للجمارك من الدرجة الأولى,Corps du personnel de l'administration des douanes et impôts indirects,04,812,22167.73,15372.98
104,Ingénieur en Chef des Douanes de 1er grade,مهندس رئيس للجمارك من الدرجة الأولى,Corps du personnel de l'administration des douanes et impôts indirects,05,840,22316.25,15453.44
104,Ingénieur en Chef des Douanes de 1er grade,مهندس رئيس للجمارك من الدرجة الأولى,Corps du personnel de l'administration des douanes et impôts indirects,06,870,22475.38,15539.66
103,Ingénieur en Chef des Douanes grade principal,مهندس رئيس للجمارك من الدرجة الممتازة,Corps du personnel de l'administration des douanes et impôts indirects,01,870,31470.38,20413.15
103,Ingénieur en Chef des Douanes grade principal,مهندس رئيس للجمارك من الدرجة الممتازة,Corps du personnel de l'administration des douanes et impôts indirects,02,900,31629.5,20499.36
103,Ingénieur en Chef des Douanes grade principal,مهندس رئيس للجمارك من الدرجة الممتازة,Corps du personnel de l'administration des douanes et impôts indirects,03,930,31788.63,20585.58
103,Ingénieur en Chef des Douanes grade principal,مهندس رئيس للجمارك من الدرجة الممتازة,Corps du personnel de l'administration des douanes et impôts indirects,04,960,31947.75,20671.79
103,Ingénieur en Chef des Douanes grade principal,مهندس رئيس للجمارك من الدرجة الممتازة,Corps du personnel de l'administration des douanes et impôts indirects,05,990,32106.88,20758.0
112,Inspecteur des Douanes de 1er grade,مفتش الجمارك من الدرجة الأولى,Corps du personnel de l'administration des douanes et impôts indirects,01,336,11844.95,9505.66
112,Inspecteur des Douanes de 1er grade,مفتش الجمارك من الدرجة الأولى,Corps du personnel de l'administration des douanes et impôts indirects,02,369,12019.99,9611.03
112,Inspecteur des Douanes de 1er grade,مفتش الجمارك من الدرجة الأولى,Corps du personnel de l'administration des douanes et impôts indirects,03,403,12200.33,9719.6
112,Inspecteur des Douanes de 1er grade,مفتش الجمارك من الدرجة الأولى,Corps du personnel de l'administration des douanes et impôts indirects,04,436,12375.37,9824.97
112,Inspecteur des Douanes de 1er grade,مفتش الجمارك من الدرجة الأولى,Corps du personnel de l'administration des douanes et impôts indirects,05,472,12566.32,9939.92
112,Inspecteur des Douanes de 1er grade,مفتش الجمارك من الدرجة الأولى,Corps du personnel de l'administration des douanes et impôts indirects,06,509,16616.57,12256.57
112,Inspecteur des Douanes de 1er grade,مفتش الجمارك من الدرجة الأولى,Corps du personnel de l'administration des douanes et impôts indirects,07,542,16791.61,12355.92
112,Inspecteur des Douanes de 1er grade,مفتش الجمارك من الدرجة الأولى,Corps du personnel de l'administration des douanes et impôts indirects,08,574,16961.34,12452.26
112,Inspecteur des Douanes de 1er grade,مفتش الجمارك من الدرجة الأولى,Corps du personnel de l'administration des douanes et impôts indirects,09,606,17131.08,12548.6
112,Inspecteur des Douanes de 1er grade,مفتش الجمارك من الدرجة الأولى,Corps du personnel de l'administration des douanes et impôts indirects,10,639,17306.11,12647.95
112,Inspecteur des Douanes de 1er grade,مفتش الجمارك من الدرجة الأولى,Corps du personnel de l'administration des douanes et impôts indirects,11,704,17650.88,12843.64
113,Inspecteur des Douanes de 2ème grade,مفتش الجمارك من الدرجة الثانية,Corps du personnel de l'administration des douanes et impôts indirects,01,275,8162.4,6855.09
113,Inspecteur des Douanes de 2ème grade,مفتش الجمارك من الدرجة الثانية,Corps du personnel de l'administration des douanes et impôts indirects,02,300,8295.0,6955.04
113,Inspecteur des Douanes de 2ème grade,مفتش الجمارك من الدرجة الثانية,Corps du personnel de l'administration des douanes et impôts indirects,03,326,8432.91,7056.82
113,Inspecteur des Douanes de 2ème grade,مفتش الجمارك من الدرجة الثانية,Corps du personnel de l'administration des douanes et impôts indirects,04,351,8565.51,7154.68
113,Inspecteur des Douanes de 2ème grade,مفتش الجمارك من الدرجة الثانية,Corps du personnel de l'administration des douanes et impôts indirects,05,377,8703.42,7256.46
113,Inspecteur des Douanes de 2ème grade,مفتش الجمارك من الدرجة الثانية,Corps du personnel de l'administration des douanes et impôts indirects,06,402,9749.02,8028.11
113,Inspecteur des Douanes de 2ème grade,مفتش الجمارك من الدرجة الثانية,Corps du personnel de l'administration des douanes et impôts indirects,07,428,9886.93,8129.89
113,Inspecteur des Douanes de 2ème grade,مفتش الجمارك من الدرجة الثانية,Corps du personnel de l'administration des douanes et impôts indirects,08,456,10035.45,8239.5
113,Inspecteur des Douanes de 2ème grade,مفتش الجمارك من الدرجة الثانية,Corps du personnel de l'administration des douanes et impôts indirects,09,484,10183.97,8349.1
113,Inspecteur des Douanes de 2ème grade,مفتش الجمارك من الدرجة الثانية,Corps du personnel de l'administration des douanes et impôts indirects,10,512,10332.48,8458.71
113,Inspecteur des Douanes de 2ème grade,مفتش الجمارك من الدرجة الثانية,Corps du personnel de l'administration des douanes et impôts indirects,11,564,10608.3,8662.26
114,Inspecteur des Douanes de 3ème grade,مفتش الجمارك من الدرجة الثالثة,Corps du personnel de l'administration des douanes et impôts indirects,01,235,6942.23,5880.17
114,Inspecteur des Douanes de 3ème grade,مفتش الجمارك من الدرجة الثالثة,Corps du personnel de l'administration des douanes et impôts indirects,02,253,7037.7,5956.46
114,Inspecteur des Douanes de 3ème grade,مفتش الجمارك من الدرجة الثالثة,Corps du personnel de l'administration des douanes et impôts indirects,03,274,7149.09,6045.46
114,Inspecteur des Douanes de 3ème grade,مفتش الجمارك من الدرجة الثالثة,Corps du personnel de l'administration des douanes et impôts indirects,04,296,7265.78,6138.69
114,Inspecteur des Douanes de 3ème grade,مفتش الجمارك من الدرجة الثالثة,Corps du personnel de l'administration des douanes et impôts indirects,05,317,7377.17,6227.69
114,Inspecteur des Douanes de 3ème grade,مفتش الجمارك من الدرجة الثالثة,Corps du personnel de l'administration des douanes et impôts indirects,06,339,7493.86,6320.93
114,Inspecteur des Douanes de 3ème grade,مفتش الجمارك من الدرجة الثالثة,Corps du personnel de l'administration des douanes et impôts indirects,07,361,7610.55,6414.17
114,Inspecteur des Douanes de 3ème grade,مفتش الجمارك من الدرجة الثالثة,Corps du personnel de l'administration des douanes et impôts indirects,08,382,7721.94,6503.16
114,Inspecteur des Douanes de 3ème grade,مفتش الجمارك من الدرجة الثالثة,Corps du personnel de l'administration des douanes et impôts indirects,09,404,7838.63,6596.4
114,Inspecteur des Douanes de 3ème grade,مفتش الجمارك من الدرجة الثالثة,Corps du personnel de l'administration des douanes et impôts indirects,10,438,8018.98,6740.49
115,Inspecteur des Douanes de 4ème grade,مفتش الجمارك من الدرجة الرابعة,Corps du personnel de l'administration des douanes et impôts indirects,01,207,6471.71,5565.67
115,Inspecteur des Douanes de 4ème grade,مفتش الجمارك من الدرجة الرابعة,Corps du personnel de l'administration des douanes et impôts indirects,02,224,6561.88,5576.28
115,Inspecteur des Douanes de 4ème grade,مفتش الجمارك من الدرجة الرابعة,Corps du personnel de l'administration des douanes et impôts indirects,03,241,6652.05,5648.32
115,Inspecteur des Douanes de 4ème grade,مفتش الجمارك من الدرجة الرابعة,Corps du personnel de l'administration des douanes et impôts indirects,04,259,6747.53,5724.61
115,Inspecteur des Douanes de 4ème grade,مفتش الجمارك من الدرجة الرابعة,Corps du personnel de l'administration des douanes et impôts indirects,05,276,6837.7,5796.66
115,Inspecteur des Douanes de 4ème grade,مفتش الجمارك من الدرجة الرابعة,Corps du personnel de l'administration des douanes et impôts indirects,06,293,6927.87,5868.7
115,Inspecteur des Douanes de 4ème grade,مفتش الجمارك من الدرجة الرابعة,Corps du personnel de l'administration des douanes et impôts indirects,07,311,7023.35,5944.99
115,Inspecteur des Douanes de 4ème grade,مفتش الجمارك من الدرجة الرابعة,Corps du personnel de l'administration des douanes et impôts indirects,08,332,7134.73,6033.99
115,Inspecteur des Douanes de 4ème grade,مفتش الجمارك من الدرجة الرابعة,Corps du personnel de l'administration des douanes et impôts indirects,09,353,7246.12,6122.98
115,Inspecteur des Douanes de 4ème grade,مفتش الجمارك من الدرجة الرابعة,Corps du personnel de l'administration des douanes et impôts indirects,10,373,7352.2,6207.74
111,Inspecteur principal des Douanes,مفتش ممتاز للجمارك,Corps du personnel de l'administration des douanes et impôts indirects,01,704,21685.88,15111.91
111,Inspecteur principal des Douanes,مفتش ممتاز للجمارك,Corps du personnel de l'administration des douanes et impôts indirects,02,746,21908.66,15232.61
111,Inspecteur principal des Douanes,مفتش ممتاز للجمارك,Corps du personnel de l'administration des douanes et impôts indirects,03,779,22083.7,15327.45
111,Inspecteur principal des Douanes,مفتش ممتاز للجمارك,Corps du personnel de l'administration des douanes et impôts indirects,04,812,22258.73,15422.28
111,Inspecteur principal des Douanes,مفتش ممتاز للجمارك,Corps du personnel de l'administration des douanes et impôts indirects,05,840,22407.25,15502.75
111,Inspecteur principal des Douanes,مفتش ممتاز للجمارك,Corps du personnel de l'administration des douanes et impôts indirects,06,870,22566.38,15588.96
119,Officier Principal des Douanes,ضابط ممتاز للجمارك,Corps du personnel de l'administration des douanes et impôts indirects,01,704,21685.88,15111.91
119,Officier Principal des Douanes,ضابط ممتاز للجمارك,Corps du personnel de l'administration des douanes et impôts indirects,02,746,21908.66,15232.61
119,Officier Principal des Douanes,ضابط ممتاز للجمارك,Corps du personnel de l'administration des douanes et impôts indirects,03,779,22083.7,15327.45
119,Officier Principal des Douanes,ضابط ممتاز للجمارك,Corps du personnel de l'administration des douanes et impôts indirects,04,812,22258.73,15422.28
119,Officier Principal des Douanes,ضابط ممتاز للجمارك,Corps du personnel de l'administration des douanes et impôts indirects,05,840,22407.25,15502.75
119,Officier Principal des Douanes,ضابط ممتاز للجمارك,Corps du personnel de l'administration des douanes et impôts indirects,06,870,22566.38,15588.96
120,Officier des Douanes 1er grade,ضابط الجمارك من الدرجة الأولى,Corps du personnel de l'administration des douanes et impôts indirects,01,336,11844.95,9505.66
120,Officier des Douanes 1er grade,ضابط الجمارك من الدرجة الأولى,Corps du personnel de l'administration des douanes et impôts indirects,02,369,12019.99,9611.03
120,Officier des Douanes 1er grade,ضابط الجمارك من الدرجة الأولى,Corps du personnel de l'administration des douanes et impôts indirects,03,403,12200.33,9719.6
120,Officier des Douanes 1er grade,ضابط الجمارك من الدرجة الأولى,Corps du personnel de l'administration des douanes et impôts indirects,04,436,12375.37,9824.97
120,Officier des Douanes 1er grade,ضابط الجمارك من الدرجة الأولى,Corps du personnel de l'administration des douanes et impôts indirects,05,472,12566.32,9939.92
120,Officier des Douanes 1er grade,ضابط الجمارك من الدرجة الأولى,Corps du personnel de l'administration des douanes et impôts indirects,06,509,16616.57,12256.57
120,Officier des Douanes 1er grade,ضابط الجمارك من الدرجة الأولى,Corps du personnel de l'administration des douanes et impôts indirects,07,542,16791.61,12355.92
120,Officier des Douanes 1er grade,ضابط الجمارك من الدرجة الأولى,Corps du personnel de l'administration des douanes et impôts indirects,08,574,16961.34,12452.26
120,Officier des Douanes 1er grade,ضابط الجمارك من الدرجة الأولى,Corps du personnel de l'administration des douanes et impôts indirects,09,606,17131.08,12548.6
120,Officier des Douanes 1er grade,ضابط الجمارك من الدرجة الأولى,Corps du personnel de l'administration des douanes et impôts indirects,10,639,17306.11,12647.95
120,Officier des Douanes 1er grade,ضابط الجمارك من الدرجة الأولى,Corps du personnel de l'administration des douanes et impôts indirects,11,704,17650.88,12843.64
121,Officier des Douanes 2ème grade,ضابط الجمارك من الدرجة الثانية,Corps du personnel de l'administration des douanes et impôts indirects,01,275,8162.4,6855.09
121,Officier des Douanes 2ème grade,ضابط الجمارك من الدرجة الثانية,Corps du personnel de l'administration des douanes et impôts indirects,02,300,8295.0,6955.04
121,Officier des Douanes 2ème grade,ضابط الجمارك من الدرجة الثانية,Corps du personnel de l'administration des douanes et impôts indirects,03,326,8432.91,7056.82
121,Officier des Douanes 2ème grade,ضابط الجمارك من الدرجة الثانية,Corps du personnel de l'administration des douanes et impôts indirects,04,351,8565.51,7154.68
121,Officier des Douanes 2ème grade,ضابط الجمارك من الدرجة الثانية,Corps du personnel de l'administration des douanes et impôts indirects,05,377,8703.42,7256.46
121,Officier des Douanes 2ème grade,ضابط الجمارك من الدرجة الثانية,Corps du personnel de l'administration des douanes et impôts indirects,06,402,9749.02,8028.11
121,Officier des Douanes 2ème grade,ضابط الجمارك من الدرجة الثانية,Corps du personnel de l'administration des douanes et impôts indirects,07,428,9886.93,8129.89
121,Officier des Douanes 2ème grade,ضابط الجمارك من الدرجة الثانية,Corps du personnel de l'administration des douanes et impôts indirects,08,456,10035.45,8239.5
121,Officier des Douanes 2ème grade,ضابط الجمارك من الدرجة الثانية,Corps du personnel de l'administration des douanes et impôts indirects,09,484,10183.97,8349.1
121,Officier des Douanes 2ème grade,ضابط الجمارك من الدرجة الثانية,Corps du personnel de l'administration des douanes et impôts indirects,10,512,10332.48,8458.71
121,Officier des Douanes 2ème grade,ضابط الجمارك من الدرجة الثانية,Corps du personnel de l'administration des douanes et impôts indirects,11,564,10608.3,8662.26
122,Officier des Douanes 3ème grade,ضابط الجمارك من الدرجة الثالثة,Corps du personnel de l'administration des douanes et impôts indirects,01,235,6942.23,5880.17
122,Officier des Douanes 3ème grade,ضابط الجمارك من الدرجة الثالثة,Corps du personnel de l'administration des douanes et impôts indirects,02,253,7037.7,5956.46
122,Officier des Douanes 3ème grade,ضابط الجمارك من الدرجة الثالثة,Corps du personnel de l'administration des douanes et impôts indirects,03,274,7149.09,6045.46
122,Officier des Douanes 3ème grade,ضابط الجمارك من الدرجة الثالثة,Corps du personnel de l'administration des douanes et impôts indirects,04,296,7265.78,6138.69
122,Officier des Douanes 3ème grade,ضابط الجمارك من الدرجة الثالثة,Corps du personnel de l'administration des douanes et impôts indirects,05,317,7377.17,6227.69
122,Officier des Douanes 3ème grade,ضابط الجمارك من الدرجة الثالثة,Corps du personnel de l'administration des douanes et impôts indirects,06,339,7493.86,6320.93
122,Officier des Douanes 3ème grade,ضابط الجمارك من الدرجة الثالثة,Corps du personnel de l'administration des douanes et impôts indirects,07,361,7610.55,6414.17
122,Officier des Douanes 3ème grade,ضابط الجمارك من الدرجة الثالثة,Corps du personnel de l'administration des douanes et impôts indirects,08,382,7721.94,6503.16
122,Officier des Douanes 3ème grade,ضابط الجمارك من الدرجة الثالثة,Corps du personnel de l'administration des douanes et impôts indirects,09,404,7838.63,6596.4
122,Officier des Douanes 3ème grade,ضابط الجمارك من الدرجة الثالثة,Corps du personnel de l'administration des douanes et impôts indirects,10,438,8018.98,6740.49
123,Officier des Douanes 4ème grade,ضابط الجمارك من الدرجة الرابعة,Corps du personnel de l'administration des douanes et impôts indirects,01,207,6471.71,5565.67
123,Officier des Douanes 4ème grade,ضابط الجمارك من الدرجة الرابعة,Corps du personnel de l'administration des douanes et impôts indirects,02,224,6561.88,5576.28
123,Officier des Douanes 4ème grade,ضابط الجمارك من الدرجة الرابعة,Corps du personnel de l'administration des douanes et impôts indirects,03,241,6652.05,5648.32
123,Officier des Douanes 4ème grade,ضابط الجمارك من الدرجة الرابعة,Corps du personnel de l'administration des douanes et impôts indirects,04,259,6747.53,5724.61
123,Officier des Douanes 4ème grade,ضابط الجمارك من الدرجة الرابعة,Corps du personnel de l'administration des douanes et impôts indirects,05,276,6837.7,5796.66
123,Officier des Douanes 4ème grade,ضابط الجمارك من الدرجة الرابعة,Corps du personnel de l'administration des douanes et impôts indirects,06,293,6927.87,5868.7
123,Officier des Douanes 4ème grade,ضابط الجمارك من الدرجة الرابعة,Corps du personnel de l'administration des douanes et impôts indirects,07,311,7023.35,5944.99
123,Officier des Douanes 4ème grade,ضابط الجمارك من الدرجة الرابعة,Corps du personnel de l'administration des douanes et impôts indirects,08,332,7134.73,6033.99
123,Officier des Douanes 4ème grade,ضابط الجمارك من الدرجة الرابعة,Corps du personnel de l'administration des douanes et impôts indirects,09,353,7246.12,6122.98
123,Officier des Douanes 4ème grade,ضابط الجمارك من الدرجة الرابعة,Corps du personnel de l'administration des douanes et impôts indirects,10,373,7352.2,6207.74
130,Commandant éducateur,قائد مربي,Corps du personnel de l'administration pénitentiaire et de la réinsertion,01,275,10287.4,8425.43
130,Commandant éducateur,قائد مربي,Corps du personnel de l'administration pénitentiaire et de la réinsertion,02,300,10420.0,8523.29
130,Commandant éducateur,قائد مربي,Corps du personnel de l'administration pénitentiaire et de la réinsertion,03,326,10557.91,8625.07
130,Commandant éducateur,قائد مربي,Corps du personnel de l'administration pénitentiaire et de la réinsertion,04,351,10690.51,8722.93
130,Commandant éducateur,قائد مربي,Corps du personnel de l'administration pénitentiaire et de la réinsertion,05,377,10828.42,8824.71
130,Commandant éducateur,قائد مربي,Corps du personnel de l'administration pénitentiaire et de la réinsertion,06,402,11088.02,9006.59
130,Commandant éducateur,قائد مربي,Corps du personnel de l'administration pénitentiaire et de la réinsertion,07,428,11225.93,9099.96
130,Commandant éducateur,قائد مربي,Corps du personnel de l'administration pénitentiaire et de la réinsertion,08,456,11374.45,9200.5
130,Commandant éducateur,قائد مربي,Corps du personnel de l'administration pénitentiaire et de la réinsertion,09,484,11522.97,9301.05
130,Commandant éducateur,قائد مربي,Corps du personnel de l'administration pénitentiaire et de la réinsertion,10,512,11671.48,9401.23
130,Commandant éducateur,قائد مربي,Corps du personnel de l'administration pénitentiaire et de la réinsertion,ex,564,11947.3,9567.27
131,Commandant éducateur principal,قائد مربي ممتاز,Corps du personnel de l'administration pénitentiaire et de la réinsertion,01,336,14434.95,11018.28
131,Commandant éducateur principal,قائد مربي ممتاز,Corps du personnel de l'administration pénitentiaire et de la réinsertion,02,369,14609.99,11117.63
131,Commandant éducateur principal,قائد مربي ممتاز,Corps du personnel de l'administration pénitentiaire et de la réinsertion,03,403,14790.33,11219.99
131,Commandant éducateur principal,قائد مربي ممتاز,Corps du personnel de l'administration pénitentiaire et de la réinsertion,04,436,14965.37,11319.34
131,Commandant éducateur principal,قائد مربي ممتاز,Corps du personnel de l'administration pénitentiaire et de la réinsertion,05,472,15156.32,11427.73
131,Commandant éducateur principal,قائد مربي ممتاز,Corps du personnel de l'administration pénitentiaire et de la réinsertion,06,509,17102.57,12532.42
131,Commandant éducateur principal,قائد مربي ممتاز,Corps du personnel de l'administration pénitentiaire et de la réinsertion,07,542,17277.61,12631.77
131,Commandant éducateur principal,قائد مربي ممتاز,Corps du personnel de l'administration pénitentiaire et de la réinsertion,08,574,17447.34,12728.11
131,Commandant éducateur principal,قائد مربي ممتاز,Corps du personnel de l'administration pénitentiaire et de la réinsertion,09,606,17617.08,12824.45
131,Commandant éducateur principal,قائد مربي ممتاز,Corps du personnel de l'administration pénitentiaire et de la réinsertion,10,639,17792.11,12923.8
131,Commandant éducateur principal,قائد مربي ممتاز,Corps du personnel de l'administration pénitentiaire et de la réinsertion,ex,704,18136.88,13119.49
128,Officier éducateur,ضابط مربي,Corps du personnel de l'administration pénitentiaire et de la réinsertion,01,207,7829.71,6589.27
128,Officier éducateur,ضابط مربي,Corps du personnel de l'administration pénitentiaire et de la réinsertion,02,224,7919.88,6661.32
128,Officier éducateur,ضابط مربي,Corps du personnel de l'administration pénitentiaire et de la réinsertion,03,241,8010.05,6733.37
128,Officier éducateur,ضابط مربي,Corps du personnel de l'administration pénitentiaire et de la réinsertion,04,259,8105.53,6809.65
128,Officier éducateur,ضابط مربي,Corps du personnel de l'administration pénitentiaire et de la réinsertion,05,276,8195.7,6881.7
128,Officier éducateur,ضابط مربي,Corps du personnel de l'administration pénitentiaire et de la réinsertion,06,293,8285.87,6948.31
128,Officier éducateur,ضابط مربي,Corps du personnel de l'administration pénitentiaire et de la réinsertion,07,311,8381.35,7018.77
128,Officier éducateur,ضابط مربي,Corps du personnel de l'administration pénitentiaire et de la réinsertion,08,332,8492.73,7100.97
128,Officier éducateur,ضابط مربي,Corps du personnel de l'administration pénitentiaire et de la réinsertion,09,353,8604.12,7183.17
128,Officier éducateur,ضابط مربي,Corps du personnel de l'administration pénitentiaire et de la réinsertion,10,373,8710.2,7261.46
129,Officier éducateur principal,ضابط مربي ممتاز,Corps du personnel de l'administration pénitentiaire et de la réinsertion,01,235,8285.23,6947.83
129,Officier éducateur principal,ضابط مربي ممتاز,Corps du personnel de l'administration pénitentiaire et de la réinsertion,02,253,8380.7,7018.29
129,Officier éducateur principal,ضابط مربي ممتاز,Corps du personnel de l'administration pénitentiaire et de la réinsertion,03,274,8492.09,7100.5
129,Officier éducateur principal,ضابط مربي ممتاز,Corps du personnel de l'administration pénitentiaire et de la réinsertion,04,296,8608.78,7186.62
129,Officier éducateur principal,ضابط مربي ممتاز,Corps du personnel de l'administration pénitentiaire et de la réinsertion,05,317,8720.17,7268.82
129,Officier éducateur principal,ضابط مربي ممتاز,Corps du personnel de l'administration pénitentiaire et de la réinsertion,06,339,8836.86,7354.94
129,Officier éducateur principal,ضابط مربي ممتاز,Corps du personnel de l'administration pénitentiaire et de la réinsertion,07,361,8953.55,7441.06
129,Officier éducateur principal,ضابط مربي ممتاز,Corps du personnel de l'administration pénitentiaire et de la réinsertion,08,382,9064.94,7523.26
129,Officier éducateur principal,ضابط مربي ممتاز,Corps du personnel de l'administration pénitentiaire et de la réinsertion,09,404,9181.63,7609.38
129,Officier éducateur principal,ضابط مربي ممتاز,Corps du personnel de l'administration pénitentiaire et de la réinsertion,10,438,9361.98,7742.47
127,Surveillant éducateur,مراقب مربي,Corps du personnel de l'administration pénitentiaire et de la réinsertion,01,151,6778.68,5749.5
127,Surveillant éducateur,مراقب مربي,Corps du personnel de l'administration pénitentiaire et de la réinsertion,02,161,6831.72,5791.88
127,Surveillant éducateur,مراقب مربي,Corps du personnel de l'administration pénitentiaire et de la réinsertion,03,173,6895.37,5842.73
127,Surveillant éducateur,مراقب مربي,Corps du personnel de l'administration pénitentiaire et de la réinsertion,04,185,6959.02,5893.59
127,Surveillant éducateur,مراقب مربي,Corps du personnel de l'administration pénitentiaire et de la réinsertion,05,197,7022.67,5944.45
127,Surveillant éducateur,مراقب مربي,Corps du personnel de l'administration pénitentiaire et de la réinsertion,06,209,7086.32,5995.3
127,Surveillant éducateur,مراقب مربي,Corps du personnel de l'administration pénitentiaire et de la réinsertion,07,222,7155.28,6050.4
127,Surveillant éducateur,مراقب مربي,Corps du personnel de l'administration pénitentiaire et de la réinsertion,08,236,7229.53,6109.73
127,Surveillant éducateur,مراقب مربي,Corps du personnel de l'administration pénitentiaire et de la réinsertion,09,249,7298.49,6164.82
127,Surveillant éducateur,مراقب مربي,Corps du personnel de l'administration pénitentiaire et de la réinsertion,10,262,7367.44,6219.92
362,Surveillant éducateur principal,مراقب مربي ممتاز,Corps du personnel de l'administration pénitentiaire et de la réinsertion,01,177,6993.59,5921.21
362,Surveillant éducateur principal,مراقب مربي ممتاز,Corps du personnel de l'administration pénitentiaire et de la réinsertion,02,193,7078.45,5989.02
362,Surveillant éducateur principal,مراقب مربي ممتاز,Corps du personnel de l'administration pénitentiaire et de la réinsertion,03,208,7158.02,6052.59
362,Surveillant éducateur principal,مراقب مربي ممتاز,Corps du personnel de l'administration pénitentiaire et de la réinsertion,04,225,7248.19,6124.64
362,Surveillant éducateur principal,مراقب مربي ممتاز,Corps du personnel de l'administration pénitentiaire et de la réinsertion,05,242,7338.36,6196.68
362,Surveillant éducateur principal,مراقب مربي ممتاز,Corps du personnel de l'administration pénitentiaire et de la réinsertion,06,260,7433.83,6272.97
362,Surveillant éducateur principal,مراقب مربي ممتاز,Corps du personnel de l'administration pénitentiaire et de la réinsertion,07,277,7524.0,6345.01
362,Surveillant éducateur principal,مراقب مربي ممتاز,Corps du personnel de l'administration pénitentiaire et de la réinsertion,08,291,7598.26,6404.35
362,Surveillant éducateur principal,مراقب مربي ممتاز,Corps du personnel de l'administration pénitentiaire et de la réinsertion,09,305,7672.52,6463.68
362,Surveillant éducateur principal,مراقب مربي ممتاز,Corps du personnel de l'administration pénitentiaire et de la réinsertion,10,318,7741.48,6518.77
238,Brigadier,مقدم,Corps du personnel de la sureté nationale,01,164,8630.63,7202.74
238,Brigadier,مقدم,Corps du personnel de la sureté nationale,02,174,8683.67,7241.89
238,Brigadier,مقدم,Corps du personnel de la sureté nationale,03,186,8747.32,7288.86
238,Brigadier,مقدم,Corps du personnel de la sureté nationale,04,198,8810.98,7335.83
238,Brigadier,مقدم,Corps du personnel de la sureté nationale,05,210,8874.63,7382.81
238,Brigadier,مقدم,Corps du personnel de la sureté nationale,06,225,9001.19,7476.21
238,Brigadier,مقدم,Corps du personnel de la sureté nationale,07,238,9070.14,7527.1
238,Brigadier,مقدم,Corps du personnel de la sureté nationale,08,252,9144.4,7581.9
238,Brigadier,مقدم,Corps du personnel de la sureté nationale,09,265,9213.35,7632.79
238,Brigadier,مقدم,Corps du personnel de la sureté nationale,10,278,9282.31,7683.68
237,Brigadier chef,مقدم رئيس,Corps du personnel de la sureté nationale,01,208,9167.02,7598.59
237,Brigadier chef,مقدم رئيس,Corps du personnel de la sureté nationale,02,218,9220.06,7637.74
237,Brigadier chef,مقدم رئيس,Corps du personnel de la sureté nationale,03,230,9283.71,7684.71
237,Brigadier chef,مقدم رئيس,Corps du personnel de la sureté nationale,04,247,9373.88,7751.26
237,Brigadier chef,مقدم رئيس,Corps du personnel de la sureté nationale,05,264,9464.05,7817.8
237,Brigadier chef,مقدم رئيس,Corps du personnel de la sureté nationale,06,282,9654.52,7958.37
237,Brigadier chef,مقدم رئيس,Corps du personnel de la sureté nationale,07,291,9702.26,7993.6
237,Brigadier chef,مقدم رئيس,Corps du personnel de la sureté nationale,08,305,9776.52,8048.41
237,Brigadier chef,مقدم رئيس,Corps du personnel de la sureté nationale,09,319,9850.78,8103.21
237,Brigadier chef,مقدم رئيس,Corps du personnel de la sureté nationale,10,332,9919.73,8154.1
244,Commandant de groupement,قائد هيئة,Corps du personnel de la sureté nationale,01,770,38744.96,24354.52
244,Commandant de groupement,قائد هيئة,Corps du personnel de la sureté nationale,02,790,38851.04,24411.99
244,Commandant de groupement,قائد هيئة,Corps du personnel de la sureté nationale,03,812,38967.73,24475.22
244,Commandant de groupement,قائد هيئة,Corps du personnel de la sureté nationale,04,840,39382.25,24699.8
244,Commandant de groupement,قائد هيئة,Corps du personnel de la sureté nationale,05,870,39541.38,24786.02
244,Commandant de groupement,قائد هيئة,Corps du personnel de la sureté nationale,06,905,39727.02,24886.6
243,Commandant de groupement principal,قائد هيئة ممتاز,Corps du personnel de la sureté nationale,01,870,49956.38,30428.86
243,Commandant de groupement principal,قائد هيئة ممتاز,Corps du personnel de la sureté nationale,02,905,51493.02,31261.42
243,Commandant de groupement principal,قائد هيئة ممتاز,Corps du personnel de la sureté nationale,03,940,53944.67,32589.72
243,Commandant de groupement principal,قائد هيئة ممتاز,Corps du personnel de la sureté nationale,04,975,56452.31,33948.36
242,Commandant de paix,قائد أمن,Corps du personnel de la sureté nationale,01,336,15890.95,11844.7
242,Commandant de paix,قائد أمن,Corps du personnel de la sureté nationale,02,369,16065.99,11944.05
242,Commandant de paix,قائد أمن,Corps du personnel de la sureté nationale,03,406,16262.24,12055.45
242,Commandant de paix,قائد أمن,Corps du personnel de la sureté nationale,04,436,16421.37,12145.77
242,Commandant de paix,قائد أمن,Corps du personnel de la sureté nationale,05,476,16633.53,12266.19
242,Commandant de paix,قائد أمن,Corps du personnel de la sureté nationale,06,509,17039.57,12496.66
242,Commandant de paix,قائد أمن,Corps du personnel de la sureté nationale,07,542,17214.61,12596.01
242,Commandant de paix,قائد أمن,Corps du personnel de la sureté nationale,08,578,17405.56,12704.39
242,Commandant de paix,قائد أمن,Corps du personnel de la sureté nationale,09,610,17575.29,12800.74
242,Commandant de paix,قائد أمن,Corps du personnel de la sureté nationale,10,639,17729.11,12888.04
242,Commandant de paix,قائد أمن,Corps du personnel de la sureté nationale,Except,704,18073.88,13083.74
240,Commandant de paix divisionnaire,قائد أمن إقليمي,Corps du personnel de la sureté nationale,01,730,33888.79,21723.45
240,Commandant de paix divisionnaire,قائد أمن إقليمي,Corps du personnel de la sureté nationale,02,750,33994.88,21780.92
240,Commandant de paix divisionnaire,قائد أمن إقليمي,Corps du personnel de la sureté nationale,03,770,34100.96,21838.4
240,Commandant de paix divisionnaire,قائد أمن إقليمي,Corps du personnel de la sureté nationale,04,790,34473.04,22039.99
240,Commandant de paix divisionnaire,قائد أمن إقليمي,Corps du personnel de la sureté nationale,05,812,34589.73,22103.22
241,Commandant de paix principal,قائد أمن ممتاز,Corps du personnel de la sureté nationale,01,436,23831.37,16274.33
241,Commandant de paix principal,قائد أمن ممتاز,Corps du personnel de la sureté nationale,02,476,24043.53,16389.29
241,Commandant de paix principal,قائد أمن ممتاز,Corps du personnel de la sureté nationale,03,509,24218.57,16484.12
241,Commandant de paix principal,قائد أمن ممتاز,Corps du personnel de la sureté nationale,04,542,24393.61,16578.96
241,Commandant de paix principal,قائد أمن ممتاز,Corps du personnel de la sureté nationale,05,578,24584.56,16682.41
241,Commandant de paix principal,قائد أمن ممتاز,Corps du personnel de la sureté nationale,06,610,25019.29,16917.95
241,Commandant de paix principal,قائد أمن ممتاز,Corps du personnel de la sureté nationale,07,639,25173.11,17001.29
241,Commandant de paix principal,قائد أمن ممتاز,Corps du personnel de la sureté nationale,08,704,25517.88,17188.09
241,Commandant de paix principal,قائد أمن ممتاز,Corps du personnel de la sureté nationale,09,730,25655.79,17262.81
241,Commandant de paix principal,قائد أمن ممتاز,Corps du personnel de la sureté nationale,10,750,25761.88,17320.28
241,Commandant de paix principal,قائد أمن ممتاز,Corps du personnel de la sureté nationale,Except,770,25867.96,17377.76
36,Commissaire de police,عميد الشرطة,Corps du personnel de la sureté nationale,01,336,15890.95,11844.7
36,Commissaire de police,عميد الشرطة,Corps du personnel de la sureté nationale,02,369,16065.99,11944.05
36,Commissaire de police,عميد الشرطة,Corps du personnel de la sureté nationale,03,406,16262.24,12055.45
36,Commissaire de police,عميد الشرطة,Corps du personnel de la sureté nationale,04,436,16421.37,12145.77
36,Commissaire de police,عميد الشرطة,Corps du personnel de la sureté nationale,05,476,16633.53,12266.19
36,Commissaire de police,عميد الشرطة,Corps du personnel de la sureté nationale,06,509,17039.57,12496.66
36,Commissaire de police,عميد الشرطة,Corps du personnel de la sureté nationale,07,542,17214.61,12596.01
36,Commissaire de police,عميد الشرطة,Corps du personnel de la sureté nationale,08,578,17405.56,12704.39
36,Commissaire de police,عميد الشرطة,Corps du personnel de la sureté nationale,09,610,17575.29,12800.74
36,Commissaire de police,عميد الشرطة,Corps du personnel de la sureté nationale,10,639,17729.11,12888.04
36,Commissaire de police,عميد الشرطة,Corps du personnel de la sureté nationale,Except,704,18073.88,13083.74
247,Commissaire de police divisionnaire,عميد شرطة إقليمي,Corps du personnel de la sureté nationale,01,730,33888.79,21723.45
247,Commissaire de police divisionnaire,عميد شرطة إقليمي,Corps du personnel de la sureté nationale,02,750,33994.88,21780.92
247,Commissaire de police divisionnaire,عميد شرطة إقليمي,Corps du personnel de la sureté nationale,03,770,34100.96,21838.4
247,Commissaire de police divisionnaire,عميد شرطة إقليمي,Corps du personnel de la sureté nationale,04,790,34473.04,22039.99
247,Commissaire de police divisionnaire,عميد شرطة إقليمي,Corps du personnel de la sureté nationale,05,812,34589.73,22103.22
35,Commissaire de police principal,عميد الشرطة ممتاز,Corps du personnel de la sureté nationale,01,436,23831.37,16274.33
35,Commissaire de police principal,عميد الشرطة ممتاز,Corps du personnel de la sureté nationale,02,476,24043.53,16389.29
35,Commissaire de police principal,عميد الشرطة ممتاز,Corps du personnel de la sureté nationale,03,509,24218.57,16484.12
35,Commissaire de police principal,عميد الشرطة ممتاز,Corps du personnel de la sureté nationale,04,542,24393.61,16578.96
35,Commissaire de police principal,عميد الشرطة ممتاز,Corps du personnel de la sureté nationale,05,578,24584.56,16682.41
35,Commissaire de police principal,عميد الشرطة ممتاز,Corps du personnel de la sureté nationale,06,610,25019.29,16917.95
35,Commissaire de police principal,عميد الشرطة ممتاز,Corps du personnel de la sureté nationale,07,639,25173.11,17001.29
35,Commissaire de police principal,عميد الشرطة ممتاز,Corps du personnel de la sureté nationale,08,704,25517.88,17188.09
35,Commissaire de police principal,عميد الشرطة ممتاز,Corps du personnel de la sureté nationale,09,730,25655.79,17262.81
35,Commissaire de police principal,عميد الشرطة ممتاز,Corps du personnel de la sureté nationale,10,750,25761.88,17320.28
35,Commissaire de police principal,عميد الشرطة ممتاز,Corps du personnel de la sureté nationale,Except,770,25867.96,17377.76
249,Contrôleur général,مراقب عام,Corps du personnel de la sureté nationale,01,770,38744.96,24354.52
249,Contrôleur général,مراقب عام,Corps du personnel de la sureté nationale,02,790,38851.04,24411.99
249,Contrôleur général,مراقب عام,Corps du personnel de la sureté nationale,03,812,38967.73,24475.22
249,Contrôleur général,مراقب عام,Corps du personnel de la sureté nationale,04,840,39382.25,24699.8
249,Contrôleur général,مراقب عام,Corps du personnel de la sureté nationale,05,870,39541.38,24786.02
249,Contrôleur général,مراقب عام,Corps du personnel de la sureté nationale,06,905,39727.02,24886.6
40,Gardien de la paix,حارس الأمن,Corps du personnel de la sureté nationale,01,151,8038.68,6756.24
40,Gardien de la paix,حارس الأمن,Corps du personnel de la sureté nationale,02,161,8091.72,6798.62
40,Gardien de la paix,حارس الأمن,Corps du personnel de la sureté nationale,03,173,8155.37,6849.47
40,Gardien de la paix,حارس الأمن,Corps du personnel de la sureté nationale,04,185,8219.02,6898.97
40,Gardien de la paix,حارس الأمن,Corps du personnel de la sureté nationale,05,197,8282.67,6945.94
40,Gardien de la paix,حارس الأمن,Corps du personnel de la sureté nationale,06,209,8418.32,7046.05
40,Gardien de la paix,حارس الأمن,Corps du personnel de la sureté nationale,07,222,8487.27,7096.94
40,Gardien de la paix,حارس الأمن,Corps du personnel de la sureté nationale,08,236,8561.53,7151.74
40,Gardien de la paix,حارس الأمن,Corps du personnel de la sureté nationale,09,249,8630.49,7202.63
40,Gardien de la paix,حارس الأمن,Corps du personnel de la sureté nationale,10,262,8699.44,7253.52
39,Inspecteur de police,مفتش الشرطة,Corps du personnel de la sureté nationale,01,164,8630.63,7202.74
39,Inspecteur de police,مفتش الشرطة,Corps du personnel de la sureté nationale,02,174,8683.67,7241.89
39,Inspecteur de police,مفتش الشرطة,Corps du personnel de la sureté nationale,03,186,8747.32,7288.86
39,Inspecteur de police,مفتش الشرطة,Corps du personnel de la sureté nationale,04,198,8810.98,7335.83
39,Inspecteur de police,مفتش الشرطة,Corps du personnel de la sureté nationale,05,210,8874.63,7382.81
39,Inspecteur de police,مفتش الشرطة,Corps du personnel de la sureté nationale,06,225,9001.19,7476.21
39,Inspecteur de police,مفتش الشرطة,Corps du personnel de la sureté nationale,07,238,9070.14,7527.1
39,Inspecteur de police,مفتش الشرطة,Corps du personnel de la sureté nationale,08,252,9144.4,7581.9
39,Inspecteur de police,مفتش الشرطة,Corps du personnel de la sureté nationale,09,265,9213.35,7632.79
39,Inspecteur de police,مفتش الشرطة,Corps du personnel de la sureté nationale,10,278,9282.31,7683.68
245,Inspecteur de police principal,مفتش شرطة ممتاز,Corps du personnel de la sureté nationale,01,208,9167.02,7598.59
245,Inspecteur de police principal,مفتش شرطة ممتاز,Corps du personnel de la sureté nationale,02,218,9220.06,7637.74
245,Inspecteur de police principal,مفتش شرطة ممتاز,Corps du personnel de la sureté nationale,03,230,9283.71,7684.71
245,Inspecteur de police principal,مفتش شرطة ممتاز,Corps du personnel de la sureté nationale,04,247,9373.88,7751.26
245,Inspecteur de police principal,مفتش شرطة ممتاز,Corps du personnel de la sureté nationale,05,264,9464.05,7817.8
245,Inspecteur de police principal,مفتش شرطة ممتاز,Corps du personnel de la sureté nationale,06,282,9654.52,7958.37
245,Inspecteur de police principal,مفتش شرطة ممتاز,Corps du personnel de la sureté nationale,07,291,9702.26,7993.6
245,Inspecteur de police principal,مفتش شرطة ممتاز,Corps du personnel de la sureté nationale,08,305,9776.52,8048.41
245,Inspecteur de police principal,مفتش شرطة ممتاز,Corps du personnel de la sureté nationale,09,319,9850.78,8103.21
245,Inspecteur de police principal,مفتش شرطة ممتاز,Corps du personnel de la sureté nationale,10,332,9919.73,8154.1
38,Officier de paix,ضابط الأمن,Corps du personnel de la sureté nationale,01,230,10944.71,8909.57
38,Officier de paix,ضابط الأمن,Corps du personnel de la sureté nationale,02,247,11034.88,8970.61
38,Officier de paix,ضابط الأمن,Corps du personnel de la sureté nationale,03,264,11125.05,9031.66
38,Officier de paix,ضابط الأمن,Corps du personnel de la sureté nationale,04,282,11220.53,9096.3
38,Officier de paix,ضابط الأمن,Corps du personnel de la sureté nationale,05,309,11363.74,9193.25
38,Officier de paix,ضابط الأمن,Corps du personnel de la sureté nationale,06,326,11481.91,9273.25
38,Officier de paix,ضابط الأمن,Corps du personnel de la sureté nationale,07,344,11577.38,9337.89
38,Officier de paix,ضابط الأمن,Corps du personnel de la sureté nationale,08,363,11678.16,9405.25
38,Officier de paix,ضابط الأمن,Corps du personnel de la sureté nationale,09,384,11789.55,9472.31
38,Officier de paix,ضابط الأمن,Corps du personnel de la sureté nationale,10,404,11895.63,9536.17
239,Officier de paix principal,ظابط أمن ممتاز,Corps du personnel de la sureté nationale,01,264,11786.05,9470.2
239,Officier de paix principal,ظابط أمن ممتاز,Corps du personnel de la sureté nationale,02,282,11881.53,9527.68
239,Officier de paix principal,ظابط أمن ممتاز,Corps du personnel de la sureté nationale,03,303,11992.91,9594.73
239,Officier de paix principal,ظابط أمن ممتاز,Corps du personnel de la sureté nationale,04,325,12109.6,9664.98
239,Officier de paix principal,ظابط أمن ممتاز,Corps du personnel de la sureté nationale,05,346,12220.99,9732.04
239,Officier de paix principal,ظابط أمن ممتاز,Corps du personnel de la sureté nationale,06,368,12486.68,9891.98
239,Officier de paix principal,ظابط أمن ممتاز,Corps du personnel de la sureté nationale,07,380,12550.33,9930.3
239,Officier de paix principal,ظابط أمن ممتاز,Corps du personnel de la sureté nationale,08,401,12661.72,9997.36
239,Officier de paix principal,ظابط أمن ممتاز,Corps du personnel de la sureté nationale,09,423,12778.41,10067.6
239,Officier de paix principal,ظابط أمن ممتاز,Corps du personnel de la sureté nationale,10,457,12958.75,10176.17
37,Officier de police,ضابط الشرطة,Corps du personnel de la sureté nationale,01,230,10944.71,8909.57
37,Officier de police,ضابط الشرطة,Corps du personnel de la sureté nationale,02,247,11034.88,8970.61
37,Officier de police,ضابط الشرطة,Corps du personnel de la sureté nationale,03,264,11125.05,9031.66
37,Officier de police,ضابط الشرطة,Corps du personnel de la sureté nationale,04,282,11220.53,9096.3
37,Officier de police,ضابط الشرطة,Corps du personnel de la sureté nationale,05,309,11363.74,9193.25
37,Officier de police,ضابط الشرطة,Corps du personnel de la sureté nationale,06,326,11481.91,9273.25
37,Officier de police,ضابط الشرطة,Corps du personnel de la sureté nationale,07,344,11577.38,9337.89
37,Officier de police,ضابط الشرطة,Corps du personnel de la sureté nationale,08,363,11678.16,9405.25
37,Officier de police,ضابط الشرطة,Corps du personnel de la sureté nationale,09,384,11789.55,9472.31
37,Officier de police,ضابط الشرطة,Corps du personnel de la sureté nationale,10,404,11895.63,9536.17
246,Officier de police principal,ظابط شرطة ممتاز,Corps du personnel de la sureté nationale,01,264,11786.05,9470.2
246,Officier de police principal,ظابط شرطة ممتاز,Corps du personnel de la sureté nationale,02,282,11881.53,9527.68
246,Officier de police principal,ظابط شرطة ممتاز,Corps du personnel de la sureté nationale,03,303,11992.91,9594.73
246,Officier de police principal,ظابط شرطة ممتاز,Corps du personnel de la sureté nationale,04,325,12109.6,9664.98
246,Officier de police principal,ظابط شرطة ممتاز,Corps du personnel de la sureté nationale,05,346,12220.99,9732.04
246,Officier de police principal,ظابط شرطة ممتاز,Corps du personnel de la sureté nationale,06,368,12486.68,9891.98
246,Officier de police principal,ظابط شرطة ممتاز,Corps du personnel de la sureté nationale,07,380,12550.33,9930.3
246,Officier de police principal,ظابط شرطة ممتاز,Corps du personnel de la sureté nationale,08,401,12661.72,9997.36
246,Officier de police principal,ظابط شرطة ممتاز,Corps du personnel de la sureté nationale,09,423,12778.41,10067.6
246,Officier de police principal,ظابط شرطة ممتاز,Corps du personnel de la sureté nationale,10,457,12958.75,10176.17
248,Préfet de police,والي الأمن,Corps du personnel de la sureté nationale,01,870,49956.38,30428.86
248,Préfet de police,والي الأمن,Corps du personnel de la sureté nationale,02,905,51493.02,31261.42
248,Préfet de police,والي الأمن,Corps du personnel de la sureté nationale,03,940,53944.67,32589.72
248,Préfet de police,والي الأمن,Corps du personnel de la sureté nationale,04,975,56452.31,33948.36
370,"Assistant des établissements de formation des cadres du grade ""B""","مساعد بمؤسسات نكوين الأطر الدرجة ""ب""",Enseignants chercheurs des Etablissements de formation des cadres supérieurs (Statut 17/10/1975),01,472,20488.32,14454.17
370,"Assistant des établissements de formation des cadres du grade ""B""","مساعد بمؤسسات نكوين الأطر الدرجة ""ب""",Enseignants chercheurs des Etablissements de formation des cadres supérieurs (Statut 17/10/1975),02,509,20684.57,14565.56
370,"Assistant des établissements de formation des cadres du grade ""B""","مساعد بمؤسسات نكوين الأطر الدرجة ""ب""",Enseignants chercheurs des Etablissements de formation des cadres supérieurs (Statut 17/10/1975),03,542,20859.61,14664.24
370,"Assistant des établissements de formation des cadres du grade ""B""","مساعد بمؤسسات نكوين الأطر الدرجة ""ب""",Enseignants chercheurs des Etablissements de formation des cadres supérieurs (Statut 17/10/1975),04,574,24109.34,16424.94
370,"Assistant des établissements de formation des cadres du grade ""B""","مساعد بمؤسسات نكوين الأطر الدرجة ""ب""",Enseignants chercheurs des Etablissements de formation des cadres supérieurs (Statut 17/10/1975),05,606,24279.08,16516.9
370,"Assistant des établissements de formation des cadres du grade ""B""","مساعد بمؤسسات نكوين الأطر الدرجة ""ب""",Enseignants chercheurs des Etablissements de formation des cadres supérieurs (Statut 17/10/1975),06,639,24454.11,16611.74
370,"Assistant des établissements de formation des cadres du grade ""B""","مساعد بمؤسسات نكوين الأطر الدرجة ""ب""",Enseignants chercheurs des Etablissements de formation des cadres supérieurs (Statut 17/10/1975),07,680,24671.58,16729.56
371,"Assistant des établissemnts de formation des cadres du grade ""A""","مساعد بمؤسسات التكوين المهني الدرجة ""أ""",Enseignants chercheurs des Etablissements de formation des cadres supérieurs (Statut 17/10/1975),01,326,14009.91,10777.02
371,"Assistant des établissemnts de formation des cadres du grade ""A""","مساعد بمؤسسات التكوين المهني الدرجة ""أ""",Enseignants chercheurs des Etablissements de formation des cadres supérieurs (Statut 17/10/1975),02,351,14142.51,10852.29
371,"Assistant des établissemnts de formation des cadres du grade ""A""","مساعد بمؤسسات التكوين المهني الدرجة ""أ""",Enseignants chercheurs des Etablissements de formation des cadres supérieurs (Statut 17/10/1975),03,377,14280.42,10930.57
371,"Assistant des établissemnts de formation des cadres du grade ""A""","مساعد بمؤسسات التكوين المهني الدرجة ""أ""",Enseignants chercheurs des Etablissements de formation des cadres supérieurs (Statut 17/10/1975),04,402,14413.02,11005.83
371,"Assistant des établissemnts de formation des cadres du grade ""A""","مساعد بمؤسسات التكوين المهني الدرجة ""أ""",Enseignants chercheurs des Etablissements de formation des cadres supérieurs (Statut 17/10/1975),05,428,14550.93,11084.11
369,"Maître assistant des établissements de formation des cadres du grade ""A""","أستاذ مساعد بمؤسسات تكوين الأطر الدرجة ""أ""",Enseignants chercheurs des Etablissements de formation des cadres supérieurs (Statut 17/10/1975),01,336,18984.95,13600.86
369,"Maître assistant des établissements de formation des cadres du grade ""A""","أستاذ مساعد بمؤسسات تكوين الأطر الدرجة ""أ""",Enseignants chercheurs des Etablissements de formation des cadres supérieurs (Statut 17/10/1975),02,369,19159.99,13700.21
369,"Maître assistant des établissements de formation des cadres du grade ""A""","أستاذ مساعد بمؤسسات تكوين الأطر الدرجة ""أ""",Enseignants chercheurs des Etablissements de formation des cadres supérieurs (Statut 17/10/1975),03,403,19340.33,13802.57
369,"Maître assistant des établissements de formation des cadres du grade ""A""","أستاذ مساعد بمؤسسات تكوين الأطر الدرجة ""أ""",Enseignants chercheurs des Etablissements de formation des cadres supérieurs (Statut 17/10/1975),04,436,19515.37,13901.92
369,"Maître assistant des établissements de formation des cadres du grade ""A""","أستاذ مساعد بمؤسسات تكوين الأطر الدرجة ""أ""",Enseignants chercheurs des Etablissements de formation des cadres supérieurs (Statut 17/10/1975),05,472,19706.32,14010.31
368,"Maître assistant des établissements de formation des cadres du grade ""B""","استاذ مساعد بمؤسسات نكوين الأطر الدرجة ""ب""",Enseignants chercheurs des Etablissements de formation des cadres supérieurs (Statut 17/10/1975),01,509,21854.57,15203.31
368,"Maître assistant des établissements de formation des cadres du grade ""B""","استاذ مساعد بمؤسسات نكوين الأطر الدرجة ""ب""",Enseignants chercheurs des Etablissements de formation des cadres supérieurs (Statut 17/10/1975),02,542,22029.61,15298.14
368,"Maître assistant des établissements de formation des cadres du grade ""B""","استاذ مساعد بمؤسسات نكوين الأطر الدرجة ""ب""",Enseignants chercheurs des Etablissements de formation des cadres supérieurs (Statut 17/10/1975),03,574,22199.34,15390.1
368,"Maître assistant des établissements de formation des cadres du grade ""B""","استاذ مساعد بمؤسسات نكوين الأطر الدرجة ""ب""",Enseignants chercheurs des Etablissements de formation des cadres supérieurs (Statut 17/10/1975),04,606,22369.08,15482.06
368,"Maître assistant des établissements de formation des cadres du grade ""B""","استاذ مساعد بمؤسسات نكوين الأطر الدرجة ""ب""",Enseignants chercheurs des Etablissements de formation des cadres supérieurs (Statut 17/10/1975),05,639,22544.11,15576.9
368,"Maître assistant des établissements de formation des cadres du grade ""B""","استاذ مساعد بمؤسسات نكوين الأطر الدرجة ""ب""",Enseignants chercheurs des Etablissements de formation des cadres supérieurs (Statut 17/10/1975),06,704,22888.88,15763.7
367,"Maître assistant des établissemnts de formation des cadres du grade ""C""","أستاذ مساعد بمؤسسات تكوين الأطر الدرجة ""ج""",Enseignants chercheurs des Etablissements de formation des cadres supérieurs (Statut 17/10/1975),01,746,25229.66,17031.93
367,"Maître assistant des établissemnts de formation des cadres du grade ""C""","أستاذ مساعد بمؤسسات تكوين الأطر الدرجة ""ج""",Enseignants chercheurs des Etablissements de formation des cadres supérieurs (Statut 17/10/1975),02,779,25404.7,17126.76
367,"Maître assistant des établissemnts de formation des cadres du grade ""C""","أستاذ مساعد بمؤسسات تكوين الأطر الدرجة ""ج""",Enseignants chercheurs des Etablissements de formation des cadres supérieurs (Statut 17/10/1975),03,812,25579.73,17221.6
367,"Maître assistant des établissemnts de formation des cadres du grade ""C""","أستاذ مساعد بمؤسسات تكوين الأطر الدرجة ""ج""",Enseignants chercheurs des Etablissements de formation des cadres supérieurs (Statut 17/10/1975),04,840,25728.25,17302.07
391,Maître de conférence de grade 'A' (Enseignants chercheurs des établissements d'enseignement supérieur ne relevant pas des universités),أستاذ محاضر من الدرجة 'أ' (الأساتذة الباحثين بمؤسسات التعليم العالي غير التابعة للجامعات),Enseignants chercheurs des établissements d'enseignement supérieur ne relevant pas des universités,01,509,25616.57,17241.56
391,Maître de conférence de grade 'A' (Enseignants chercheurs des établissements d'enseignement supérieur ne relevant pas des universités),أستاذ محاضر من الدرجة 'أ' (الأساتذة الباحثين بمؤسسات التعليم العالي غير التابعة للجامعات),Enseignants chercheurs des établissements d'enseignement supérieur ne relevant pas des universités,02,542,25791.61,17336.39
391,Maître de conférence de grade 'A' (Enseignants chercheurs des établissements d'enseignement supérieur ne relevant pas des universités),أستاذ محاضر من الدرجة 'أ' (الأساتذة الباحثين بمؤسسات التعليم العالي غير التابعة للجامعات),Enseignants chercheurs des établissements d'enseignement supérieur ne relevant pas des universités,03,574,25961.34,17428.35
391,Maître de conférence de grade 'A' (Enseignants chercheurs des établissements d'enseignement supérieur ne relevant pas des universités),أستاذ محاضر من الدرجة 'أ' (الأساتذة الباحثين بمؤسسات التعليم العالي غير التابعة للجامعات),Enseignants chercheurs des établissements d'enseignement supérieur ne relevant pas des universités,04,606,26131.08,17520.32
390,Maître de conférence de grade 'B' (Enseignants chercheurs des établissements d'enseignement supérieur ne relevant pas des universités),أستاذ محاضر من الدرجة 'ب' (الأساتذة الباحثين بمؤسسات التعليم العالي غير التابعة للجامعات),Enseignants chercheurs des établissements d'enseignement supérieur ne relevant pas des universités,01,639,28502.11,18804.94
390,Maître de conférence de grade 'B' (Enseignants chercheurs des établissements d'enseignement supérieur ne relevant pas des universités),أستاذ محاضر من الدرجة 'ب' (الأساتذة الباحثين بمؤسسات التعليم العالي غير التابعة للجامعات),Enseignants chercheurs des établissements d'enseignement supérieur ne relevant pas des universités,02,704,28846.88,18991.74
390,Maître de conférence de grade 'B' (Enseignants chercheurs des établissements d'enseignement supérieur ne relevant pas des universités),أستاذ محاضر من الدرجة 'ب' (الأساتذة الباحثين بمؤسسات التعليم العالي غير التابعة للجامعات),Enseignants chercheurs des établissements d'enseignement supérieur ne relevant pas des universités,03,746,29069.66,19112.44
390,Maître de conférence de grade 'B' (Enseignants chercheurs des établissements d'enseignement supérieur ne relevant pas des universités),أستاذ محاضر من الدرجة 'ب' (الأساتذة الباحثين بمؤسسات التعليم العالي غير التابعة للجامعات),Enseignants chercheurs des établissements d'enseignement supérieur ne relevant pas des universités,04,779,29244.7,19207.28
389,Maître de conférence de grade 'C' (Enseignants chercheurs des établissements d'enseignement supérieur ne relevant pas des universités),أستاذ محاضر من الدرجة 'ج' (الأساتذة الباحثين بمؤسسات التعليم العالي غير التابعة للجامعات),Enseignants chercheurs des établissements d'enseignement supérieur ne relevant pas des universités,01,812,31479.73,20418.22
389,Maître de conférence de grade 'C' (Enseignants chercheurs des établissements d'enseignement supérieur ne relevant pas des universités),أستاذ محاضر من الدرجة 'ج' (الأساتذة الباحثين بمؤسسات التعليم العالي غير التابعة للجامعات),Enseignants chercheurs des établissements d'enseignement supérieur ne relevant pas des universités,02,840,31628.25,20498.69
389,Maître de conférence de grade 'C' (Enseignants chercheurs des établissements d'enseignement supérieur ne relevant pas des universités),أستاذ محاضر من الدرجة 'ج' (الأساتذة الباحثين بمؤسسات التعليم العالي غير التابعة للجامعات),Enseignants chercheurs des établissements d'enseignement supérieur ne relevant pas des universités,03,870,31787.38,20584.9
389,Maître de conférence de grade 'C' (Enseignants chercheurs des établissements d'enseignement supérieur ne relevant pas des universités),أستاذ محاضر من الدرجة 'ج' (الأساتذة الباحثين بمؤسسات التعليم العالي غير التابعة للجامعات),Enseignants chercheurs des établissements d'enseignement supérieur ne relevant pas des universités,04,900,31946.5,20671.11
388,Maître de conférence de grade 'D' (Enseignants chercheurs des établissements d'enseignement supérieur ne relevant pas des universités),أستاذ محاضر من الدرجة 'د' (الأساتذة الباحثين بمؤسسات التعليم العالي غير التابعة للجامعات),Enseignants chercheurs des établissements d'enseignement supérieur ne relevant pas des universités,01,930,34045.63,21808.42
388,Maître de conférence de grade 'D' (Enseignants chercheurs des établissements d'enseignement supérieur ne relevant pas des universités),أستاذ محاضر من الدرجة 'د' (الأساتذة الباحثين بمؤسسات التعليم العالي غير التابعة للجامعات),Enseignants chercheurs des établissements d'enseignement supérieur ne relevant pas des universités,02,960,34204.75,21894.63
388,Maître de conférence de grade 'D' (Enseignants chercheurs des établissements d'enseignement supérieur ne relevant pas des universités),أستاذ محاضر من الدرجة 'د' (الأساتذة الباحثين بمؤسسات التعليم العالي غير التابعة للجامعات),Enseignants chercheurs des établissements d'enseignement supérieur ne relevant pas des universités,03,990,34363.88,21980.85
388,Maître de conférence de grade 'D' (Enseignants chercheurs des établissements d'enseignement supérieur ne relevant pas des universités),أستاذ محاضر من الدرجة 'د' (الأساتذة الباحثين بمؤسسات التعليم العالي غير التابعة للجامعات),Enseignants chercheurs des établissements d'enseignement supérieur ne relevant pas des universités,04,1020,34523.0,22067.06
387,Maître de conférence habilité de grade 'A' (Enseignants chercheurs des établissements d'enseignement supérieur ne relevant pas des universités),أستاذ محاضر مؤهل من الدرجة 'أ' (الأساتذة الباحثين بمؤسسات التعليم العالي غير التابعة للجامعات),Enseignants chercheurs des établissements d'enseignement supérieur ne relevant pas des universités,01,580,29459.17,19323.48
387,Maître de conférence habilité de grade 'A' (Enseignants chercheurs des établissements d'enseignement supérieur ne relevant pas des universités),أستاذ محاضر مؤهل من الدرجة 'أ' (الأساتذة الباحثين بمؤسسات التعليم العالي غير التابعة للجامعات),Enseignants chercheurs des établissements d'enseignement supérieur ne relevant pas des universités,02,620,29671.33,19438.43
387,Maître de conférence habilité de grade 'A' (Enseignants chercheurs des établissements d'enseignement supérieur ne relevant pas des universités),أستاذ محاضر مؤهل من الدرجة 'أ' (الأساتذة الباحثين بمؤسسات التعليم العالي غير التابعة للجامعات),Enseignants chercheurs des établissements d'enseignement supérieur ne relevant pas des universités,03,660,29883.5,19553.38
387,Maître de conférence habilité de grade 'A' (Enseignants chercheurs des établissements d'enseignement supérieur ne relevant pas des universités),أستاذ محاضر مؤهل من الدرجة 'أ' (الأساتذة الباحثين بمؤسسات التعليم العالي غير التابعة للجامعات),Enseignants chercheurs des établissements d'enseignement supérieur ne relevant pas des universités,04,720,30201.75,19725.81
386,Maître de conférence habilité de grade 'B' (Enseignants chercheurs des établissements d'enseignement supérieur ne relevant pas des universités),أستاذ محاضر مؤهل من الدرجة 'ب' (الأساتذة الباحثين بمؤسسات التعليم العالي غير التابعة للجامعات),Enseignants chercheurs des établissements d'enseignement supérieur ne relevant pas des universités,01,779,32614.7,21033.14
386,Maître de conférence habilité de grade 'B' (Enseignants chercheurs des établissements d'enseignement supérieur ne relevant pas des universités),أستاذ محاضر مؤهل من الدرجة 'ب' (الأساتذة الباحثين بمؤسسات التعليم العالي غير التابعة للجامعات),Enseignants chercheurs des établissements d'enseignement supérieur ne relevant pas des universités,02,812,32789.73,21127.98
386,Maître de conférence habilité de grade 'B' (Enseignants chercheurs des établissements d'enseignement supérieur ne relevant pas des universités),أستاذ محاضر مؤهل من الدرجة 'ب' (الأساتذة الباحثين بمؤسسات التعليم العالي غير التابعة للجامعات),Enseignants chercheurs des établissements d'enseignement supérieur ne relevant pas des universités,03,840,32938.25,21208.44
386,Maître de conférence habilité de grade 'B' (Enseignants chercheurs des établissements d'enseignement supérieur ne relevant pas des universités),أستاذ محاضر مؤهل من الدرجة 'ب' (الأساتذة الباحثين بمؤسسات التعليم العالي غير التابعة للجامعات),Enseignants chercheurs des établissements d'enseignement supérieur ne relevant pas des universités,04,870,33097.38,21294.66
385,Maître de conférence habilité de grade 'C' (Enseignants chercheurs des établissements d'enseignement supérieur ne relevant pas des universités),أستاذ محاضر مؤهل من الدرجة 'ج' (الأساتذة الباحثين بمؤسسات التعليم العالي غير التابعة للجامعات),Enseignants chercheurs des établissements d'enseignement supérieur ne relevant pas des universités,01,900,35340.5,22509.98
385,Maître de conférence habilité de grade 'C' (Enseignants chercheurs des établissements d'enseignement supérieur ne relevant pas des universités),أستاذ محاضر مؤهل من الدرجة 'ج' (الأساتذة الباحثين بمؤسسات التعليم العالي غير التابعة للجامعات),Enseignants chercheurs des établissements d'enseignement supérieur ne relevant pas des universités,02,930,35499.63,22596.2
385,Maître de conférence habilité de grade 'C' (Enseignants chercheurs des établissements d'enseignement supérieur ne relevant pas des universités),أستاذ محاضر مؤهل من الدرجة 'ج' (الأساتذة الباحثين بمؤسسات التعليم العالي غير التابعة للجامعات),Enseignants chercheurs des établissements d'enseignement supérieur ne relevant pas des universités,03,960,35658.75,22682.41
385,Maître de conférence habilité de grade 'C' (Enseignants chercheurs des établissements d'enseignement supérieur ne relevant pas des universités),أستاذ محاضر مؤهل من الدرجة 'ج' (الأساتذة الباحثين بمؤسسات التعليم العالي غير التابعة للجامعات),Enseignants chercheurs des établissements d'enseignement supérieur ne relevant pas des universités,04,990,35817.88,22768.62
385,Maître de conférence habilité de grade 'C' (Enseignants chercheurs des établissements d'enseignement supérieur ne relevant pas des universités),أستاذ محاضر مؤهل من الدرجة 'ج' (الأساتذة الباحثين بمؤسسات التعليم العالي غير التابعة للجامعات),Enseignants chercheurs des établissements d'enseignement supérieur ne relevant pas des universités,05,1020,35977.0,22854.84
384,Professeur de l'enseignement supérieur de grade 'A' (Enseignants chercheurs des établissements d'enseignement supérieur ne relevant pas des universités),أستاذ التعليم العالي من الدرجة 'أ' (الأساتذة الباحثين بمؤسسات التعليم العالي غير التابعة للجامعات),Enseignants chercheurs des établissements d'enseignement supérieur ne relevant pas des universités,01,760,35327.92,22503.17
384,Professeur de l'enseignement supérieur de grade 'A' (Enseignants chercheurs des établissements d'enseignement supérieur ne relevant pas des universités),أستاذ التعليم العالي من الدرجة 'أ' (الأساتذة الباحثين بمؤسسات التعليم العالي غير التابعة للجامعات),Enseignants chercheurs des établissements d'enseignement supérieur ne relevant pas des universités,02,785,35460.52,22575.01
384,Professeur de l'enseignement supérieur de grade 'A' (Enseignants chercheurs des établissements d'enseignement supérieur ne relevant pas des universités),أستاذ التعليم العالي من الدرجة 'أ' (الأساتذة الباحثين بمؤسسات التعليم العالي غير التابعة للجامعات),Enseignants chercheurs des établissements d'enseignement supérieur ne relevant pas des universités,03,810,35593.13,22646.86
384,Professeur de l'enseignement supérieur de grade 'A' (Enseignants chercheurs des établissements d'enseignement supérieur ne relevant pas des universités),أستاذ التعليم العالي من الدرجة 'أ' (الأساتذة الباحثين بمؤسسات التعليم العالي غير التابعة للجامعات),Enseignants chercheurs des établissements d'enseignement supérieur ne relevant pas des universités,04,835,35725.73,22718.7
383,Professeur de l'enseignement supérieur de grade 'B' (Enseignants chercheurs des établissements d'enseignement supérieur ne relevant pas des universités),أستاذ التعليم العالي من الدرجة 'ب' (الأساتذة الباحثين بمؤسسات التعليم العالي غير التابعة للجامعات),Enseignants chercheurs des établissements d'enseignement supérieur ne relevant pas des universités,01,860,42072.33,26157.29
383,Professeur de l'enseignement supérieur de grade 'B' (Enseignants chercheurs des établissements d'enseignement supérieur ne relevant pas des universités),أستاذ التعليم العالي من الدرجة 'ب' (الأساتذة الباحثين بمؤسسات التعليم العالي غير التابعة للجامعات),Enseignants chercheurs des établissements d'enseignement supérieur ne relevant pas des universités,02,885,42204.94,26229.14
383,Professeur de l'enseignement supérieur de grade 'B' (Enseignants chercheurs des établissements d'enseignement supérieur ne relevant pas des universités),أستاذ التعليم العالي من الدرجة 'ب' (الأساتذة الباحثين بمؤسسات التعليم العالي غير التابعة للجامعات),Enseignants chercheurs des établissements d'enseignement supérieur ne relevant pas des universités,03,915,42364.06,26315.35
383,Professeur de l'enseignement supérieur de grade 'B' (Enseignants chercheurs des établissements d'enseignement supérieur ne relevant pas des universités),أستاذ التعليم العالي من الدرجة 'ب' (الأساتذة الباحثين بمؤسسات التعليم العالي غير التابعة للجامعات),Enseignants chercheurs des établissements d'enseignement supérieur ne relevant pas des universités,04,945,42523.19,26401.56
382,Professeur de l'enseignement supérieur de grade 'C' (Enseignants chercheurs des établissements d'enseignement supérieur ne relevant pas des universités),أستاذ التعليم العالي من الدرجة 'ج' (الأساتذة الباحثين بمؤسسات التعليم العالي غير التابعة للجامعات),Enseignants chercheurs des établissements d'enseignement supérieur ne relevant pas des universités,01,975,48898.31,29855.61
382,Professeur de l'enseignement supérieur de grade 'C' (Enseignants chercheurs des établissements d'enseignement supérieur ne relevant pas des universités),أستاذ التعليم العالي من الدرجة 'ج' (الأساتذة الباحثين بمؤسسات التعليم العالي غير التابعة للجامعات),Enseignants chercheurs des établissements d'enseignement supérieur ne relevant pas des universités,02,1005,49057.44,29941.82
382,Professeur de l'enseignement supérieur de grade 'C' (Enseignants chercheurs des établissements d'enseignement supérieur ne relevant pas des universités),أستاذ التعليم العالي من الدرجة 'ج' (الأساتذة الباحثين بمؤسسات التعليم العالي غير التابعة للجامعات),Enseignants chercheurs des établissements d'enseignement supérieur ne relevant pas des universités,03,1035,49216.56,30028.03
382,Professeur de l'enseignement supérieur de grade 'C' (Enseignants chercheurs des établissements d'enseignement supérieur ne relevant pas des universités),أستاذ التعليم العالي من الدرجة 'ج' (الأساتذة الباحثين بمؤسسات التعليم العالي غير التابعة للجامعات),Enseignants chercheurs des établissements d'enseignement supérieur ne relevant pas des universités,04,1065,49375.69,30114.25
381,Professeur de l'enseignement supérieur de grade 'D' (Enseignants chercheurs des établissements d'enseignement supérieur ne relevant pas des universités),أستاذ التعليم العالي من الدرجة 'د' (الأساتذة الباحثين بمؤسسات التعليم العالي غير التابعة للجامعات),Enseignants chercheurs des établissements d'enseignement supérieur ne relevant pas des universités,01,1095,55160.81,33248.63
381,Professeur de l'enseignement supérieur de grade 'D' (Enseignants chercheurs des établissements d'enseignement supérieur ne relevant pas des universités),أستاذ التعليم العالي من الدرجة 'د' (الأساتذة الباحثين بمؤسسات التعليم العالي غير التابعة للجامعات),Enseignants chercheurs des établissements d'enseignement supérieur ne relevant pas des universités,02,1125,55319.94,33334.84
381,Professeur de l'enseignement supérieur de grade 'D' (Enseignants chercheurs des établissements d'enseignement supérieur ne relevant pas des universités),أستاذ التعليم العالي من الدرجة 'د' (الأساتذة الباحثين بمؤسسات التعليم العالي غير التابعة للجامعات),Enseignants chercheurs des établissements d'enseignement supérieur ne relevant pas des universités,03,1155,55479.06,33421.06
381,Professeur de l'enseignement supérieur de grade 'D' (Enseignants chercheurs des établissements d'enseignement supérieur ne relevant pas des universités),أستاذ التعليم العالي من الدرجة 'د' (الأساتذة الباحثين بمؤسسات التعليم العالي غير التابعة للجامعات),Enseignants chercheurs des établissements d'enseignement supérieur ne relevant pas des universités,04,1185,55638.19,33507.27
381,Professeur de l'enseignement supérieur de grade 'D' (Enseignants chercheurs des établissements d'enseignement supérieur ne relevant pas des universités),أستاذ التعليم العالي من الدرجة 'د' (الأساتذة الباحثين بمؤسسات التعليم العالي غير التابعة للجامعات),Enseignants chercheurs des établissements d'enseignement supérieur ne relevant pas des universités,05,1215,55797.31,33593.48
433,Architecte en chef grade principal,مهندس معماري رئيس من الدرجة الممتازة,Ingénieurs et architectes,01,870,33346.38,21429.57
433,Architecte en chef grade principal,مهندس معماري رئيس من الدرجة الممتازة,Ingénieurs et architectes,02,900,33505.5,21515.78
433,Architecte en chef grade principal,مهندس معماري رئيس من الدرجة الممتازة,Ingénieurs et architectes,03,930,33664.63,21601.99
433,Architecte en chef grade principal,مهندس معماري رئيس من الدرجة الممتازة,Ingénieurs et architectes,04,960,33823.75,21688.21
433,Architecte en chef grade principal,مهندس معماري رئيس من الدرجة الممتازة,Ingénieurs et architectes,05,990,33982.88,21774.42
434,Architecte en chef premier grade,مهندس معماري رئيس من الدرجة الأولى,Ingénieurs et architectes,01,704,23470.88,16079.02
434,Architecte en chef premier grade,مهندس معماري رئيس من الدرجة الأولى,Ingénieurs et architectes,02,746,23693.66,16199.72
434,Architecte en chef premier grade,مهندس معماري رئيس من الدرجة الأولى,Ingénieurs et architectes,03,779,23868.7,16294.56
434,Architecte en chef premier grade,مهندس معماري رئيس من الدرجة الأولى,Ingénieurs et architectes,04,812,24043.73,16389.39
434,Architecte en chef premier grade,مهندس معماري رئيس من الدرجة الأولى,Ingénieurs et architectes,05,840,24192.25,16469.86
434,Architecte en chef premier grade,مهندس معماري رئيس من الدرجة الأولى,Ingénieurs et architectes,06,870,24351.38,16556.07
435,Architecte grade principal,مهندس معماري من الدرجة الممتازة,Ingénieurs et architectes,01,509,19021.57,13621.64
435,Architecte grade principal,مهندس معماري من الدرجة الممتازة,Ingénieurs et architectes,02,542,19196.61,13720.99
435,Architecte grade principal,مهندس معماري من الدرجة الممتازة,Ingénieurs et architectes,03,574,19366.34,13817.34
435,Architecte grade principal,مهندس معماري من الدرجة الممتازة,Ingénieurs et architectes,04,606,19536.08,13913.68
435,Architecte grade principal,مهندس معماري من الدرجة الممتازة,Ingénieurs et architectes,05,639,19711.11,14013.03
435,Architecte grade principal,مهندس معماري من الدرجة الممتازة,Ingénieurs et architectes,06,704,20055.88,14208.72
432,Ingénieur d'Etat grade principal,مهندس دولة من الدرجة الممتازة,Ingénieurs et architectes,01,509,19021.57,13621.64
432,Ingénieur d'Etat grade principal,مهندس دولة من الدرجة الممتازة,Ingénieurs et architectes,02,542,19196.61,13720.99
432,Ingénieur d'Etat grade principal,مهندس دولة من الدرجة الممتازة,Ingénieurs et architectes,03,574,19366.34,13817.34
432,Ingénieur d'Etat grade principal,مهندس دولة من الدرجة الممتازة,Ingénieurs et architectes,04,606,19536.08,13913.68
432,Ingénieur d'Etat grade principal,مهندس دولة من الدرجة الممتازة,Ingénieurs et architectes,05,639,19711.11,14013.03
432,Ingénieur d'Etat grade principal,مهندس دولة من الدرجة الممتازة,Ingénieurs et architectes,06,704,20055.88,14208.72
430,Ingénieur en chef grade principal,مهندس رئيس من الدرجة الممتازة,Ingénieurs et architectes,01,870,33346.38,21429.57
430,Ingénieur en chef grade principal,مهندس رئيس من الدرجة الممتازة,Ingénieurs et architectes,02,900,33505.5,21515.78
430,Ingénieur en chef grade principal,مهندس رئيس من الدرجة الممتازة,Ingénieurs et architectes,03,930,33664.63,21601.99
430,Ingénieur en chef grade principal,مهندس رئيس من الدرجة الممتازة,Ingénieurs et architectes,04,960,33823.75,21688.21
430,Ingénieur en chef grade principal,مهندس رئيس من الدرجة الممتازة,Ingénieurs et architectes,05,990,33982.88,21774.42
431,Ingénieur en chef premier grade,مهندس رئيس من الدرجة الأولى,Ingénieurs et architectes,01,704,23470.88,16079.02
431,Ingénieur en chef premier grade,مهندس رئيس من الدرجة الأولى,Ingénieurs et architectes,02,746,23693.66,16199.72
431,Ingénieur en chef premier grade,مهندس رئيس من الدرجة الأولى,Ingénieurs et architectes,03,779,23868.7,16294.56
431,Ingénieur en chef premier grade,مهندس رئيس من الدرجة الأولى,Ingénieurs et architectes,04,812,24043.73,16389.39
431,Ingénieur en chef premier grade,مهندس رئيس من الدرجة الأولى,Ingénieurs et architectes,05,840,24192.25,16469.86
431,Ingénieur en chef premier grade,مهندس رئيس من الدرجة الأولى,Ingénieurs et architectes,06,870,24351.38,16556.07
363,Ingénieur d'application grade principal,مهندس التطبيق من الدرجة الممتازة,Ingénieurs et architectes (Statuts du 01/04/1967 et 01/01/1986),01,402,10970.02,8926.71
363,Ingénieur d'application grade principal,مهندس التطبيق من الدرجة الممتازة,Ingénieurs et architectes (Statuts du 01/04/1967 et 01/01/1986),02,428,11107.93,9020.07
363,Ingénieur d'application grade principal,مهندس التطبيق من الدرجة الممتازة,Ingénieurs et architectes (Statuts du 01/04/1967 et 01/01/1986),03,456,11256.45,9120.62
363,Ingénieur d'application grade principal,مهندس التطبيق من الدرجة الممتازة,Ingénieurs et architectes (Statuts du 01/04/1967 et 01/01/1986),04,484,11404.97,9221.16
363,Ingénieur d'application grade principal,مهندس التطبيق من الدرجة الممتازة,Ingénieurs et architectes (Statuts du 01/04/1967 et 01/01/1986),05,512,11553.48,9321.71
363,Ingénieur d'application grade principal,مهندس التطبيق من الدرجة الممتازة,Ingénieurs et architectes (Statuts du 01/04/1967 et 01/01/1986),06,564,11829.3,9496.24
364,Ingénieur d'application premier grade,مهندس التطبيق من الدرجة الأولى,Ingénieurs et architectes (Statuts du 01/04/1967 et 01/01/1986),01,275,8278.4,6942.79
364,Ingénieur d'application premier grade,مهندس التطبيق من الدرجة الأولى,Ingénieurs et architectes (Statuts du 01/04/1967 et 01/01/1986),02,300,8411.0,7040.65
364,Ingénieur d'application premier grade,مهندس التطبيق من الدرجة الأولى,Ingénieurs et architectes (Statuts du 01/04/1967 et 01/01/1986),03,326,8548.91,7142.43
364,Ingénieur d'application premier grade,مهندس التطبيق من الدرجة الأولى,Ingénieurs et architectes (Statuts du 01/04/1967 et 01/01/1986),04,351,8681.51,7240.29
364,Ingénieur d'application premier grade,مهندس التطبيق من الدرجة الأولى,Ingénieurs et architectes (Statuts du 01/04/1967 et 01/01/1986),05,377,8819.42,7342.07
200,Magistrat de grade principal,قاضي من الدرجة الممتازة,Magistrats,01,960,57123.75,34312.15
200,Magistrat de grade principal,قاضي من الدرجة الممتازة,Magistrats,02,990,57282.88,34398.36
200,Magistrat de grade principal,قاضي من الدرجة الممتازة,Magistrats,03,1020,57442.0,34484.58
200,Magistrat de grade principal,قاضي من الدرجة الممتازة,Magistrats,04,1050,66651.13,39474.08
200,Magistrat de grade principal,قاضي من الدرجة الممتازة,Magistrats,05,1080,66810.25,39560.29
200,Magistrat de grade principal,قاضي من الدرجة الممتازة,Magistrats,06,1110,66969.38,39646.51
200,Magistrat de grade principal,قاضي من الدرجة الممتازة,Magistrats,07,1140,76179.5,44636.55
200,Magistrat de grade principal,قاضي من الدرجة الممتازة,Magistrats,08,1170,76338.63,44722.77
200,Magistrat de grade principal,قاضي من الدرجة الممتازة,Magistrats,09,1200,76497.75,44808.98
200,Magistrat de grade principal,قاضي من الدرجة الممتازة,Magistrats,10,1230,76656.88,44895.19
200,Magistrat de grade principal,قاضي من الدرجة الممتازة,Magistrats,11,1260,76816.0,44981.41
202,Magistrat du deuxiéme grade (Magistrats),قاضي من الدرجة الثانية (القضاة),Magistrats,01,570,26507.13,17724.06
202,Magistrat du deuxiéme grade (Magistrats),قاضي من الدرجة الثانية (القضاة),Magistrats,02,602,26676.86,17816.02
202,Magistrat du deuxiéme grade (Magistrats),قاضي من الدرجة الثانية (القضاة),Magistrats,03,639,26873.11,17922.35
202,Magistrat du deuxiéme grade (Magistrats),قاضي من الدرجة الثانية (القضاة),Magistrats,04,671,27042.85,18014.31
202,Magistrat du deuxiéme grade (Magistrats),قاضي من الدرجة الثانية (القضاة),Magistrats,05,704,27217.88,18109.15
201,Magistrat du premier grade (Magistrats),قاضي من الدرجة الأولى (القضاة),Magistrats,01,704,28501.88,18804.82
201,Magistrat du premier grade (Magistrats),قاضي من الدرجة الأولى (القضاة),Magistrats,02,746,28724.66,18925.52
201,Magistrat du premier grade (Magistrats),قاضي من الدرجة الأولى (القضاة),Magistrats,03,779,28899.7,19020.36
201,Magistrat du premier grade (Magistrats),قاضي من الدرجة الأولى (القضاة),Magistrats,04,812,29074.73,19115.19
203,Magistrat du troisiéme grade (Magistrats),قاضي من الدرجة الثالثة (القضاة),Magistrats,01,329,28384.82,18741.4
203,Magistrat du troisiéme grade (Magistrats),قاضي من الدرجة الثالثة (القضاة),Magistrats,02,355,28522.73,18816.11
203,Magistrat du troisiéme grade (Magistrats),قاضي من الدرجة الثالثة (القضاة),Magistrats,03,380,28655.33,18887.96
203,Magistrat du troisiéme grade (Magistrats),قاضي من الدرجة الثالثة (القضاة),Magistrats,04,406,29193.24,19179.4
203,Magistrat du troisiéme grade (Magistrats),قاضي من الدرجة الثالثة (القضاة),Magistrats,05,432,29331.15,19254.12
203,Magistrat du troisiéme grade (Magistrats),قاضي من الدرجة الثالثة (القضاة),Magistrats,06,472,29543.32,19369.07
203,Magistrat du troisiéme grade (Magistrats),قاضي من الدرجة الثالثة (القضاة),Magistrats,07,501,29697.14,19452.41
203,Magistrat du troisiéme grade (Magistrats),قاضي من الدرجة الثالثة (القضاة),Magistrats,08,537,29888.09,19555.87
203,Magistrat du troisiéme grade (Magistrats),قاضي من الدرجة الثالثة (القضاة),Magistrats,09,570,30063.13,19650.7
407,Chirurgien dentiste grade exceptionnel,جراح أسنان من الدرجة الإستثنائية,"Medecins, pharmaciens et chirurgiens dentistes",01,770,26537.96,17740.77
407,Chirurgien dentiste grade exceptionnel,جراح أسنان من الدرجة الإستثنائية,"Medecins, pharmaciens et chirurgiens dentistes",02,799,26691.78,17824.11
407,Chirurgien dentiste grade exceptionnel,جراح أسنان من الدرجة الإستثنائية,"Medecins, pharmaciens et chirurgiens dentistes",03,839,26903.95,17939.06
407,Chirurgien dentiste grade exceptionnel,جراح أسنان من الدرجة الإستثنائية,"Medecins, pharmaciens et chirurgiens dentistes",04,872,27078.98,18033.89
407,Chirurgien dentiste grade exceptionnel,جراح أسنان من الدرجة الإستثنائية,"Medecins, pharmaciens et chirurgiens dentistes",05,905,27254.02,18128.73
408,Chirurgien dentiste grade principal,جراح أسنان من الدرجة الممتازة,"Medecins, pharmaciens et chirurgiens dentistes",01,674,22448.76,15525.24
408,Chirurgien dentiste grade principal,جراح أسنان من الدرجة الممتازة,"Medecins, pharmaciens et chirurgiens dentistes",02,707,22623.8,15620.07
408,Chirurgien dentiste grade principal,جراح أسنان من الدرجة الممتازة,"Medecins, pharmaciens et chirurgiens dentistes",03,740,22798.83,15714.91
408,Chirurgien dentiste grade principal,جراح أسنان من الدرجة الممتازة,"Medecins, pharmaciens et chirurgiens dentistes",04,773,22973.87,15809.74
408,Chirurgien dentiste grade principal,جراح أسنان من الدرجة الممتازة,"Medecins, pharmaciens et chirurgiens dentistes",05,806,23148.91,15904.58
406,Chirurgien dentiste hors grade,جراح أسنان خارج الدرجة,"Medecins, pharmaciens et chirurgiens dentistes",01,869,31815.07,20599.91
406,Chirurgien dentiste hors grade,جراح أسنان خارج الدرجة,"Medecins, pharmaciens et chirurgiens dentistes",02,899,31974.2,20686.12
406,Chirurgien dentiste hors grade,جراح أسنان خارج الدرجة,"Medecins, pharmaciens et chirurgiens dentistes",03,938,32181.06,20798.2
406,Chirurgien dentiste hors grade,جراح أسنان خارج الدرجة,"Medecins, pharmaciens et chirurgiens dentistes",04,971,32356.1,20893.03
406,Chirurgien dentiste hors grade,جراح أسنان خارج الدرجة,"Medecins, pharmaciens et chirurgiens dentistes",05,1004,32531.13,20987.87
13,Chirurgien dentiste premier grade,جراح أسنان من الدرجة الأولى,"Medecins, pharmaciens et chirurgiens dentistes",01,509,16782.57,12350.79
13,Chirurgien dentiste premier grade,جراح أسنان من الدرجة الأولى,"Medecins, pharmaciens et chirurgiens dentistes",02,542,16957.61,12450.14
13,Chirurgien dentiste premier grade,جراح أسنان من الدرجة الأولى,"Medecins, pharmaciens et chirurgiens dentistes",03,575,17132.65,12549.49
13,Chirurgien dentiste premier grade,جراح أسنان من الدرجة الأولى,"Medecins, pharmaciens et chirurgiens dentistes",04,608,17307.68,12648.84
13,Chirurgien dentiste premier grade,جراح أسنان من الدرجة الأولى,"Medecins, pharmaciens et chirurgiens dentistes",05,641,17482.72,12748.19
411,Chirurgien dentiste spécialiste grade exceptionnel,جراح الأسنان المختص من الدرجة الإستثنائية,"Medecins, pharmaciens et chirurgiens dentistes",01,770,26537.96,17740.77
411,Chirurgien dentiste spécialiste grade exceptionnel,جراح الأسنان المختص من الدرجة الإستثنائية,"Medecins, pharmaciens et chirurgiens dentistes",02,799,26691.78,17824.11
411,Chirurgien dentiste spécialiste grade exceptionnel,جراح الأسنان المختص من الدرجة الإستثنائية,"Medecins, pharmaciens et chirurgiens dentistes",03,839,26903.95,17939.06
411,Chirurgien dentiste spécialiste grade exceptionnel,جراح الأسنان المختص من الدرجة الإستثنائية,"Medecins, pharmaciens et chirurgiens dentistes",04,872,27078.98,18033.89
411,Chirurgien dentiste spécialiste grade exceptionnel,جراح الأسنان المختص من الدرجة الإستثنائية,"Medecins, pharmaciens et chirurgiens dentistes",05,905,27254.02,18128.73
410,Chirurgien dentiste spécialiste grade principal,جراح الأسنان المختص من الدرجة الممتازة,"Medecins, pharmaciens et chirurgiens dentistes",01,674,22448.76,15525.24
410,Chirurgien dentiste spécialiste grade principal,جراح الأسنان المختص من الدرجة الممتازة,"Medecins, pharmaciens et chirurgiens dentistes",02,707,22623.8,15620.07
410,Chirurgien dentiste spécialiste grade principal,جراح الأسنان المختص من الدرجة الممتازة,"Medecins, pharmaciens et chirurgiens dentistes",03,740,22798.83,15714.91
410,Chirurgien dentiste spécialiste grade principal,جراح الأسنان المختص من الدرجة الممتازة,"Medecins, pharmaciens et chirurgiens dentistes",04,773,22973.87,15809.74
410,Chirurgien dentiste spécialiste grade principal,جراح الأسنان المختص من الدرجة الممتازة,"Medecins, pharmaciens et chirurgiens dentistes",05,806,23148.91,15904.58
412,Chirurgien dentiste spécialiste hors grade,جراح الأسنان المختص خارج الدرجة,"Medecins, pharmaciens et chirurgiens dentistes",01,869,31815.07,20599.91
412,Chirurgien dentiste spécialiste hors grade,جراح الأسنان المختص خارج الدرجة,"Medecins, pharmaciens et chirurgiens dentistes",02,899,31974.2,20686.12
412,Chirurgien dentiste spécialiste hors grade,جراح الأسنان المختص خارج الدرجة,"Medecins, pharmaciens et chirurgiens dentistes",03,938,32181.06,20798.2
412,Chirurgien dentiste spécialiste hors grade,جراح الأسنان المختص خارج الدرجة,"Medecins, pharmaciens et chirurgiens dentistes",04,971,32356.1,20893.03
412,Chirurgien dentiste spécialiste hors grade,جراح الأسنان المختص خارج الدرجة,"Medecins, pharmaciens et chirurgiens dentistes",05,1004,32531.13,20987.87
409,Chirurgien dentiste spécialiste premier grade,جراح الأسنان المختص من الدرجة الأولى,"Medecins, pharmaciens et chirurgiens dentistes",01,509,16782.57,12350.79
409,Chirurgien dentiste spécialiste premier grade,جراح الأسنان المختص من الدرجة الأولى,"Medecins, pharmaciens et chirurgiens dentistes",02,542,16957.61,12450.14
409,Chirurgien dentiste spécialiste premier grade,جراح الأسنان المختص من الدرجة الأولى,"Medecins, pharmaciens et chirurgiens dentistes",03,575,17132.65,12549.49
409,Chirurgien dentiste spécialiste premier grade,جراح الأسنان المختص من الدرجة الأولى,"Medecins, pharmaciens et chirurgiens dentistes",04,608,17307.68,12648.84
409,Chirurgien dentiste spécialiste premier grade,جراح الأسنان المختص من الدرجة الأولى,"Medecins, pharmaciens et chirurgiens dentistes",05,641,17482.72,12748.19
393,Medecins grade exceptionnel,طبيب من الدرجة الإستثنائية,"Medecins, pharmaciens et chirurgiens dentistes",01,770,26537.96,17740.77
393,Medecins grade exceptionnel,طبيب من الدرجة الإستثنائية,"Medecins, pharmaciens et chirurgiens dentistes",02,799,26691.78,17824.11
393,Medecins grade exceptionnel,طبيب من الدرجة الإستثنائية,"Medecins, pharmaciens et chirurgiens dentistes",03,839,26903.95,17939.06
393,Medecins grade exceptionnel,طبيب من الدرجة الإستثنائية,"Medecins, pharmaciens et chirurgiens dentistes",04,872,27078.98,18033.89
393,Medecins grade exceptionnel,طبيب من الدرجة الإستثنائية,"Medecins, pharmaciens et chirurgiens dentistes",05,905,27254.02,18128.73
394,Medecins grade principal,طبيب من الدرجة الممتازة,"Medecins, pharmaciens et chirurgiens dentistes",01,674,22448.76,15525.24
394,Medecins grade principal,طبيب من الدرجة الممتازة,"Medecins, pharmaciens et chirurgiens dentistes",02,707,22623.8,15620.07
394,Medecins grade principal,طبيب من الدرجة الممتازة,"Medecins, pharmaciens et chirurgiens dentistes",03,740,22798.83,15714.91
394,Medecins grade principal,طبيب من الدرجة الممتازة,"Medecins, pharmaciens et chirurgiens dentistes",04,773,22973.87,15809.74
394,Medecins grade principal,طبيب من الدرجة الممتازة,"Medecins, pharmaciens et chirurgiens dentistes",05,806,23148.91,15904.58
392,Medecins hors grade,طبيب خارج الدرجة,"Medecins, pharmaciens et chirurgiens dentistes",01,869,31815.07,20599.91
392,Medecins hors grade,طبيب خارج الدرجة,"Medecins, pharmaciens et chirurgiens dentistes",02,899,31974.2,20686.12
392,Medecins hors grade,طبيب خارج الدرجة,"Medecins, pharmaciens et chirurgiens dentistes",03,938,32181.06,20798.2
392,Medecins hors grade,طبيب خارج الدرجة,"Medecins, pharmaciens et chirurgiens dentistes",04,971,32356.1,20893.03
392,Medecins hors grade,طبيب خارج الدرجة,"Medecins, pharmaciens et chirurgiens dentistes",05,1004,32531.13,20987.87
397,Médecin spécialiste grade exceptionnel,طبيب مختص من الدرجة الإستثنائية,"Medecins, pharmaciens et chirurgiens dentistes",01,770,26537.96,17740.77
397,Médecin spécialiste grade exceptionnel,طبيب مختص من الدرجة الإستثنائية,"Medecins, pharmaciens et chirurgiens dentistes",02,799,26691.78,17824.11
397,Médecin spécialiste grade exceptionnel,طبيب مختص من الدرجة الإستثنائية,"Medecins, pharmaciens et chirurgiens dentistes",03,839,26903.95,17939.06
397,Médecin spécialiste grade exceptionnel,طبيب مختص من الدرجة الإستثنائية,"Medecins, pharmaciens et chirurgiens dentistes",04,872,27078.98,18033.89
397,Médecin spécialiste grade exceptionnel,طبيب مختص من الدرجة الإستثنائية,"Medecins, pharmaciens et chirurgiens dentistes",05,905,27254.02,18128.73
396,Médecin spécialiste grade principal,طبيب مختص من الدرجة الممتازة,"Medecins, pharmaciens et chirurgiens dentistes",01,674,22448.76,15525.24
396,Médecin spécialiste grade principal,طبيب مختص من الدرجة الممتازة,"Medecins, pharmaciens et chirurgiens dentistes",02,707,22623.8,15620.07
396,Médecin spécialiste grade principal,طبيب مختص من الدرجة الممتازة,"Medecins, pharmaciens et chirurgiens dentistes",03,740,22798.83,15714.91
396,Médecin spécialiste grade principal,طبيب مختص من الدرجة الممتازة,"Medecins, pharmaciens et chirurgiens dentistes",04,773,22973.87,15809.74
396,Médecin spécialiste grade principal,طبيب مختص من الدرجة الممتازة,"Medecins, pharmaciens et chirurgiens dentistes",05,806,23148.91,15904.58
398,Médecin spécialiste hors grade,طبيب مختص خارج الدرجة,"Medecins, pharmaciens et chirurgiens dentistes",01,869,31815.07,20599.91
398,Médecin spécialiste hors grade,طبيب مختص خارج الدرجة,"Medecins, pharmaciens et chirurgiens dentistes",02,899,31974.2,20686.12
398,Médecin spécialiste hors grade,طبيب مختص خارج الدرجة,"Medecins, pharmaciens et chirurgiens dentistes",03,938,32181.06,20798.2
398,Médecin spécialiste hors grade,طبيب مختص خارج الدرجة,"Medecins, pharmaciens et chirurgiens dentistes",04,971,32356.1,20893.03
398,Médecin spécialiste hors grade,طبيب مختص خارج الدرجة,"Medecins, pharmaciens et chirurgiens dentistes",05,1004,32531.13,20987.87
395,Médecin spécialiste premier grade,طبيب مختص من الدرجة الأولى,"Medecins, pharmaciens et chirurgiens dentistes",01,509,16782.57,12350.79
395,Médecin spécialiste premier grade,طبيب مختص من الدرجة الأولى,"Medecins, pharmaciens et chirurgiens dentistes",02,542,16957.61,12450.14
395,Médecin spécialiste premier grade,طبيب مختص من الدرجة الأولى,"Medecins, pharmaciens et chirurgiens dentistes",03,575,17132.65,12549.49
395,Médecin spécialiste premier grade,طبيب مختص من الدرجة الأولى,"Medecins, pharmaciens et chirurgiens dentistes",04,608,17307.68,12648.84
395,Médecin spécialiste premier grade,طبيب مختص من الدرجة الأولى,"Medecins, pharmaciens et chirurgiens dentistes",05,641,17482.72,12748.19
11,Médecins premier grade,طبيب من الدرجة الأولى,"Medecins, pharmaciens et chirurgiens dentistes",01,509,16782.57,12350.79
11,Médecins premier grade,طبيب من الدرجة الأولى,"Medecins, pharmaciens et chirurgiens dentistes",02,542,16957.61,12450.14
11,Médecins premier grade,طبيب من الدرجة الأولى,"Medecins, pharmaciens et chirurgiens dentistes",03,575,17132.65,12549.49
11,Médecins premier grade,طبيب من الدرجة الأولى,"Medecins, pharmaciens et chirurgiens dentistes",04,608,17307.68,12648.84
11,Médecins premier grade,طبيب من الدرجة الأولى,"Medecins, pharmaciens et chirurgiens dentistes",05,641,17482.72,12748.19
400,Pharmacien grade exceptionnel,صيدلي من الدرجة الإستثنائية,"Medecins, pharmaciens et chirurgiens dentistes",01,770,26537.96,17740.77
400,Pharmacien grade exceptionnel,صيدلي من الدرجة الإستثنائية,"Medecins, pharmaciens et chirurgiens dentistes",02,799,26691.78,17824.11
400,Pharmacien grade exceptionnel,صيدلي من الدرجة الإستثنائية,"Medecins, pharmaciens et chirurgiens dentistes",03,839,26903.95,17939.06
400,Pharmacien grade exceptionnel,صيدلي من الدرجة الإستثنائية,"Medecins, pharmaciens et chirurgiens dentistes",04,872,27078.98,18033.89
400,Pharmacien grade exceptionnel,صيدلي من الدرجة الإستثنائية,"Medecins, pharmaciens et chirurgiens dentistes",05,905,27254.02,18128.73
401,Pharmacien grade principal,صيدلي من الدرجة الممتازة,"Medecins, pharmaciens et chirurgiens dentistes",01,674,22448.76,15525.24
401,Pharmacien grade principal,صيدلي من الدرجة الممتازة,"Medecins, pharmaciens et chirurgiens dentistes",02,707,22623.8,15620.07
401,Pharmacien grade principal,صيدلي من الدرجة الممتازة,"Medecins, pharmaciens et chirurgiens dentistes",03,740,22798.83,15714.91
401,Pharmacien grade principal,صيدلي من الدرجة الممتازة,"Medecins, pharmaciens et chirurgiens dentistes",04,773,22973.87,15809.74
401,Pharmacien grade principal,صيدلي من الدرجة الممتازة,"Medecins, pharmaciens et chirurgiens dentistes",05,806,23148.91,15904.58
399,Pharmacien hors grade,صيدلي خارج الدرجة,"Medecins, pharmaciens et chirurgiens dentistes",01,869,31815.07,20599.91
399,Pharmacien hors grade,صيدلي خارج الدرجة,"Medecins, pharmaciens et chirurgiens dentistes",02,899,31974.2,20686.12
399,Pharmacien hors grade,صيدلي خارج الدرجة,"Medecins, pharmaciens et chirurgiens dentistes",03,938,32181.06,20798.2
399,Pharmacien hors grade,صيدلي خارج الدرجة,"Medecins, pharmaciens et chirurgiens dentistes",04,971,32356.1,20893.03
399,Pharmacien hors grade,صيدلي خارج الدرجة,"Medecins, pharmaciens et chirurgiens dentistes",05,1004,32531.13,20987.87
12,Pharmacien premier grade,صيدلي من الدرجة الأولى,"Medecins, pharmaciens et chirurgiens dentistes",01,509,16782.57,12350.79
12,Pharmacien premier grade,صيدلي من الدرجة الأولى,"Medecins, pharmaciens et chirurgiens dentistes",02,542,16957.61,12450.14
12,Pharmacien premier grade,صيدلي من الدرجة الأولى,"Medecins, pharmaciens et chirurgiens dentistes",03,575,17132.65,12549.49
12,Pharmacien premier grade,صيدلي من الدرجة الأولى,"Medecins, pharmaciens et chirurgiens dentistes",04,608,17307.68,12648.84
12,Pharmacien premier grade,صيدلي من الدرجة الأولى,"Medecins, pharmaciens et chirurgiens dentistes",05,641,17482.72,12748.19
404,Pharmacien spécialiste grade exceptionnel,صيدلي مختص من الدرجة الإستثنائية,"Medecins, pharmaciens et chirurgiens dentistes",01,770,26537.96,17740.77
404,Pharmacien spécialiste grade exceptionnel,صيدلي مختص من الدرجة الإستثنائية,"Medecins, pharmaciens et chirurgiens dentistes",02,799,26691.78,17824.11
404,Pharmacien spécialiste grade exceptionnel,صيدلي مختص من الدرجة الإستثنائية,"Medecins, pharmaciens et chirurgiens dentistes",03,839,26903.95,17939.06
404,Pharmacien spécialiste grade exceptionnel,صيدلي مختص من الدرجة الإستثنائية,"Medecins, pharmaciens et chirurgiens dentistes",04,872,27078.98,18033.89
404,Pharmacien spécialiste grade exceptionnel,صيدلي مختص من الدرجة الإستثنائية,"Medecins, pharmaciens et chirurgiens dentistes",05,905,27254.02,18128.73
403,Pharmacien spécialiste grade principal,صيدلي مختص من الدرجة الممتازة,"Medecins, pharmaciens et chirurgiens dentistes",01,674,22448.76,15525.24
403,Pharmacien spécialiste grade principal,صيدلي مختص من الدرجة الممتازة,"Medecins, pharmaciens et chirurgiens dentistes",02,707,22623.8,15620.07
403,Pharmacien spécialiste grade principal,صيدلي مختص من الدرجة الممتازة,"Medecins, pharmaciens et chirurgiens dentistes",03,740,22798.83,15714.91
403,Pharmacien spécialiste grade principal,صيدلي مختص من الدرجة الممتازة,"Medecins, pharmaciens et chirurgiens dentistes",04,773,22973.87,15809.74
403,Pharmacien spécialiste grade principal,صيدلي مختص من الدرجة الممتازة,"Medecins, pharmaciens et chirurgiens dentistes",05,806,23148.91,15904.58
405,Pharmacien spécialiste hors grade,صيدلي مختص خارج الدرجة,"Medecins, pharmaciens et chirurgiens dentistes",01,869,31815.07,20599.91
405,Pharmacien spécialiste hors grade,صيدلي مختص خارج الدرجة,"Medecins, pharmaciens et chirurgiens dentistes",02,899,31974.2,20686.12
405,Pharmacien spécialiste hors grade,صيدلي مختص خارج الدرجة,"Medecins, pharmaciens et chirurgiens dentistes",03,938,32181.06,20798.2
405,Pharmacien spécialiste hors grade,صيدلي مختص خارج الدرجة,"Medecins, pharmaciens et chirurgiens dentistes",04,971,32356.1,20893.03
405,Pharmacien spécialiste hors grade,صيدلي مختص خارج الدرجة,"Medecins, pharmaciens et chirurgiens dentistes",05,1004,32531.13,20987.87
402,Pharmacien spécialiste premier grade,صيدلي مختص من الدرجة الأولى,"Medecins, pharmaciens et chirurgiens dentistes",01,509,16782.57,12350.79
402,Pharmacien spécialiste premier grade,صيدلي مختص من الدرجة الأولى,"Medecins, pharmaciens et chirurgiens dentistes",02,542,16957.61,12450.14
402,Pharmacien spécialiste premier grade,صيدلي مختص من الدرجة الأولى,"Medecins, pharmaciens et chirurgiens dentistes",03,575,17132.65,12549.49
402,Pharmacien spécialiste premier grade,صيدلي مختص من الدرجة الأولى,"Medecins, pharmaciens et chirurgiens dentistes",04,608,17307.68,12648.84
402,Pharmacien spécialiste premier grade,صيدلي مختص من الدرجة الأولى,"Medecins, pharmaciens et chirurgiens dentistes",05,641,17482.72,12748.19
414,Médecin Vétérinaire grade exceptionnel,طبيب بيطري من الدرجة الإستثنائية,Médecin vétérinaire,01,770,26537.96,17740.77
414,Médecin Vétérinaire grade exceptionnel,طبيب بيطري من الدرجة الإستثنائية,Médecin vétérinaire,02,799,26691.78,17824.11
414,Médecin Vétérinaire grade exceptionnel,طبيب بيطري من الدرجة الإستثنائية,Médecin vétérinaire,03,839,26903.95,17939.06
414,Médecin Vétérinaire grade exceptionnel,طبيب بيطري من الدرجة الإستثنائية,Médecin vétérinaire,04,872,27078.98,18033.89
414,Médecin Vétérinaire grade exceptionnel,طبيب بيطري من الدرجة الإستثنائية,Médecin vétérinaire,05,905,27254.02,18128.73
415,Médecin Vétérinaire grade principal,طبيب بيطري من الدرجة الممتازة,Médecin vétérinaire,01,674,22448.76,15525.24
415,Médecin Vétérinaire grade principal,طبيب بيطري من الدرجة الممتازة,Médecin vétérinaire,02,707,22623.8,15620.07
415,Médecin Vétérinaire grade principal,طبيب بيطري من الدرجة الممتازة,Médecin vétérinaire,03,740,22798.83,15714.91
415,Médecin Vétérinaire grade principal,طبيب بيطري من الدرجة الممتازة,Médecin vétérinaire,04,773,22973.87,15809.74
415,Médecin Vétérinaire grade principal,طبيب بيطري من الدرجة الممتازة,Médecin vétérinaire,05,806,23148.91,15904.58
413,Médecin Vétérinaire hors grade,طبيب بيطري خارج الدرجة,Médecin vétérinaire,01,869,31815.07,20599.91
413,Médecin Vétérinaire hors grade,طبيب بيطري خارج الدرجة,Médecin vétérinaire,02,899,31974.2,20686.12
413,Médecin Vétérinaire hors grade,طبيب بيطري خارج الدرجة,Médecin vétérinaire,03,938,32181.06,20798.2
413,Médecin Vétérinaire hors grade,طبيب بيطري خارج الدرجة,Médecin vétérinaire,04,971,32356.1,20893.03
413,Médecin Vétérinaire hors grade,طبيب بيطري خارج الدرجة,Médecin vétérinaire,05,1004,32531.13,20987.87
340,Agent de manutention,عون مناول,Personnel d'atelier de l'imprimerie officielle,01,107,4352.74,3743.36
340,Agent de manutention,عون مناول,Personnel d'atelier de l'imprimerie officielle,02,109,4369.33,3757.62
340,Agent de manutention,عون مناول,Personnel d'atelier de l'imprimerie officielle,03,112,4394.21,3779.02
340,Agent de manutention,عون مناول,Personnel d'atelier de l'imprimerie officielle,04,115,4419.09,3800.42
340,Agent de manutention,عون مناول,Personnel d'atelier de l'imprimerie officielle,05,117,4435.68,3814.69
340,Agent de manutention,عون مناول,Personnel d'atelier de l'imprimerie officielle,06,119,4452.27,3828.95
340,Agent de manutention,عون مناول,Personnel d'atelier de l'imprimerie officielle,07,122,4477.15,3850.35
340,Agent de manutention,عون مناول,Personnel d'atelier de l'imprimerie officielle,08,124,4493.74,3864.61
340,Agent de manutention,عون مناول,Personnel d'atelier de l'imprimerie officielle,09,126,4510.32,3878.88
340,Agent de manutention,عون مناول,Personnel d'atelier de l'imprimerie officielle,10,128,4526.91,3893.14
340,Agent de manutention,عون مناول,Personnel d'atelier de l'imprimerie officielle,ex,131,4551.79,3914.54
338,Agent de maîtrise,أعوان الإشراف,Personnel d'atelier de l'imprimerie officielle,01,177,5480.59,4713.31
338,Agent de maîtrise,أعوان الإشراف,Personnel d'atelier de l'imprimerie officielle,02,193,5565.45,4786.29
338,Agent de maîtrise,أعوان الإشراف,Personnel d'atelier de l'imprimerie officielle,03,208,5645.02,4854.71
338,Agent de maîtrise,أعوان الإشراف,Personnel d'atelier de l'imprimerie officielle,04,225,5735.19,4932.26
338,Agent de maîtrise,أعوان الإشراف,Personnel d'atelier de l'imprimerie officielle,05,242,5825.36,5009.81
338,Agent de maîtrise,أعوان الإشراف,Personnel d'atelier de l'imprimerie officielle,06,260,5920.83,5091.92
338,Agent de maîtrise,أعوان الإشراف,Personnel d'atelier de l'imprimerie officielle,07,277,6011.0,5169.46
338,Agent de maîtrise,أعوان الإشراف,Personnel d'atelier de l'imprimerie officielle,08,291,6085.26,5233.33
338,Agent de maîtrise,أعوان الإشراف,Personnel d'atelier de l'imprimerie officielle,09,305,6159.52,5297.19
338,Agent de maîtrise,أعوان الإشراف,Personnel d'atelier de l'imprimerie officielle,10,318,6228.48,5356.49
170,Agent spécialisé,عون مختص,Personnel d'atelier de l'imprimerie officielle,01,151,5078.68,4367.66
170,Agent spécialisé,عون مختص,Personnel d'atelier de l'imprimerie officielle,02,161,5131.72,4413.28
170,Agent spécialisé,عون مختص,Personnel d'atelier de l'imprimerie officielle,03,173,5195.37,4468.02
170,Agent spécialisé,عون مختص,Personnel d'atelier de l'imprimerie officielle,04,185,5259.02,4522.76
170,Agent spécialisé,عون مختص,Personnel d'atelier de l'imprimerie officielle,05,197,5322.67,4577.5
170,Agent spécialisé,عون مختص,Personnel d'atelier de l'imprimerie officielle,06,209,5386.32,4632.24
170,Agent spécialisé,عون مختص,Personnel d'atelier de l'imprimerie officielle,07,222,5455.28,4691.54
170,Agent spécialisé,عون مختص,Personnel d'atelier de l'imprimerie officielle,08,236,5529.53,4755.4
170,Agent spécialisé,عون مختص,Personnel d'atelier de l'imprimerie officielle,09,249,5598.49,4814.7
170,Agent spécialisé,عون مختص,Personnel d'atelier de l'imprimerie officielle,10,262,5667.44,4874.0
339,Aide imprimeur,طابع مساعد,Personnel d'atelier de l'imprimerie officielle,01,131,4649.79,3998.82
339,Aide imprimeur,طابع مساعد,Personnel d'atelier de l'imprimerie officielle,02,135,4682.97,4027.35
339,Aide imprimeur,طابع مساعد,Personnel d'atelier de l'imprimerie officielle,03,140,4724.44,4063.02
339,Aide imprimeur,طابع مساعد,Personnel d'atelier de l'imprimerie officielle,04,147,4782.49,4112.94
339,Aide imprimeur,طابع مساعد,Personnel d'atelier de l'imprimerie officielle,05,154,4828.59,4152.59
339,Aide imprimeur,طابع مساعد,Personnel d'atelier de l'imprimerie officielle,06,162,4871.02,4189.08
339,Aide imprimeur,طابع مساعد,Personnel d'atelier de l'imprimerie officielle,07,171,4918.76,4230.14
339,Aide imprimeur,طابع مساعد,Personnel d'atelier de l'imprimerie officielle,08,179,4961.2,4266.63
339,Aide imprimeur,طابع مساعد,Personnel d'atelier de l'imprimerie officielle,09,188,5008.93,4307.68
339,Aide imprimeur,طابع مساعد,Personnel d'atelier de l'imprimerie officielle,10,200,5072.58,4362.42
167,Chef d'atelier,رئيس معمل,Personnel d'atelier de l'imprimerie officielle,01,235,6239.23,5365.74
167,Chef d'atelier,رئيس معمل,Personnel d'atelier de l'imprimerie officielle,02,253,6334.7,5447.85
167,Chef d'atelier,رئيس معمل,Personnel d'atelier de l'imprimerie officielle,03,274,6446.09,5543.64
167,Chef d'atelier,رئيس معمل,Personnel d'atelier de l'imprimerie officielle,04,296,6562.78,5577.0
167,Chef d'atelier,رئيس معمل,Personnel d'atelier de l'imprimerie officielle,05,317,6674.17,5666.0
167,Chef d'atelier,رئيس معمل,Personnel d'atelier de l'imprimerie officielle,06,339,6790.86,5759.23
167,Chef d'atelier,رئيس معمل,Personnel d'atelier de l'imprimerie officielle,07,361,6907.55,5852.47
167,Chef d'atelier,رئيس معمل,Personnel d'atelier de l'imprimerie officielle,08,382,7018.94,5941.47
167,Chef d'atelier,رئيس معمل,Personnel d'atelier de l'imprimerie officielle,09,404,7135.63,6034.7
167,Chef d'atelier,رئيس معمل,Personnel d'atelier de l'imprimerie officielle,10,438,7315.98,6178.8
168,Chef d'atelier principal,رئيس معمل ممتاز,Personnel d'atelier de l'imprimerie officielle,01,275,7635.4,6434.01
168,Chef d'atelier principal,رئيس معمل ممتاز,Personnel d'atelier de l'imprimerie officielle,02,300,7768.0,6539.97
168,Chef d'atelier principal,رئيس معمل ممتاز,Personnel d'atelier de l'imprimerie officielle,03,326,7905.91,6650.15
168,Chef d'atelier principal,رئيس معمل ممتاز,Personnel d'atelier de l'imprimerie officielle,04,351,8038.51,6756.1
168,Chef d'atelier principal,رئيس معمل ممتاز,Personnel d'atelier de l'imprimerie officielle,05,377,8176.42,6866.29
168,Chef d'atelier principal,رئيس معمل ممتاز,Personnel d'atelier de l'imprimerie officielle,06,402,9054.02,7515.2
168,Chef d'atelier principal,رئيس معمل ممتاز,Personnel d'atelier de l'imprimerie officielle,07,428,9191.93,7616.98
168,Chef d'atelier principal,رئيس معمل ممتاز,Personnel d'atelier de l'imprimerie officielle,08,456,9340.45,7726.59
168,Chef d'atelier principal,رئيس معمل ممتاز,Personnel d'atelier de l'imprimerie officielle,09,484,9488.97,7836.19
168,Chef d'atelier principal,رئيس معمل ممتاز,Personnel d'atelier de l'imprimerie officielle,10,512,9637.48,7945.8
168,Chef d'atelier principal,رئيس معمل ممتاز,Personnel d'atelier de l'imprimerie officielle,ex,564,9913.3,8149.35
169,Contremaître,عون الإشراف رئيس,Personnel d'atelier de l'imprimerie officielle,01,207,5894.71,5069.45
169,Contremaître,عون الإشراف رئيس,Personnel d'atelier de l'imprimerie officielle,02,224,5984.88,5147.0
169,Contremaître,عون الإشراف رئيس,Personnel d'atelier de l'imprimerie officielle,03,241,6075.05,5224.55
169,Contremaître,عون الإشراف رئيس,Personnel d'atelier de l'imprimerie officielle,04,259,6170.53,5306.66
169,Contremaître,عون الإشراف رئيس,Personnel d'atelier de l'imprimerie officielle,05,276,6260.7,5384.2
169,Contremaître,عون الإشراف رئيس,Personnel d'atelier de l'imprimerie officielle,06,293,6350.87,5461.75
169,Contremaître,عون الإشراف رئيس,Personnel d'atelier de l'imprimerie officielle,07,311,6446.35,5543.86
169,Contremaître,عون الإشراف رئيس,Personnel d'atelier de l'imprimerie officielle,08,332,6557.73,5572.96
169,Contremaître,عون الإشراف رئيس,Personnel d'atelier de l'imprimerie officielle,09,353,6669.12,5661.96
169,Contremaître,عون الإشراف رئيس,Personnel d'atelier de l'imprimerie officielle,10,373,6775.2,5746.72
349,Inspecteur principal de l'enseignement artistique (Personnel d'inspection et d'enseignement artistique exerçant d'autres fonctions),مفتش ممتاز للتعليم الفني (موظفي التفتيش و التعليم الفني المزاولون لمهام اخرى),Personnel d'inspection et d'enseignement artistique exerçant d'autres fonctions,01,704,20759.88,14608.31
349,Inspecteur principal de l'enseignement artistique (Personnel d'inspection et d'enseignement artistique exerçant d'autres fonctions),مفتش ممتاز للتعليم الفني (موظفي التفتيش و التعليم الفني المزاولون لمهام اخرى),Personnel d'inspection et d'enseignement artistique exerçant d'autres fonctions,02,746,20982.66,14730.9
349,Inspecteur principal de l'enseignement artistique (Personnel d'inspection et d'enseignement artistique exerçant d'autres fonctions),مفتش ممتاز للتعليم الفني (موظفي التفتيش و التعليم الفني المزاولون لمهام اخرى),Personnel d'inspection et d'enseignement artistique exerçant d'autres fonctions,03,779,21157.7,14825.74
349,Inspecteur principal de l'enseignement artistique (Personnel d'inspection et d'enseignement artistique exerçant d'autres fonctions),مفتش ممتاز للتعليم الفني (موظفي التفتيش و التعليم الفني المزاولون لمهام اخرى),Personnel d'inspection et d'enseignement artistique exerçant d'autres fonctions,04,812,21332.73,14920.57
349,Inspecteur principal de l'enseignement artistique (Personnel d'inspection et d'enseignement artistique exerçant d'autres fonctions),مفتش ممتاز للتعليم الفني (موظفي التفتيش و التعليم الفني المزاولون لمهام اخرى),Personnel d'inspection et d'enseignement artistique exerçant d'autres fonctions,05,840,21481.25,15001.04
349,Inspecteur principal de l'enseignement artistique (Personnel d'inspection et d'enseignement artistique exerçant d'autres fonctions),مفتش ممتاز للتعليم الفني (موظفي التفتيش و التعليم الفني المزاولون لمهام اخرى),Personnel d'inspection et d'enseignement artistique exerçant d'autres fonctions,06,870,21640.38,15087.26
354,Maître de l'enseignement artistique du deuxiéme grade (Personnel d'inspection et d'enseignement artistique exerçant d'autres fonctions),معلم التعليم الفني من الدرجة الثانية (موظفي التفتيش و التعليم الفني المزاولون لمهام اخرى),Personnel d'inspection et d'enseignement artistique exerçant d'autres fonctions,01,235,7112.23,6016.0
354,Maître de l'enseignement artistique du deuxiéme grade (Personnel d'inspection et d'enseignement artistique exerçant d'autres fonctions),معلم التعليم الفني من الدرجة الثانية (موظفي التفتيش و التعليم الفني المزاولون لمهام اخرى),Personnel d'inspection et d'enseignement artistique exerçant d'autres fonctions,02,253,7207.7,6092.29
354,Maître de l'enseignement artistique du deuxiéme grade (Personnel d'inspection et d'enseignement artistique exerçant d'autres fonctions),معلم التعليم الفني من الدرجة الثانية (موظفي التفتيش و التعليم الفني المزاولون لمهام اخرى),Personnel d'inspection et d'enseignement artistique exerçant d'autres fonctions,03,274,7319.09,6181.29
354,Maître de l'enseignement artistique du deuxiéme grade (Personnel d'inspection et d'enseignement artistique exerçant d'autres fonctions),معلم التعليم الفني من الدرجة الثانية (موظفي التفتيش و التعليم الفني المزاولون لمهام اخرى),Personnel d'inspection et d'enseignement artistique exerçant d'autres fonctions,04,296,7435.78,6274.52
354,Maître de l'enseignement artistique du deuxiéme grade (Personnel d'inspection et d'enseignement artistique exerçant d'autres fonctions),معلم التعليم الفني من الدرجة الثانية (موظفي التفتيش و التعليم الفني المزاولون لمهام اخرى),Personnel d'inspection et d'enseignement artistique exerçant d'autres fonctions,05,317,7547.17,6363.52
354,Maître de l'enseignement artistique du deuxiéme grade (Personnel d'inspection et d'enseignement artistique exerçant d'autres fonctions),معلم التعليم الفني من الدرجة الثانية (موظفي التفتيش و التعليم الفني المزاولون لمهام اخرى),Personnel d'inspection et d'enseignement artistique exerçant d'autres fonctions,06,339,7663.86,6456.76
354,Maître de l'enseignement artistique du deuxiéme grade (Personnel d'inspection et d'enseignement artistique exerçant d'autres fonctions),معلم التعليم الفني من الدرجة الثانية (موظفي التفتيش و التعليم الفني المزاولون لمهام اخرى),Personnel d'inspection et d'enseignement artistique exerçant d'autres fonctions,07,361,7780.55,6550.0
354,Maître de l'enseignement artistique du deuxiéme grade (Personnel d'inspection et d'enseignement artistique exerçant d'autres fonctions),معلم التعليم الفني من الدرجة الثانية (موظفي التفتيش و التعليم الفني المزاولون لمهام اخرى),Personnel d'inspection et d'enseignement artistique exerçant d'autres fonctions,08,382,7891.94,6638.99
354,Maître de l'enseignement artistique du deuxiéme grade (Personnel d'inspection et d'enseignement artistique exerçant d'autres fonctions),معلم التعليم الفني من الدرجة الثانية (موظفي التفتيش و التعليم الفني المزاولون لمهام اخرى),Personnel d'inspection et d'enseignement artistique exerçant d'autres fonctions,09,404,8008.63,6732.23
354,Maître de l'enseignement artistique du deuxiéme grade (Personnel d'inspection et d'enseignement artistique exerçant d'autres fonctions),معلم التعليم الفني من الدرجة الثانية (موظفي التفتيش و التعليم الفني المزاولون لمهام اخرى),Personnel d'inspection et d'enseignement artistique exerçant d'autres fonctions,10,438,8188.98,6876.32
353,Maître de l'enseignement artistique du premier grade (Personnel d'inspection et d'enseignement artistique exerçant d'autres fonctions),معلم التعلم الفني من الدرجة الأولى (موظفي التفتيش و التعليم الفني المزاولون لمهام اخرى),Personnel d'inspection et d'enseignement artistique exerçant d'autres fonctions,01,275,8169.4,6860.68
353,Maître de l'enseignement artistique du premier grade (Personnel d'inspection et d'enseignement artistique exerçant d'autres fonctions),معلم التعلم الفني من الدرجة الأولى (موظفي التفتيش و التعليم الفني المزاولون لمهام اخرى),Personnel d'inspection et d'enseignement artistique exerçant d'autres fonctions,02,300,8302.0,6960.21
353,Maître de l'enseignement artistique du premier grade (Personnel d'inspection et d'enseignement artistique exerçant d'autres fonctions),معلم التعلم الفني من الدرجة الأولى (موظفي التفتيش و التعليم الفني المزاولون لمهام اخرى),Personnel d'inspection et d'enseignement artistique exerçant d'autres fonctions,03,326,8439.91,7061.99
353,Maître de l'enseignement artistique du premier grade (Personnel d'inspection et d'enseignement artistique exerçant d'autres fonctions),معلم التعلم الفني من الدرجة الأولى (موظفي التفتيش و التعليم الفني المزاولون لمهام اخرى),Personnel d'inspection et d'enseignement artistique exerçant d'autres fonctions,04,351,8572.51,7159.85
353,Maître de l'enseignement artistique du premier grade (Personnel d'inspection et d'enseignement artistique exerçant d'autres fonctions),معلم التعلم الفني من الدرجة الأولى (موظفي التفتيش و التعليم الفني المزاولون لمهام اخرى),Personnel d'inspection et d'enseignement artistique exerçant d'autres fonctions,05,377,8710.42,7261.62
353,Maître de l'enseignement artistique du premier grade (Personnel d'inspection et d'enseignement artistique exerçant d'autres fonctions),معلم التعلم الفني من الدرجة الأولى (موظفي التفتيش و التعليم الفني المزاولون لمهام اخرى),Personnel d'inspection et d'enseignement artistique exerçant d'autres fonctions,06,402,9668.02,7968.34
353,Maître de l'enseignement artistique du premier grade (Personnel d'inspection et d'enseignement artistique exerçant d'autres fonctions),معلم التعلم الفني من الدرجة الأولى (موظفي التفتيش و التعليم الفني المزاولون لمهام اخرى),Personnel d'inspection et d'enseignement artistique exerçant d'autres fonctions,07,428,9805.93,8070.11
353,Maître de l'enseignement artistique du premier grade (Personnel d'inspection et d'enseignement artistique exerçant d'autres fonctions),معلم التعلم الفني من الدرجة الأولى (موظفي التفتيش و التعليم الفني المزاولون لمهام اخرى),Personnel d'inspection et d'enseignement artistique exerçant d'autres fonctions,08,456,9954.45,8179.72
353,Maître de l'enseignement artistique du premier grade (Personnel d'inspection et d'enseignement artistique exerçant d'autres fonctions),معلم التعلم الفني من الدرجة الأولى (موظفي التفتيش و التعليم الفني المزاولون لمهام اخرى),Personnel d'inspection et d'enseignement artistique exerçant d'autres fonctions,09,484,10102.97,8289.32
353,Maître de l'enseignement artistique du premier grade (Personnel d'inspection et d'enseignement artistique exerçant d'autres fonctions),معلم التعلم الفني من الدرجة الأولى (موظفي التفتيش و التعليم الفني المزاولون لمهام اخرى),Personnel d'inspection et d'enseignement artistique exerçant d'autres fonctions,10,512,10251.48,8398.93
353,Maître de l'enseignement artistique du premier grade (Personnel d'inspection et d'enseignement artistique exerçant d'autres fonctions),معلم التعلم الفني من الدرجة الأولى (موظفي التفتيش و التعليم الفني المزاولون لمهام اخرى),Personnel d'inspection et d'enseignement artistique exerçant d'autres fonctions,ex,564,10527.3,8602.48
355,Maître de l'enseignement artistique du troisiéme grade (Personnel d'inspection et d'enseignement artistique exerçant d'autres fonctions),معلم التعليم الفني من الدرجة الثالثة (موظفي التفتيش و التعليم الفني المزاولون لمهام اخرى),Personnel d'inspection et d'enseignement artistique exerçant d'autres fonctions,01,207,6732.71,5712.77
355,Maître de l'enseignement artistique du troisiéme grade (Personnel d'inspection et d'enseignement artistique exerçant d'autres fonctions),معلم التعليم الفني من الدرجة الثالثة (موظفي التفتيش و التعليم الفني المزاولون لمهام اخرى),Personnel d'inspection et d'enseignement artistique exerçant d'autres fonctions,02,224,6822.88,5784.82
355,Maître de l'enseignement artistique du troisiéme grade (Personnel d'inspection et d'enseignement artistique exerçant d'autres fonctions),معلم التعليم الفني من الدرجة الثالثة (موظفي التفتيش و التعليم الفني المزاولون لمهام اخرى),Personnel d'inspection et d'enseignement artistique exerçant d'autres fonctions,03,241,6913.05,5856.86
355,Maître de l'enseignement artistique du troisiéme grade (Personnel d'inspection et d'enseignement artistique exerçant d'autres fonctions),معلم التعليم الفني من الدرجة الثالثة (موظفي التفتيش و التعليم الفني المزاولون لمهام اخرى),Personnel d'inspection et d'enseignement artistique exerçant d'autres fonctions,04,259,7008.53,5933.15
355,Maître de l'enseignement artistique du troisiéme grade (Personnel d'inspection et d'enseignement artistique exerçant d'autres fonctions),معلم التعليم الفني من الدرجة الثالثة (موظفي التفتيش و التعليم الفني المزاولون لمهام اخرى),Personnel d'inspection et d'enseignement artistique exerçant d'autres fonctions,05,276,7098.7,6005.19
355,Maître de l'enseignement artistique du troisiéme grade (Personnel d'inspection et d'enseignement artistique exerçant d'autres fonctions),معلم التعليم الفني من الدرجة الثالثة (موظفي التفتيش و التعليم الفني المزاولون لمهام اخرى),Personnel d'inspection et d'enseignement artistique exerçant d'autres fonctions,06,293,7188.87,6077.24
355,Maître de l'enseignement artistique du troisiéme grade (Personnel d'inspection et d'enseignement artistique exerçant d'autres fonctions),معلم التعليم الفني من الدرجة الثالثة (موظفي التفتيش و التعليم الفني المزاولون لمهام اخرى),Personnel d'inspection et d'enseignement artistique exerçant d'autres fonctions,07,311,7284.35,6153.53
355,Maître de l'enseignement artistique du troisiéme grade (Personnel d'inspection et d'enseignement artistique exerçant d'autres fonctions),معلم التعليم الفني من الدرجة الثالثة (موظفي التفتيش و التعليم الفني المزاولون لمهام اخرى),Personnel d'inspection et d'enseignement artistique exerçant d'autres fonctions,08,332,7395.73,6242.52
355,Maître de l'enseignement artistique du troisiéme grade (Personnel d'inspection et d'enseignement artistique exerçant d'autres fonctions),معلم التعليم الفني من الدرجة الثالثة (موظفي التفتيش و التعليم الفني المزاولون لمهام اخرى),Personnel d'inspection et d'enseignement artistique exerçant d'autres fonctions,09,353,7507.12,6331.52
355,Maître de l'enseignement artistique du troisiéme grade (Personnel d'inspection et d'enseignement artistique exerçant d'autres fonctions),معلم التعليم الفني من الدرجة الثالثة (موظفي التفتيش و التعليم الفني المزاولون لمهام اخرى),Personnel d'inspection et d'enseignement artistique exerçant d'autres fonctions,10,373,7613.2,6416.28
352,Professeur adjoint de l'enseignement artistique du deuxiéme grade (Personnel d'inspection et d'enseignement artistique exerçant d'autres fonctions),استاذ مساعد للتعليم الفني من الدرجة الثانية (موظفي التفتيش و التعليم الفني المزاولون لمهام اخرى),Personnel d'inspection et d'enseignement artistique exerçant d'autres fonctions,01,275,8169.4,6860.68
352,Professeur adjoint de l'enseignement artistique du deuxiéme grade (Personnel d'inspection et d'enseignement artistique exerçant d'autres fonctions),استاذ مساعد للتعليم الفني من الدرجة الثانية (موظفي التفتيش و التعليم الفني المزاولون لمهام اخرى),Personnel d'inspection et d'enseignement artistique exerçant d'autres fonctions,02,300,8302.0,6960.21
352,Professeur adjoint de l'enseignement artistique du deuxiéme grade (Personnel d'inspection et d'enseignement artistique exerçant d'autres fonctions),استاذ مساعد للتعليم الفني من الدرجة الثانية (موظفي التفتيش و التعليم الفني المزاولون لمهام اخرى),Personnel d'inspection et d'enseignement artistique exerçant d'autres fonctions,03,326,8439.91,7061.99
352,Professeur adjoint de l'enseignement artistique du deuxiéme grade (Personnel d'inspection et d'enseignement artistique exerçant d'autres fonctions),استاذ مساعد للتعليم الفني من الدرجة الثانية (موظفي التفتيش و التعليم الفني المزاولون لمهام اخرى),Personnel d'inspection et d'enseignement artistique exerçant d'autres fonctions,04,351,8572.51,7159.85
352,Professeur adjoint de l'enseignement artistique du deuxiéme grade (Personnel d'inspection et d'enseignement artistique exerçant d'autres fonctions),استاذ مساعد للتعليم الفني من الدرجة الثانية (موظفي التفتيش و التعليم الفني المزاولون لمهام اخرى),Personnel d'inspection et d'enseignement artistique exerçant d'autres fonctions,05,377,8710.42,7261.62
352,Professeur adjoint de l'enseignement artistique du deuxiéme grade (Personnel d'inspection et d'enseignement artistique exerçant d'autres fonctions),استاذ مساعد للتعليم الفني من الدرجة الثانية (موظفي التفتيش و التعليم الفني المزاولون لمهام اخرى),Personnel d'inspection et d'enseignement artistique exerçant d'autres fonctions,06,402,9668.02,7968.34
352,Professeur adjoint de l'enseignement artistique du deuxiéme grade (Personnel d'inspection et d'enseignement artistique exerçant d'autres fonctions),استاذ مساعد للتعليم الفني من الدرجة الثانية (موظفي التفتيش و التعليم الفني المزاولون لمهام اخرى),Personnel d'inspection et d'enseignement artistique exerçant d'autres fonctions,07,428,9805.93,8070.11
352,Professeur adjoint de l'enseignement artistique du deuxiéme grade (Personnel d'inspection et d'enseignement artistique exerçant d'autres fonctions),استاذ مساعد للتعليم الفني من الدرجة الثانية (موظفي التفتيش و التعليم الفني المزاولون لمهام اخرى),Personnel d'inspection et d'enseignement artistique exerçant d'autres fonctions,08,456,9954.45,8179.72
352,Professeur adjoint de l'enseignement artistique du deuxiéme grade (Personnel d'inspection et d'enseignement artistique exerçant d'autres fonctions),استاذ مساعد للتعليم الفني من الدرجة الثانية (موظفي التفتيش و التعليم الفني المزاولون لمهام اخرى),Personnel d'inspection et d'enseignement artistique exerçant d'autres fonctions,09,484,10102.97,8289.32
352,Professeur adjoint de l'enseignement artistique du deuxiéme grade (Personnel d'inspection et d'enseignement artistique exerçant d'autres fonctions),استاذ مساعد للتعليم الفني من الدرجة الثانية (موظفي التفتيش و التعليم الفني المزاولون لمهام اخرى),Personnel d'inspection et d'enseignement artistique exerçant d'autres fonctions,10,512,10251.48,8398.93
352,Professeur adjoint de l'enseignement artistique du deuxiéme grade (Personnel d'inspection et d'enseignement artistique exerçant d'autres fonctions),استاذ مساعد للتعليم الفني من الدرجة الثانية (موظفي التفتيش و التعليم الفني المزاولون لمهام اخرى),Personnel d'inspection et d'enseignement artistique exerçant d'autres fonctions,ex,564,10527.3,8602.48
351,Professeur adjoint de l'enseignement artistique du premier grade (Personnel d'inspection et d'enseignement artistique exerçant d'autres fonctions),استاذ مساعد للتعليم الفني من الدرجة الأولى (موظفي التفتيش و التعليم الفني المزاولون لمهام اخرى),Personnel d'inspection et d'enseignement artistique exerçant d'autres fonctions,01,336,11018.95,8959.83
351,Professeur adjoint de l'enseignement artistique du premier grade (Personnel d'inspection et d'enseignement artistique exerçant d'autres fonctions),استاذ مساعد للتعليم الفني من الدرجة الأولى (موظفي التفتيش و التعليم الفني المزاولون لمهام اخرى),Personnel d'inspection et d'enseignement artistique exerçant d'autres fonctions,02,369,11193.99,9078.33
351,Professeur adjoint de l'enseignement artistique du premier grade (Personnel d'inspection et d'enseignement artistique exerçant d'autres fonctions),استاذ مساعد للتعليم الفني من الدرجة الأولى (موظفي التفتيش و التعليم الفني المزاولون لمهام اخرى),Personnel d'inspection et d'enseignement artistique exerçant d'autres fonctions,03,403,11374.33,9200.42
351,Professeur adjoint de l'enseignement artistique du premier grade (Personnel d'inspection et d'enseignement artistique exerçant d'autres fonctions),استاذ مساعد للتعليم الفني من الدرجة الأولى (موظفي التفتيش و التعليم الفني المزاولون لمهام اخرى),Personnel d'inspection et d'enseignement artistique exerçant d'autres fonctions,04,436,11549.37,9318.92
351,Professeur adjoint de l'enseignement artistique du premier grade (Personnel d'inspection et d'enseignement artistique exerçant d'autres fonctions),استاذ مساعد للتعليم الفني من الدرجة الأولى (موظفي التفتيش و التعليم الفني المزاولون لمهام اخرى),Personnel d'inspection et d'enseignement artistique exerçant d'autres fonctions,05,472,11740.32,9442.67
351,Professeur adjoint de l'enseignement artistique du premier grade (Personnel d'inspection et d'enseignement artistique exerçant d'autres fonctions),استاذ مساعد للتعليم الفني من الدرجة الأولى (موظفي التفتيش و التعليم الفني المزاولون لمهام اخرى),Personnel d'inspection et d'enseignement artistique exerçant d'autres fonctions,06,509,16135.57,11983.55
351,Professeur adjoint de l'enseignement artistique du premier grade (Personnel d'inspection et d'enseignement artistique exerçant d'autres fonctions),استاذ مساعد للتعليم الفني من الدرجة الأولى (موظفي التفتيش و التعليم الفني المزاولون لمهام اخرى),Personnel d'inspection et d'enseignement artistique exerçant d'autres fonctions,07,542,16310.61,12082.9
351,Professeur adjoint de l'enseignement artistique du premier grade (Personnel d'inspection et d'enseignement artistique exerçant d'autres fonctions),استاذ مساعد للتعليم الفني من الدرجة الأولى (موظفي التفتيش و التعليم الفني المزاولون لمهام اخرى),Personnel d'inspection et d'enseignement artistique exerçant d'autres fonctions,08,574,16480.34,12179.24
351,Professeur adjoint de l'enseignement artistique du premier grade (Personnel d'inspection et d'enseignement artistique exerçant d'autres fonctions),استاذ مساعد للتعليم الفني من الدرجة الأولى (موظفي التفتيش و التعليم الفني المزاولون لمهام اخرى),Personnel d'inspection et d'enseignement artistique exerçant d'autres fonctions,09,606,16650.08,12275.58
351,Professeur adjoint de l'enseignement artistique du premier grade (Personnel d'inspection et d'enseignement artistique exerçant d'autres fonctions),استاذ مساعد للتعليم الفني من الدرجة الأولى (موظفي التفتيش و التعليم الفني المزاولون لمهام اخرى),Personnel d'inspection et d'enseignement artistique exerçant d'autres fonctions,10,639,16825.11,12374.93
351,Professeur adjoint de l'enseignement artistique du premier grade (Personnel d'inspection et d'enseignement artistique exerçant d'autres fonctions),استاذ مساعد للتعليم الفني من الدرجة الأولى (موظفي التفتيش و التعليم الفني المزاولون لمهام اخرى),Personnel d'inspection et d'enseignement artistique exerçant d'autres fonctions,ex,704,17169.88,12570.63
350,Professeur de l'enseignement artistique de grade principal (Personnel d'inspection et d'enseignement artistique exerçant d'autres fonctions),أستاذ التعليم الفني من الدرجة الممتازة (موظفي التفتيش و التعليم الفني المزاولون لمهام اخرى),Personnel d'inspection et d'enseignement artistique exerçant d'autres fonctions,01,704,20759.88,14608.31
350,Professeur de l'enseignement artistique de grade principal (Personnel d'inspection et d'enseignement artistique exerçant d'autres fonctions),أستاذ التعليم الفني من الدرجة الممتازة (موظفي التفتيش و التعليم الفني المزاولون لمهام اخرى),Personnel d'inspection et d'enseignement artistique exerçant d'autres fonctions,02,746,20982.66,14730.9
350,Professeur de l'enseignement artistique de grade principal (Personnel d'inspection et d'enseignement artistique exerçant d'autres fonctions),أستاذ التعليم الفني من الدرجة الممتازة (موظفي التفتيش و التعليم الفني المزاولون لمهام اخرى),Personnel d'inspection et d'enseignement artistique exerçant d'autres fonctions,03,779,21157.7,14825.74
350,Professeur de l'enseignement artistique de grade principal (Personnel d'inspection et d'enseignement artistique exerçant d'autres fonctions),أستاذ التعليم الفني من الدرجة الممتازة (موظفي التفتيش و التعليم الفني المزاولون لمهام اخرى),Personnel d'inspection et d'enseignement artistique exerçant d'autres fonctions,04,812,21332.73,14920.57
350,Professeur de l'enseignement artistique de grade principal (Personnel d'inspection et d'enseignement artistique exerçant d'autres fonctions),أستاذ التعليم الفني من الدرجة الممتازة (موظفي التفتيش و التعليم الفني المزاولون لمهام اخرى),Personnel d'inspection et d'enseignement artistique exerçant d'autres fonctions,05,840,21481.25,15001.04
350,Professeur de l'enseignement artistique de grade principal (Personnel d'inspection et d'enseignement artistique exerçant d'autres fonctions),أستاذ التعليم الفني من الدرجة الممتازة (موظفي التفتيش و التعليم الفني المزاولون لمهام اخرى),Personnel d'inspection et d'enseignement artistique exerçant d'autres fonctions,06,870,21640.38,15087.26
342,Inspecteur principal de l'enseignement artistique (Personnel d'inspection et d'enseignement artistique exerçant des fonctions d'enseignement ou d'inspection),مفتش ممتاز للتعليم الفني (موظفي التفتيش و التعليم الفني المزاولون لمهام التدريس أو التفتيش),Personnel d'inspection et d'enseignement artistique exerçant des fonctions d'enseignement ou d'inspection,01,704,21640.88,15087.53
342,Inspecteur principal de l'enseignement artistique (Personnel d'inspection et d'enseignement artistique exerçant des fonctions d'enseignement ou d'inspection),مفتش ممتاز للتعليم الفني (موظفي التفتيش و التعليم الفني المزاولون لمهام التدريس أو التفتيش),Personnel d'inspection et d'enseignement artistique exerçant des fonctions d'enseignement ou d'inspection,02,746,21863.66,15208.23
342,Inspecteur principal de l'enseignement artistique (Personnel d'inspection et d'enseignement artistique exerçant des fonctions d'enseignement ou d'inspection),مفتش ممتاز للتعليم الفني (موظفي التفتيش و التعليم الفني المزاولون لمهام التدريس أو التفتيش),Personnel d'inspection et d'enseignement artistique exerçant des fonctions d'enseignement ou d'inspection,03,779,22038.7,15303.07
342,Inspecteur principal de l'enseignement artistique (Personnel d'inspection et d'enseignement artistique exerçant des fonctions d'enseignement ou d'inspection),مفتش ممتاز للتعليم الفني (موظفي التفتيش و التعليم الفني المزاولون لمهام التدريس أو التفتيش),Personnel d'inspection et d'enseignement artistique exerçant des fonctions d'enseignement ou d'inspection,04,812,22213.73,15397.9
342,Inspecteur principal de l'enseignement artistique (Personnel d'inspection et d'enseignement artistique exerçant des fonctions d'enseignement ou d'inspection),مفتش ممتاز للتعليم الفني (موظفي التفتيش و التعليم الفني المزاولون لمهام التدريس أو التفتيش),Personnel d'inspection et d'enseignement artistique exerçant des fonctions d'enseignement ou d'inspection,05,840,22362.25,15478.37
342,Inspecteur principal de l'enseignement artistique (Personnel d'inspection et d'enseignement artistique exerçant des fonctions d'enseignement ou d'inspection),مفتش ممتاز للتعليم الفني (موظفي التفتيش و التعليم الفني المزاولون لمهام التدريس أو التفتيش),Personnel d'inspection et d'enseignement artistique exerçant des fonctions d'enseignement ou d'inspection,06,870,24440.38,16604.3
347,Maître de l'enseignement artistique du deuxiéme grade (Personnel d'inspection et d'enseignement artistique exerçant des fonctions d'enseignement ou d'inspection),معلم التعليم الفني من الدرجة الثانية (موظفي التفتيش و التعليم الفني المزاولون لمهام التدريس أو التفتيش),Personnel d'inspection et d'enseignement artistique exerçant des fonctions d'enseignement ou d'inspection,01,235,7476.23,6306.84
347,Maître de l'enseignement artistique du deuxiéme grade (Personnel d'inspection et d'enseignement artistique exerçant des fonctions d'enseignement ou d'inspection),معلم التعليم الفني من الدرجة الثانية (موظفي التفتيش و التعليم الفني المزاولون لمهام التدريس أو التفتيش),Personnel d'inspection et d'enseignement artistique exerçant des fonctions d'enseignement ou d'inspection,02,253,7571.7,6383.12
347,Maître de l'enseignement artistique du deuxiéme grade (Personnel d'inspection et d'enseignement artistique exerçant des fonctions d'enseignement ou d'inspection),معلم التعليم الفني من الدرجة الثانية (موظفي التفتيش و التعليم الفني المزاولون لمهام التدريس أو التفتيش),Personnel d'inspection et d'enseignement artistique exerçant des fonctions d'enseignement ou d'inspection,03,274,7683.09,6472.12
347,Maître de l'enseignement artistique du deuxiéme grade (Personnel d'inspection et d'enseignement artistique exerçant des fonctions d'enseignement ou d'inspection),معلم التعليم الفني من الدرجة الثانية (موظفي التفتيش و التعليم الفني المزاولون لمهام التدريس أو التفتيش),Personnel d'inspection et d'enseignement artistique exerçant des fonctions d'enseignement ou d'inspection,04,296,7799.78,6565.36
347,Maître de l'enseignement artistique du deuxiéme grade (Personnel d'inspection et d'enseignement artistique exerçant des fonctions d'enseignement ou d'inspection),معلم التعليم الفني من الدرجة الثانية (موظفي التفتيش و التعليم الفني المزاولون لمهام التدريس أو التفتيش),Personnel d'inspection et d'enseignement artistique exerçant des fonctions d'enseignement ou d'inspection,05,317,7911.17,6654.36
347,Maître de l'enseignement artistique du deuxiéme grade (Personnel d'inspection et d'enseignement artistique exerçant des fonctions d'enseignement ou d'inspection),معلم التعليم الفني من الدرجة الثانية (موظفي التفتيش و التعليم الفني المزاولون لمهام التدريس أو التفتيش),Personnel d'inspection et d'enseignement artistique exerçant des fonctions d'enseignement ou d'inspection,06,339,8066.86,6778.76
347,Maître de l'enseignement artistique du deuxiéme grade (Personnel d'inspection et d'enseignement artistique exerçant des fonctions d'enseignement ou d'inspection),معلم التعليم الفني من الدرجة الثانية (موظفي التفتيش و التعليم الفني المزاولون لمهام التدريس أو التفتيش),Personnel d'inspection et d'enseignement artistique exerçant des fonctions d'enseignement ou d'inspection,07,361,8183.55,6871.99
347,Maître de l'enseignement artistique du deuxiéme grade (Personnel d'inspection et d'enseignement artistique exerçant des fonctions d'enseignement ou d'inspection),معلم التعليم الفني من الدرجة الثانية (موظفي التفتيش و التعليم الفني المزاولون لمهام التدريس أو التفتيش),Personnel d'inspection et d'enseignement artistique exerçant des fonctions d'enseignement ou d'inspection,08,382,8294.94,6955.0
347,Maître de l'enseignement artistique du deuxiéme grade (Personnel d'inspection et d'enseignement artistique exerçant des fonctions d'enseignement ou d'inspection),معلم التعليم الفني من الدرجة الثانية (موظفي التفتيش و التعليم الفني المزاولون لمهام التدريس أو التفتيش),Personnel d'inspection et d'enseignement artistique exerçant des fonctions d'enseignement ou d'inspection,09,404,8411.63,7041.12
347,Maître de l'enseignement artistique du deuxiéme grade (Personnel d'inspection et d'enseignement artistique exerçant des fonctions d'enseignement ou d'inspection),معلم التعليم الفني من الدرجة الثانية (موظفي التفتيش و التعليم الفني المزاولون لمهام التدريس أو التفتيش),Personnel d'inspection et d'enseignement artistique exerçant des fonctions d'enseignement ou d'inspection,10,438,8591.98,7174.21
346,Maître de l'enseignement artistique du premier grade (Personnel d'inspection et d'enseignement artistique exerçant des fonctions d'enseignement ou d'inspection),معلم التعلم الفني من الدرجة الأولى (موظفي التفتيش و التعليم الفني المزاولون لمهام التدريس أو التفتيش),Personnel d'inspection et d'enseignement artistique exerçant des fonctions d'enseignement ou d'inspection,01,275,8848.4,7363.45
346,Maître de l'enseignement artistique du premier grade (Personnel d'inspection et d'enseignement artistique exerçant des fonctions d'enseignement ou d'inspection),معلم التعلم الفني من الدرجة الأولى (موظفي التفتيش و التعليم الفني المزاولون لمهام التدريس أو التفتيش),Personnel d'inspection et d'enseignement artistique exerçant des fonctions d'enseignement ou d'inspection,02,300,8981.0,7461.31
346,Maître de l'enseignement artistique du premier grade (Personnel d'inspection et d'enseignement artistique exerçant des fonctions d'enseignement ou d'inspection),معلم التعلم الفني من الدرجة الأولى (موظفي التفتيش و التعليم الفني المزاولون لمهام التدريس أو التفتيش),Personnel d'inspection et d'enseignement artistique exerçant des fonctions d'enseignement ou d'inspection,03,326,9118.91,7563.09
346,Maître de l'enseignement artistique du premier grade (Personnel d'inspection et d'enseignement artistique exerçant des fonctions d'enseignement ou d'inspection),معلم التعلم الفني من الدرجة الأولى (موظفي التفتيش و التعليم الفني المزاولون لمهام التدريس أو التفتيش),Personnel d'inspection et d'enseignement artistique exerçant des fonctions d'enseignement ou d'inspection,04,351,9251.51,7660.95
346,Maître de l'enseignement artistique du premier grade (Personnel d'inspection et d'enseignement artistique exerçant des fonctions d'enseignement ou d'inspection),معلم التعلم الفني من الدرجة الأولى (موظفي التفتيش و التعليم الفني المزاولون لمهام التدريس أو التفتيش),Personnel d'inspection et d'enseignement artistique exerçant des fonctions d'enseignement ou d'inspection,05,377,9389.42,7762.73
346,Maître de l'enseignement artistique du premier grade (Personnel d'inspection et d'enseignement artistique exerçant des fonctions d'enseignement ou d'inspection),معلم التعلم الفني من الدرجة الأولى (موظفي التفتيش و التعليم الفني المزاولون لمهام التدريس أو التفتيش),Personnel d'inspection et d'enseignement artistique exerçant des fonctions d'enseignement ou d'inspection,06,402,10409.02,8515.19
346,Maître de l'enseignement artistique du premier grade (Personnel d'inspection et d'enseignement artistique exerçant des fonctions d'enseignement ou d'inspection),معلم التعلم الفني من الدرجة الأولى (موظفي التفتيش و التعليم الفني المزاولون لمهام التدريس أو التفتيش),Personnel d'inspection et d'enseignement artistique exerçant des fonctions d'enseignement ou d'inspection,07,428,10546.93,8616.97
346,Maître de l'enseignement artistique du premier grade (Personnel d'inspection et d'enseignement artistique exerçant des fonctions d'enseignement ou d'inspection),معلم التعلم الفني من الدرجة الأولى (موظفي التفتيش و التعليم الفني المزاولون لمهام التدريس أو التفتيش),Personnel d'inspection et d'enseignement artistique exerçant des fonctions d'enseignement ou d'inspection,08,456,10695.45,8726.58
346,Maître de l'enseignement artistique du premier grade (Personnel d'inspection et d'enseignement artistique exerçant des fonctions d'enseignement ou d'inspection),معلم التعلم الفني من الدرجة الأولى (موظفي التفتيش و التعليم الفني المزاولون لمهام التدريس أو التفتيش),Personnel d'inspection et d'enseignement artistique exerçant des fonctions d'enseignement ou d'inspection,09,484,10843.97,8836.18
346,Maître de l'enseignement artistique du premier grade (Personnel d'inspection et d'enseignement artistique exerçant des fonctions d'enseignement ou d'inspection),معلم التعلم الفني من الدرجة الأولى (موظفي التفتيش و التعليم الفني المزاولون لمهام التدريس أو التفتيش),Personnel d'inspection et d'enseignement artistique exerçant des fonctions d'enseignement ou d'inspection,10,512,10992.48,8941.91
346,Maître de l'enseignement artistique du premier grade (Personnel d'inspection et d'enseignement artistique exerçant des fonctions d'enseignement ou d'inspection),معلم التعلم الفني من الدرجة الأولى (موظفي التفتيش و التعليم الفني المزاولون لمهام التدريس أو التفتيش),Personnel d'inspection et d'enseignement artistique exerçant des fonctions d'enseignement ou d'inspection,ex,564,11268.3,9128.64
348,Maître de l'enseignement artistique du troisiéme grade (Personnel d'inspection et d'enseignement artistique exerçant des fonctions d'enseignement ou d'inspection),معلم التعليم الفني من الدرجة الثالثة (موظفي التفتيش و التعليم الفني المزاولون لمهام التدريس أو التفتيش),Personnel d'inspection et d'enseignement artistique exerçant des fonctions d'enseignement ou d'inspection,01,207,7103.71,6009.2
348,Maître de l'enseignement artistique du troisiéme grade (Personnel d'inspection et d'enseignement artistique exerçant des fonctions d'enseignement ou d'inspection),معلم التعليم الفني من الدرجة الثالثة (موظفي التفتيش و التعليم الفني المزاولون لمهام التدريس أو التفتيش),Personnel d'inspection et d'enseignement artistique exerçant des fonctions d'enseignement ou d'inspection,02,224,7193.88,6081.25
348,Maître de l'enseignement artistique du troisiéme grade (Personnel d'inspection et d'enseignement artistique exerçant des fonctions d'enseignement ou d'inspection),معلم التعليم الفني من الدرجة الثالثة (موظفي التفتيش و التعليم الفني المزاولون لمهام التدريس أو التفتيش),Personnel d'inspection et d'enseignement artistique exerçant des fonctions d'enseignement ou d'inspection,03,241,7284.05,6153.29
348,Maître de l'enseignement artistique du troisiéme grade (Personnel d'inspection et d'enseignement artistique exerçant des fonctions d'enseignement ou d'inspection),معلم التعليم الفني من الدرجة الثالثة (موظفي التفتيش و التعليم الفني المزاولون لمهام التدريس أو التفتيش),Personnel d'inspection et d'enseignement artistique exerçant des fonctions d'enseignement ou d'inspection,04,259,7379.53,6229.58
348,Maître de l'enseignement artistique du troisiéme grade (Personnel d'inspection et d'enseignement artistique exerçant des fonctions d'enseignement ou d'inspection),معلم التعليم الفني من الدرجة الثالثة (موظفي التفتيش و التعليم الفني المزاولون لمهام التدريس أو التفتيش),Personnel d'inspection et d'enseignement artistique exerçant des fonctions d'enseignement ou d'inspection,05,276,7469.7,6301.62
348,Maître de l'enseignement artistique du troisiéme grade (Personnel d'inspection et d'enseignement artistique exerçant des fonctions d'enseignement ou d'inspection),معلم التعليم الفني من الدرجة الثالثة (موظفي التفتيش و التعليم الفني المزاولون لمهام التدريس أو التفتيش),Personnel d'inspection et d'enseignement artistique exerçant des fonctions d'enseignement ou d'inspection,06,293,7591.87,6399.24
348,Maître de l'enseignement artistique du troisiéme grade (Personnel d'inspection et d'enseignement artistique exerçant des fonctions d'enseignement ou d'inspection),معلم التعليم الفني من الدرجة الثالثة (موظفي التفتيش و التعليم الفني المزاولون لمهام التدريس أو التفتيش),Personnel d'inspection et d'enseignement artistique exerçant des fonctions d'enseignement ou d'inspection,07,311,7687.35,6475.52
348,Maître de l'enseignement artistique du troisiéme grade (Personnel d'inspection et d'enseignement artistique exerçant des fonctions d'enseignement ou d'inspection),معلم التعليم الفني من الدرجة الثالثة (موظفي التفتيش و التعليم الفني المزاولون لمهام التدريس أو التفتيش),Personnel d'inspection et d'enseignement artistique exerçant des fonctions d'enseignement ou d'inspection,08,332,7798.73,6564.52
348,Maître de l'enseignement artistique du troisiéme grade (Personnel d'inspection et d'enseignement artistique exerçant des fonctions d'enseignement ou d'inspection),معلم التعليم الفني من الدرجة الثالثة (موظفي التفتيش و التعليم الفني المزاولون لمهام التدريس أو التفتيش),Personnel d'inspection et d'enseignement artistique exerçant des fonctions d'enseignement ou d'inspection,09,353,7910.12,6653.52
348,Maître de l'enseignement artistique du troisiéme grade (Personnel d'inspection et d'enseignement artistique exerçant des fonctions d'enseignement ou d'inspection),معلم التعليم الفني من الدرجة الثالثة (موظفي التفتيش و التعليم الفني المزاولون لمهام التدريس أو التفتيش),Personnel d'inspection et d'enseignement artistique exerçant des fonctions d'enseignement ou d'inspection,10,373,8016.2,6738.28
345,Professeur adjoint de l'enseignement artistique du deuxiéme grade (Personnel d'inspection et d'enseignement artistique exerçant des fonctions d'enseignement ou d'inspection),استاذ مساعد للتعليم الفني من الدرجة الثانية (موظفي التفتيش و التعليم الفني المزاولون لمهام التدريس أو التفتيش),Personnel d'inspection et d'enseignement artistique exerçant des fonctions d'enseignement ou d'inspection,01,275,8848.4,7363.45
345,Professeur adjoint de l'enseignement artistique du deuxiéme grade (Personnel d'inspection et d'enseignement artistique exerçant des fonctions d'enseignement ou d'inspection),استاذ مساعد للتعليم الفني من الدرجة الثانية (موظفي التفتيش و التعليم الفني المزاولون لمهام التدريس أو التفتيش),Personnel d'inspection et d'enseignement artistique exerçant des fonctions d'enseignement ou d'inspection,02,300,8981.0,7461.31
345,Professeur adjoint de l'enseignement artistique du deuxiéme grade (Personnel d'inspection et d'enseignement artistique exerçant des fonctions d'enseignement ou d'inspection),استاذ مساعد للتعليم الفني من الدرجة الثانية (موظفي التفتيش و التعليم الفني المزاولون لمهام التدريس أو التفتيش),Personnel d'inspection et d'enseignement artistique exerçant des fonctions d'enseignement ou d'inspection,03,326,9118.91,7563.09
345,Professeur adjoint de l'enseignement artistique du deuxiéme grade (Personnel d'inspection et d'enseignement artistique exerçant des fonctions d'enseignement ou d'inspection),استاذ مساعد للتعليم الفني من الدرجة الثانية (موظفي التفتيش و التعليم الفني المزاولون لمهام التدريس أو التفتيش),Personnel d'inspection et d'enseignement artistique exerçant des fonctions d'enseignement ou d'inspection,04,351,9251.51,7660.95
345,Professeur adjoint de l'enseignement artistique du deuxiéme grade (Personnel d'inspection et d'enseignement artistique exerçant des fonctions d'enseignement ou d'inspection),استاذ مساعد للتعليم الفني من الدرجة الثانية (موظفي التفتيش و التعليم الفني المزاولون لمهام التدريس أو التفتيش),Personnel d'inspection et d'enseignement artistique exerçant des fonctions d'enseignement ou d'inspection,05,377,9389.42,7762.73
345,Professeur adjoint de l'enseignement artistique du deuxiéme grade (Personnel d'inspection et d'enseignement artistique exerçant des fonctions d'enseignement ou d'inspection),استاذ مساعد للتعليم الفني من الدرجة الثانية (موظفي التفتيش و التعليم الفني المزاولون لمهام التدريس أو التفتيش),Personnel d'inspection et d'enseignement artistique exerçant des fonctions d'enseignement ou d'inspection,06,402,10409.02,8515.19
345,Professeur adjoint de l'enseignement artistique du deuxiéme grade (Personnel d'inspection et d'enseignement artistique exerçant des fonctions d'enseignement ou d'inspection),استاذ مساعد للتعليم الفني من الدرجة الثانية (موظفي التفتيش و التعليم الفني المزاولون لمهام التدريس أو التفتيش),Personnel d'inspection et d'enseignement artistique exerçant des fonctions d'enseignement ou d'inspection,07,428,10546.93,8616.97
345,Professeur adjoint de l'enseignement artistique du deuxiéme grade (Personnel d'inspection et d'enseignement artistique exerçant des fonctions d'enseignement ou d'inspection),استاذ مساعد للتعليم الفني من الدرجة الثانية (موظفي التفتيش و التعليم الفني المزاولون لمهام التدريس أو التفتيش),Personnel d'inspection et d'enseignement artistique exerçant des fonctions d'enseignement ou d'inspection,08,456,10695.45,8726.58
345,Professeur adjoint de l'enseignement artistique du deuxiéme grade (Personnel d'inspection et d'enseignement artistique exerçant des fonctions d'enseignement ou d'inspection),استاذ مساعد للتعليم الفني من الدرجة الثانية (موظفي التفتيش و التعليم الفني المزاولون لمهام التدريس أو التفتيش),Personnel d'inspection et d'enseignement artistique exerçant des fonctions d'enseignement ou d'inspection,09,484,10843.97,8836.18
345,Professeur adjoint de l'enseignement artistique du deuxiéme grade (Personnel d'inspection et d'enseignement artistique exerçant des fonctions d'enseignement ou d'inspection),استاذ مساعد للتعليم الفني من الدرجة الثانية (موظفي التفتيش و التعليم الفني المزاولون لمهام التدريس أو التفتيش),Personnel d'inspection et d'enseignement artistique exerçant des fonctions d'enseignement ou d'inspection,10,512,10992.48,8941.91
345,Professeur adjoint de l'enseignement artistique du deuxiéme grade (Personnel d'inspection et d'enseignement artistique exerçant des fonctions d'enseignement ou d'inspection),استاذ مساعد للتعليم الفني من الدرجة الثانية (موظفي التفتيش و التعليم الفني المزاولون لمهام التدريس أو التفتيش),Personnel d'inspection et d'enseignement artistique exerçant des fonctions d'enseignement ou d'inspection,ex,564,11268.3,9128.64
344,Professeur adjoint de l'enseignement artistique du premier grade (Personnel d'inspection et d'enseignement artistique exerçant des fonctions d'enseignement ou d'inspection),استاذ مساعد للتعليم الفني من الدرجة الأولى (موظفي التفتيش و التعليم الفني المزاولون لمهام التدريس أو التفتيش),Personnel d'inspection et d'enseignement artistique exerçant des fonctions d'enseignement ou d'inspection,01,336,11855.95,9512.28
344,Professeur adjoint de l'enseignement artistique du premier grade (Personnel d'inspection et d'enseignement artistique exerçant des fonctions d'enseignement ou d'inspection),استاذ مساعد للتعليم الفني من الدرجة الأولى (موظفي التفتيش و التعليم الفني المزاولون لمهام التدريس أو التفتيش),Personnel d'inspection et d'enseignement artistique exerçant des fonctions d'enseignement ou d'inspection,02,369,12030.99,9617.65
344,Professeur adjoint de l'enseignement artistique du premier grade (Personnel d'inspection et d'enseignement artistique exerçant des fonctions d'enseignement ou d'inspection),استاذ مساعد للتعليم الفني من الدرجة الأولى (موظفي التفتيش و التعليم الفني المزاولون لمهام التدريس أو التفتيش),Personnel d'inspection et d'enseignement artistique exerçant des fonctions d'enseignement ou d'inspection,03,403,12211.33,9726.22
344,Professeur adjoint de l'enseignement artistique du premier grade (Personnel d'inspection et d'enseignement artistique exerçant des fonctions d'enseignement ou d'inspection),استاذ مساعد للتعليم الفني من الدرجة الأولى (موظفي التفتيش و التعليم الفني المزاولون لمهام التدريس أو التفتيش),Personnel d'inspection et d'enseignement artistique exerçant des fonctions d'enseignement ou d'inspection,04,436,12386.37,9831.59
344,Professeur adjoint de l'enseignement artistique du premier grade (Personnel d'inspection et d'enseignement artistique exerçant des fonctions d'enseignement ou d'inspection),استاذ مساعد للتعليم الفني من الدرجة الأولى (موظفي التفتيش و التعليم الفني المزاولون لمهام التدريس أو التفتيش),Personnel d'inspection et d'enseignement artistique exerçant des fonctions d'enseignement ou d'inspection,05,472,12577.32,9946.54
344,Professeur adjoint de l'enseignement artistique du premier grade (Personnel d'inspection et d'enseignement artistique exerçant des fonctions d'enseignement ou d'inspection),استاذ مساعد للتعليم الفني من الدرجة الأولى (موظفي التفتيش و التعليم الفني المزاولون لمهام التدريس أو التفتيش),Personnel d'inspection et d'enseignement artistique exerçant des fonctions d'enseignement ou d'inspection,06,509,17008.57,12479.06
344,Professeur adjoint de l'enseignement artistique du premier grade (Personnel d'inspection et d'enseignement artistique exerçant des fonctions d'enseignement ou d'inspection),استاذ مساعد للتعليم الفني من الدرجة الأولى (موظفي التفتيش و التعليم الفني المزاولون لمهام التدريس أو التفتيش),Personnel d'inspection et d'enseignement artistique exerçant des fonctions d'enseignement ou d'inspection,07,542,17183.61,12578.42
344,Professeur adjoint de l'enseignement artistique du premier grade (Personnel d'inspection et d'enseignement artistique exerçant des fonctions d'enseignement ou d'inspection),استاذ مساعد للتعليم الفني من الدرجة الأولى (موظفي التفتيش و التعليم الفني المزاولون لمهام التدريس أو التفتيش),Personnel d'inspection et d'enseignement artistique exerçant des fonctions d'enseignement ou d'inspection,08,574,17353.34,12674.76
344,Professeur adjoint de l'enseignement artistique du premier grade (Personnel d'inspection et d'enseignement artistique exerçant des fonctions d'enseignement ou d'inspection),استاذ مساعد للتعليم الفني من الدرجة الأولى (موظفي التفتيش و التعليم الفني المزاولون لمهام التدريس أو التفتيش),Personnel d'inspection et d'enseignement artistique exerçant des fonctions d'enseignement ou d'inspection,09,606,17523.08,12771.1
344,Professeur adjoint de l'enseignement artistique du premier grade (Personnel d'inspection et d'enseignement artistique exerçant des fonctions d'enseignement ou d'inspection),استاذ مساعد للتعليم الفني من الدرجة الأولى (موظفي التفتيش و التعليم الفني المزاولون لمهام التدريس أو التفتيش),Personnel d'inspection et d'enseignement artistique exerçant des fonctions d'enseignement ou d'inspection,10,639,17698.11,12870.45
344,Professeur adjoint de l'enseignement artistique du premier grade (Personnel d'inspection et d'enseignement artistique exerçant des fonctions d'enseignement ou d'inspection),استاذ مساعد للتعليم الفني من الدرجة الأولى (موظفي التفتيش و التعليم الفني المزاولون لمهام التدريس أو التفتيش),Personnel d'inspection et d'enseignement artistique exerçant des fonctions d'enseignement ou d'inspection,ex,704,18042.88,13066.14
343,Professeur de l'enseignement artistique de grade principal (Personnel d'inspection et d'enseignement artistique exerçant des fonctions d'enseignement ou d'inspection),أستاذ التعليم الفني من الدرجة الممتازة (موظفي التفتيش و التعليم الفني المزاولون لمهام التدريس أو التفتيش),Personnel d'inspection et d'enseignement artistique exerçant des fonctions d'enseignement ou d'inspection,01,704,21640.88,15087.53
343,Professeur de l'enseignement artistique de grade principal (Personnel d'inspection et d'enseignement artistique exerçant des fonctions d'enseignement ou d'inspection),أستاذ التعليم الفني من الدرجة الممتازة (موظفي التفتيش و التعليم الفني المزاولون لمهام التدريس أو التفتيش),Personnel d'inspection et d'enseignement artistique exerçant des fonctions d'enseignement ou d'inspection,02,746,21863.66,15208.23
343,Professeur de l'enseignement artistique de grade principal (Personnel d'inspection et d'enseignement artistique exerçant des fonctions d'enseignement ou d'inspection),أستاذ التعليم الفني من الدرجة الممتازة (موظفي التفتيش و التعليم الفني المزاولون لمهام التدريس أو التفتيش),Personnel d'inspection et d'enseignement artistique exerçant des fonctions d'enseignement ou d'inspection,03,779,22038.7,15303.07
343,Professeur de l'enseignement artistique de grade principal (Personnel d'inspection et d'enseignement artistique exerçant des fonctions d'enseignement ou d'inspection),أستاذ التعليم الفني من الدرجة الممتازة (موظفي التفتيش و التعليم الفني المزاولون لمهام التدريس أو التفتيش),Personnel d'inspection et d'enseignement artistique exerçant des fonctions d'enseignement ou d'inspection,04,812,22213.73,15397.9
343,Professeur de l'enseignement artistique de grade principal (Personnel d'inspection et d'enseignement artistique exerçant des fonctions d'enseignement ou d'inspection),أستاذ التعليم الفني من الدرجة الممتازة (موظفي التفتيش و التعليم الفني المزاولون لمهام التدريس أو التفتيش),Personnel d'inspection et d'enseignement artistique exerçant des fonctions d'enseignement ou d'inspection,05,840,22362.25,15478.37
343,Professeur de l'enseignement artistique de grade principal (Personnel d'inspection et d'enseignement artistique exerçant des fonctions d'enseignement ou d'inspection),أستاذ التعليم الفني من الدرجة الممتازة (موظفي التفتيش و التعليم الفني المزاولون لمهام التدريس أو التفتيش),Personnel d'inspection et d'enseignement artistique exerçant des fonctions d'enseignement ou d'inspection,06,870,24440.38,16604.3
330,Adjoint de santé breveté,مساعدي الصحة الحاملين للإعدادية,Regroupement de cadres du ministère de la sante publique,01,151,5742.68,4938.7
330,Adjoint de santé breveté,مساعدي الصحة الحاملين للإعدادية,Regroupement de cadres du ministère de la sante publique,02,161,5795.72,4984.32
330,Adjoint de santé breveté,مساعدي الصحة الحاملين للإعدادية,Regroupement de cadres du ministère de la sante publique,03,173,5859.37,5039.06
330,Adjoint de santé breveté,مساعدي الصحة الحاملين للإعدادية,Regroupement de cadres du ministère de la sante publique,04,185,5923.02,5093.8
330,Adjoint de santé breveté,مساعدي الصحة الحاملين للإعدادية,Regroupement de cadres du ministère de la sante publique,05,197,5986.67,5148.54
330,Adjoint de santé breveté,مساعدي الصحة الحاملين للإعدادية,Regroupement de cadres du ministère de la sante publique,06,209,6050.32,5203.28
330,Adjoint de santé breveté,مساعدي الصحة الحاملين للإعدادية,Regroupement de cadres du ministère de la sante publique,07,222,6119.28,5262.58
330,Adjoint de santé breveté,مساعدي الصحة الحاملين للإعدادية,Regroupement de cadres du ministère de la sante publique,08,236,6193.53,5326.44
330,Adjoint de santé breveté,مساعدي الصحة الحاملين للإعدادية,Regroupement de cadres du ministère de la sante publique,09,249,6262.49,5385.74
330,Adjoint de santé breveté,مساعدي الصحة الحاملين للإعدادية,Regroupement de cadres du ministère de la sante publique,10,262,6331.44,5445.04
329,Adjoint de santé breveté principal,مساعدي الصحة الحاملين للإعدادية الممتازين,Regroupement de cadres du ministère de la sante publique,01,177,6092.59,5239.63
329,Adjoint de santé breveté principal,مساعدي الصحة الحاملين للإعدادية الممتازين,Regroupement de cadres du ministère de la sante publique,02,193,6177.45,5312.61
329,Adjoint de santé breveté principal,مساعدي الصحة الحاملين للإعدادية الممتازين,Regroupement de cadres du ministère de la sante publique,03,208,6257.02,5381.03
329,Adjoint de santé breveté principal,مساعدي الصحة الحاملين للإعدادية الممتازين,Regroupement de cadres du ministère de la sante publique,04,225,6347.19,5458.58
329,Adjoint de santé breveté principal,مساعدي الصحة الحاملين للإعدادية الممتازين,Regroupement de cadres du ministère de la sante publique,05,242,6437.36,5536.13
329,Adjoint de santé breveté principal,مساعدي الصحة الحاملين للإعدادية الممتازين,Regroupement de cadres du ministère de la sante publique,06,260,6532.83,5553.07
329,Adjoint de santé breveté principal,مساعدي الصحة الحاملين للإعدادية الممتازين,Regroupement de cadres du ministère de la sante publique,07,277,6623.0,5625.11
329,Adjoint de santé breveté principal,مساعدي الصحة الحاملين للإعدادية الممتازين,Regroupement de cadres du ministère de la sante publique,08,291,6697.26,5684.45
329,Adjoint de santé breveté principal,مساعدي الصحة الحاملين للإعدادية الممتازين,Regroupement de cadres du ministère de la sante publique,09,305,6771.52,5743.78
329,Adjoint de santé breveté principal,مساعدي الصحة الحاملين للإعدادية الممتازين,Regroupement de cadres du ministère de la sante publique,10,318,6840.48,5798.87
328,Adjoint de santé diplomé d'Etat,مساعد الصحة مجاز من الدولة,Regroupement de cadres du ministère de la sante publique,01,207,6482.71,5575.13
328,Adjoint de santé diplomé d'Etat,مساعد الصحة مجاز من الدولة,Regroupement de cadres du ministère de la sante publique,02,224,6572.88,5585.07
328,Adjoint de santé diplomé d'Etat,مساعد الصحة مجاز من الدولة,Regroupement de cadres du ministère de la sante publique,03,241,6663.05,5657.11
328,Adjoint de santé diplomé d'Etat,مساعد الصحة مجاز من الدولة,Regroupement de cadres du ministère de la sante publique,04,259,6758.53,5733.4
328,Adjoint de santé diplomé d'Etat,مساعد الصحة مجاز من الدولة,Regroupement de cadres du ministère de la sante publique,05,276,6848.7,5805.44
328,Adjoint de santé diplomé d'Etat,مساعد الصحة مجاز من الدولة,Regroupement de cadres du ministère de la sante publique,06,293,6960.87,5895.07
328,Adjoint de santé diplomé d'Etat,مساعد الصحة مجاز من الدولة,Regroupement de cadres du ministère de la sante publique,07,311,7056.35,5971.35
328,Adjoint de santé diplomé d'Etat,مساعد الصحة مجاز من الدولة,Regroupement de cadres du ministère de la sante publique,08,332,7167.73,6060.35
328,Adjoint de santé diplomé d'Etat,مساعد الصحة مجاز من الدولة,Regroupement de cadres du ministère de la sante publique,09,353,7279.12,6149.35
328,Adjoint de santé diplomé d'Etat,مساعد الصحة مجاز من الدولة,Regroupement de cadres du ministère de la sante publique,10,373,7385.2,6234.11
331,Aide sanitaire,معاون صحي,Regroupement de cadres du ministère de la sante publique,01,119,5190.27,4463.63
331,Aide sanitaire,معاون صحي,Regroupement de cadres du ministère de la sante publique,02,124,5231.74,4499.29
331,Aide sanitaire,معاون صحي,Regroupement de cadres du ministère de la sante publique,03,128,5264.91,4527.82
331,Aide sanitaire,معاون صحي,Regroupement de cadres du ministère de la sante publique,04,133,5306.38,4563.49
331,Aide sanitaire,معاون صحي,Regroupement de cadres du ministère de la sante publique,05,136,5331.26,4584.89
331,Aide sanitaire,معاون صحي,Regroupement de cadres du ministère de la sante publique,06,139,5356.14,4606.28
331,Aide sanitaire,معاون صحي,Regroupement de cadres du ministère de la sante publique,07,144,5397.61,4641.95
331,Aide sanitaire,معاون صحي,Regroupement de cadres du ministère de la sante publique,08,148,5430.79,4670.48
331,Aide sanitaire,معاون صحي,Regroupement de cadres du ministère de la sante publique,09,153,5463.29,4698.43
331,Aide sanitaire,معاون صحي,Regroupement de cadres du ministère de la sante publique,10,158,5489.81,4721.24
199,Magistrat adjoint du deuxiéme grade,القضاة النواب من الدرجة الثانية,Regroupement des cadres de la cour des comptes,01,336,18900.95,13877.48
199,Magistrat adjoint du deuxiéme grade,القضاة النواب من الدرجة الثانية,Regroupement des cadres de la cour des comptes,02,374,19102.51,13991.88
199,Magistrat adjoint du deuxiéme grade,القضاة النواب من الدرجة الثانية,Regroupement des cadres de la cour des comptes,03,408,19282.85,14094.25
199,Magistrat adjoint du deuxiéme grade,القضاة النواب من الدرجة الثانية,Regroupement des cadres de la cour des comptes,04,441,19457.89,14193.6
199,Magistrat adjoint du deuxiéme grade,القضاة النواب من الدرجة الثانية,Regroupement des cadres de la cour des comptes,05,477,19648.84,14301.98
199,Magistrat adjoint du deuxiéme grade,القضاة النواب من الدرجة الثانية,Regroupement des cadres de la cour des comptes,06,514,19845.09,14413.37
199,Magistrat adjoint du deuxiéme grade,القضاة النواب من الدرجة الثانية,Regroupement des cadres de la cour des comptes,07,547,20020.13,14512.73
199,Magistrat adjoint du deuxiéme grade,القضاة النواب من الدرجة الثانية,Regroupement des cadres de la cour des comptes,08,579,20189.86,14609.07
199,Magistrat adjoint du deuxiéme grade,القضاة النواب من الدرجة الثانية,Regroupement des cadres de la cour des comptes,09,611,20359.6,14705.41
198,Magistrat adjoint du troisiéme grade,القضاة النواب من الدرجة الثالثة,Regroupement des cadres de la cour des comptes,01,275,15925.4,12188.55
198,Magistrat adjoint du troisiéme grade,القضاة النواب من الدرجة الثالثة,Regroupement des cadres de la cour des comptes,02,305,16084.52,12278.87
198,Magistrat adjoint du troisiéme grade,القضاة النواب من الدرجة الثالثة,Regroupement des cadres de la cour des comptes,03,329,16211.82,12351.13
198,Magistrat adjoint du troisiéme grade,القضاة النواب من الدرجة الثالثة,Regroupement des cadres de la cour des comptes,04,355,16349.73,12429.41
198,Magistrat adjoint du troisiéme grade,القضاة النواب من الدرجة الثالثة,Regroupement des cadres de la cour des comptes,05,380,16482.33,12504.67
198,Magistrat adjoint du troisiéme grade,القضاة النواب من الدرجة الثالثة,Regroupement des cadres de la cour des comptes,06,406,16920.24,12753.23
198,Magistrat adjoint du troisiéme grade,القضاة النواب من الدرجة الثالثة,Regroupement des cadres de la cour des comptes,07,432,17058.15,12831.51
198,Magistrat adjoint du troisiéme grade,القضاة النواب من الدرجة الثالثة,Regroupement des cadres de la cour des comptes,08,472,17270.32,12951.93
198,Magistrat adjoint du troisiéme grade,القضاة النواب من الدرجة الثالثة,Regroupement des cadres de la cour des comptes,09,501,17424.14,13039.24
196,Magistrat du deuxiéme grade (Regroupement des cadres de la cour des comptes),قاضي من الدرجة الثانية (أطر المجلس الأعلى للحسابات),Regroupement des cadres de la cour des comptes,01,336,26266.95,18052.13
196,Magistrat du deuxiéme grade (Regroupement des cadres de la cour des comptes),قاضي من الدرجة الثانية (أطر المجلس الأعلى للحسابات),Regroupement des cadres de la cour des comptes,02,374,26468.51,18161.34
196,Magistrat du deuxiéme grade (Regroupement des cadres de la cour des comptes),قاضي من الدرجة الثانية (أطر المجلس الأعلى للحسابات),Regroupement des cadres de la cour des comptes,03,408,26648.85,18259.05
196,Magistrat du deuxiéme grade (Regroupement des cadres de la cour des comptes),قاضي من الدرجة الثانية (أطر المجلس الأعلى للحسابات),Regroupement des cadres de la cour des comptes,04,441,26823.89,18353.88
196,Magistrat du deuxiéme grade (Regroupement des cadres de la cour des comptes),قاضي من الدرجة الثانية (أطر المجلس الأعلى للحسابات),Regroupement des cadres de la cour des comptes,05,477,27014.84,18457.34
196,Magistrat du deuxiéme grade (Regroupement des cadres de la cour des comptes),قاضي من الدرجة الثانية (أطر المجلس الأعلى للحسابات),Regroupement des cadres de la cour des comptes,06,514,27211.09,18563.67
196,Magistrat du deuxiéme grade (Regroupement des cadres de la cour des comptes),قاضي من الدرجة الثانية (أطر المجلس الأعلى للحسابات),Regroupement des cadres de la cour des comptes,07,547,27386.13,18658.5
196,Magistrat du deuxiéme grade (Regroupement des cadres de la cour des comptes),قاضي من الدرجة الثانية (أطر المجلس الأعلى للحسابات),Regroupement des cadres de la cour des comptes,08,579,27555.86,18750.47
196,Magistrat du deuxiéme grade (Regroupement des cadres de la cour des comptes),قاضي من الدرجة الثانية (أطر المجلس الأعلى للحسابات),Regroupement des cadres de la cour des comptes,09,611,27725.6,18842.43
195,Magistrat du grade exceptionnel (Regroupement des cadres de la cour des comptes),قاضي من الدرجة الإستثنائية (أطر المجلس الأعلى للحسابات),Regroupement des cadres de la cour des comptes,01,870,66517.71,39860.0
195,Magistrat du grade exceptionnel (Regroupement des cadres de la cour des comptes),قاضي من الدرجة الإستثنائية (أطر المجلس الأعلى للحسابات),Regroupement des cadres de la cour des comptes,02,910,66729.88,39974.95
195,Magistrat du grade exceptionnel (Regroupement des cadres de la cour des comptes),قاضي من الدرجة الإستثنائية (أطر المجلس الأعلى للحسابات),Regroupement des cadres de la cour des comptes,03,950,66942.05,40089.9
197,Magistrat du troisiéme grade (Regroupement des cadres de la cour des comptes),قاضي من الدرجة الثالثة (أطر المجلس الأعلى للحسابات),Regroupement des cadres de la cour des comptes,01,275,22376.4,15944.23
197,Magistrat du troisiéme grade (Regroupement des cadres de la cour des comptes),قاضي من الدرجة الثالثة (أطر المجلس الأعلى للحسابات),Regroupement des cadres de la cour des comptes,02,305,22535.52,16030.45
197,Magistrat du troisiéme grade (Regroupement des cadres de la cour des comptes),قاضي من الدرجة الثالثة (أطر المجلس الأعلى للحسابات),Regroupement des cadres de la cour des comptes,03,329,22662.82,16099.42
197,Magistrat du troisiéme grade (Regroupement des cadres de la cour des comptes),قاضي من الدرجة الثالثة (أطر المجلس الأعلى للحسابات),Regroupement des cadres de la cour des comptes,04,355,22800.73,16174.14
197,Magistrat du troisiéme grade (Regroupement des cadres de la cour des comptes),قاضي من الدرجة الثالثة (أطر المجلس الأعلى للحسابات),Regroupement des cadres de la cour des comptes,05,380,22933.33,16245.98
197,Magistrat du troisiéme grade (Regroupement des cadres de la cour des comptes),قاضي من الدرجة الثالثة (أطر المجلس الأعلى للحسابات),Regroupement des cadres de la cour des comptes,06,406,23471.24,16537.42
197,Magistrat du troisiéme grade (Regroupement des cadres de la cour des comptes),قاضي من الدرجة الثالثة (أطر المجلس الأعلى للحسابات),Regroupement des cadres de la cour des comptes,07,432,23609.15,16612.14
197,Magistrat du troisiéme grade (Regroupement des cadres de la cour des comptes),قاضي من الدرجة الثالثة (أطر المجلس الأعلى للحسابات),Regroupement des cadres de la cour des comptes,08,472,23821.32,16727.09
197,Magistrat du troisiéme grade (Regroupement des cadres de la cour des comptes),قاضي من الدرجة الثالثة (أطر المجلس الأعلى للحسابات),Regroupement des cadres de la cour des comptes,09,501,23975.14,16810.43
357,Inspecteur adjoint du travail de 1er grade,مفتش مساعد للشغل من الدرجة الأولى,Regroupement des cadres du ministère de l'emploi,01,336,13268.95,11209.83
357,Inspecteur adjoint du travail de 1er grade,مفتش مساعد للشغل من الدرجة الأولى,Regroupement des cadres du ministère de l'emploi,02,369,13443.99,11328.33
357,Inspecteur adjoint du travail de 1er grade,مفتش مساعد للشغل من الدرجة الأولى,Regroupement des cadres du ministère de l'emploi,03,403,13624.33,11450.42
357,Inspecteur adjoint du travail de 1er grade,مفتش مساعد للشغل من الدرجة الأولى,Regroupement des cadres du ministère de l'emploi,04,436,13799.37,11568.92
357,Inspecteur adjoint du travail de 1er grade,مفتش مساعد للشغل من الدرجة الأولى,Regroupement des cadres du ministère de l'emploi,05,472,13990.32,11692.67
357,Inspecteur adjoint du travail de 1er grade,مفتش مساعد للشغل من الدرجة الأولى,Regroupement des cadres du ministère de l'emploi,06,509,18369.57,14224.47
357,Inspecteur adjoint du travail de 1er grade,مفتش مساعد للشغل من الدرجة الأولى,Regroupement des cadres du ministère de l'emploi,07,542,18544.61,14323.82
357,Inspecteur adjoint du travail de 1er grade,مفتش مساعد للشغل من الدرجة الأولى,Regroupement des cadres du ministère de l'emploi,08,574,18714.34,14420.16
357,Inspecteur adjoint du travail de 1er grade,مفتش مساعد للشغل من الدرجة الأولى,Regroupement des cadres du ministère de l'emploi,09,606,18884.08,14516.5
357,Inspecteur adjoint du travail de 1er grade,مفتش مساعد للشغل من الدرجة الأولى,Regroupement des cadres du ministère de l'emploi,10,639,19059.11,14615.85
357,Inspecteur adjoint du travail de 1er grade,مفتش مساعد للشغل من الدرجة الأولى,Regroupement des cadres du ministère de l'emploi,11,675,19673.06,14964.33
357,Inspecteur adjoint du travail de 1er grade,مفتش مساعد للشغل من الدرجة الأولى,Regroupement des cadres du ministère de l'emploi,12,690,19752.63,15009.49
357,Inspecteur adjoint du travail de 1er grade,مفتش مساعد للشغل من الدرجة الأولى,Regroupement des cadres du ministère de l'emploi,13,704,19826.88,15051.64
358,Inspecteur adjoint du travail de 2ème grade,مفتش مساعد للشغل من الدرجة الثانية,Regroupement des cadres du ministère de l'emploi,01,275,10162.4,8855.09
358,Inspecteur adjoint du travail de 2ème grade,مفتش مساعد للشغل من الدرجة الثانية,Regroupement des cadres du ministère de l'emploi,02,300,10295.0,8955.04
358,Inspecteur adjoint du travail de 2ème grade,مفتش مساعد للشغل من الدرجة الثانية,Regroupement des cadres du ministère de l'emploi,03,326,10432.91,9056.82
358,Inspecteur adjoint du travail de 2ème grade,مفتش مساعد للشغل من الدرجة الثانية,Regroupement des cadres du ministère de l'emploi,04,351,10565.51,9154.68
358,Inspecteur adjoint du travail de 2ème grade,مفتش مساعد للشغل من الدرجة الثانية,Regroupement des cadres du ministère de l'emploi,05,377,10703.42,9256.46
358,Inspecteur adjoint du travail de 2ème grade,مفتش مساعد للشغل من الدرجة الثانية,Regroupement des cadres du ministère de l'emploi,06,402,11663.02,9964.65
358,Inspecteur adjoint du travail de 2ème grade,مفتش مساعد للشغل من الدرجة الثانية,Regroupement des cadres du ministère de l'emploi,07,428,11800.93,10066.42
358,Inspecteur adjoint du travail de 2ème grade,مفتش مساعد للشغل من الدرجة الثانية,Regroupement des cadres du ministère de l'emploi,08,456,11949.45,10176.03
358,Inspecteur adjoint du travail de 2ème grade,مفتش مساعد للشغل من الدرجة الثانية,Regroupement des cadres du ministère de l'emploi,09,484,12097.97,10285.63
358,Inspecteur adjoint du travail de 2ème grade,مفتش مساعد للشغل من الدرجة الثانية,Regroupement des cadres du ministère de l'emploi,10,512,12246.48,10395.24
358,Inspecteur adjoint du travail de 2ème grade,مفتش مساعد للشغل من الدرجة الثانية,Regroupement des cadres du ministère de l'emploi,ex,564,12522.3,10598.79
359,Inspecteur adjoint du travail de 3ème grade,مفتش مساعد للشغل من الدرجة الثالثة,Regroupement des cadres du ministère de l'emploi,01,235,8585.23,7544.68
359,Inspecteur adjoint du travail de 3ème grade,مفتش مساعد للشغل من الدرجة الثالثة,Regroupement des cadres du ministère de l'emploi,02,253,8680.7,7620.97
359,Inspecteur adjoint du travail de 3ème grade,مفتش مساعد للشغل من الدرجة الثالثة,Regroupement des cadres du ministère de l'emploi,03,274,8792.09,7709.96
359,Inspecteur adjoint du travail de 3ème grade,مفتش مساعد للشغل من الدرجة الثالثة,Regroupement des cadres du ministère de l'emploi,04,296,8908.78,7803.2
359,Inspecteur adjoint du travail de 3ème grade,مفتش مساعد للشغل من الدرجة الثالثة,Regroupement des cadres du ministère de l'emploi,05,317,9020.17,7892.2
359,Inspecteur adjoint du travail de 3ème grade,مفتش مساعد للشغل من الدرجة الثالثة,Regroupement des cadres du ministère de l'emploi,06,339,9136.86,7985.44
359,Inspecteur adjoint du travail de 3ème grade,مفتش مساعد للشغل من الدرجة الثالثة,Regroupement des cadres du ministère de l'emploi,07,361,9253.55,8078.67
359,Inspecteur adjoint du travail de 3ème grade,مفتش مساعد للشغل من الدرجة الثالثة,Regroupement des cadres du ministère de l'emploi,08,382,9364.94,8167.67
359,Inspecteur adjoint du travail de 3ème grade,مفتش مساعد للشغل من الدرجة الثالثة,Regroupement des cadres du ministère de l'emploi,09,404,9481.63,8260.91
359,Inspecteur adjoint du travail de 3ème grade,مفتش مساعد للشغل من الدرجة الثالثة,Regroupement des cadres du ministère de l'emploi,10,438,9661.98,8405.0
360,Inspecteur adjoint du travail de 4ème grade,مقتش مساعد للشغل من الدرجة الرابعة,Regroupement des cadres du ministère de l'emploi,01,207,7971.71,7065.67
360,Inspecteur adjoint du travail de 4ème grade,مقتش مساعد للشغل من الدرجة الرابعة,Regroupement des cadres du ministère de l'emploi,02,224,8061.88,7076.28
360,Inspecteur adjoint du travail de 4ème grade,مقتش مساعد للشغل من الدرجة الرابعة,Regroupement des cadres du ministère de l'emploi,03,241,8152.05,7148.32
360,Inspecteur adjoint du travail de 4ème grade,مقتش مساعد للشغل من الدرجة الرابعة,Regroupement des cadres du ministère de l'emploi,04,259,8247.53,7224.61
360,Inspecteur adjoint du travail de 4ème grade,مقتش مساعد للشغل من الدرجة الرابعة,Regroupement des cadres du ministère de l'emploi,05,276,8337.7,7296.66
360,Inspecteur adjoint du travail de 4ème grade,مقتش مساعد للشغل من الدرجة الرابعة,Regroupement des cadres du ministère de l'emploi,06,293,8427.87,7368.7
360,Inspecteur adjoint du travail de 4ème grade,مقتش مساعد للشغل من الدرجة الرابعة,Regroupement des cadres du ministère de l'emploi,07,311,8523.35,7444.99
360,Inspecteur adjoint du travail de 4ème grade,مقتش مساعد للشغل من الدرجة الرابعة,Regroupement des cadres du ministère de l'emploi,08,332,8634.73,7533.99
360,Inspecteur adjoint du travail de 4ème grade,مقتش مساعد للشغل من الدرجة الرابعة,Regroupement des cadres du ministère de l'emploi,09,353,8746.12,7622.98
360,Inspecteur adjoint du travail de 4ème grade,مقتش مساعد للشغل من الدرجة الرابعة,Regroupement des cadres du ministère de l'emploi,10,373,8852.2,7707.74
356,Inspecteur du travail de 1er grade,مفتش الشغل من الدرجة الأولى,Regroupement des cadres du ministère de l'emploi,01,704,24185.88,17611.91
356,Inspecteur du travail de 1er grade,مفتش الشغل من الدرجة الأولى,Regroupement des cadres du ministère de l'emploi,02,746,24408.66,17732.61
356,Inspecteur du travail de 1er grade,مفتش الشغل من الدرجة الأولى,Regroupement des cadres du ministère de l'emploi,03,779,24583.7,17827.45
356,Inspecteur du travail de 1er grade,مفتش الشغل من الدرجة الأولى,Regroupement des cadres du ministère de l'emploi,04,812,24758.73,17922.28
356,Inspecteur du travail de 1er grade,مفتش الشغل من الدرجة الأولى,Regroupement des cadres du ministère de l'emploi,05,840,24907.25,18002.75
356,Inspecteur du travail de 1er grade,مفتش الشغل من الدرجة الأولى,Regroupement des cadres du ministère de l'emploi,06,870,25066.38,18088.96
214,Attaché des affaires étrangères 3ème grade,ملحق ثالث للشؤون الخارجية,Regroupemnt des agents diplomatiques et consulaires,01,235,7382.23,6231.73
214,Attaché des affaires étrangères 3ème grade,ملحق ثالث للشؤون الخارجية,Regroupemnt des agents diplomatiques et consulaires,02,253,7477.7,6308.02
214,Attaché des affaires étrangères 3ème grade,ملحق ثالث للشؤون الخارجية,Regroupemnt des agents diplomatiques et consulaires,03,274,7589.09,6397.02
214,Attaché des affaires étrangères 3ème grade,ملحق ثالث للشؤون الخارجية,Regroupemnt des agents diplomatiques et consulaires,04,296,7705.78,6490.25
214,Attaché des affaires étrangères 3ème grade,ملحق ثالث للشؤون الخارجية,Regroupemnt des agents diplomatiques et consulaires,05,317,7817.17,6579.25
214,Attaché des affaires étrangères 3ème grade,ملحق ثالث للشؤون الخارجية,Regroupemnt des agents diplomatiques et consulaires,06,339,7933.86,6672.49
214,Attaché des affaires étrangères 3ème grade,ملحق ثالث للشؤون الخارجية,Regroupemnt des agents diplomatiques et consulaires,07,361,8050.55,6765.73
214,Attaché des affaires étrangères 3ème grade,ملحق ثالث للشؤون الخارجية,Regroupemnt des agents diplomatiques et consulaires,08,382,8161.94,6854.72
214,Attaché des affaires étrangères 3ème grade,ملحق ثالث للشؤون الخارجية,Regroupemnt des agents diplomatiques et consulaires,09,404,8278.63,6942.96
214,Attaché des affaires étrangères 3ème grade,ملحق ثالث للشؤون الخارجية,Regroupemnt des agents diplomatiques et consulaires,10,438,8458.98,7076.06
215,Attaché des affaires étrangères 4ème grade,ملحق رابع للشؤون الخارجية,Regroupemnt des agents diplomatiques et consulaires,01,207,6471.71,5565.67
215,Attaché des affaires étrangères 4ème grade,ملحق رابع للشؤون الخارجية,Regroupemnt des agents diplomatiques et consulaires,02,224,6561.88,5576.28
215,Attaché des affaires étrangères 4ème grade,ملحق رابع للشؤون الخارجية,Regroupemnt des agents diplomatiques et consulaires,03,241,6652.05,5648.32
215,Attaché des affaires étrangères 4ème grade,ملحق رابع للشؤون الخارجية,Regroupemnt des agents diplomatiques et consulaires,04,259,6747.53,5724.61
215,Attaché des affaires étrangères 4ème grade,ملحق رابع للشؤون الخارجية,Regroupemnt des agents diplomatiques et consulaires,05,276,6837.7,5796.66
215,Attaché des affaires étrangères 4ème grade,ملحق رابع للشؤون الخارجية,Regroupemnt des agents diplomatiques et consulaires,06,293,6927.87,5868.7
215,Attaché des affaires étrangères 4ème grade,ملحق رابع للشؤون الخارجية,Regroupemnt des agents diplomatiques et consulaires,07,311,7023.35,5944.99
215,Attaché des affaires étrangères 4ème grade,ملحق رابع للشؤون الخارجية,Regroupemnt des agents diplomatiques et consulaires,08,332,7134.73,6033.99
215,Attaché des affaires étrangères 4ème grade,ملحق رابع للشؤون الخارجية,Regroupemnt des agents diplomatiques et consulaires,09,353,7246.12,6122.98
215,Attaché des affaires étrangères 4ème grade,ملحق رابع للشؤون الخارجية,Regroupemnt des agents diplomatiques et consulaires,10,373,7352.2,6207.74
216,Chancelier 1er grade,أمين سر أول,Regroupemnt des agents diplomatiques et consulaires,01,207,15139.71,11418.3
216,Chancelier 1er grade,أمين سر أول,Regroupemnt des agents diplomatiques et consulaires,02,224,15229.88,11469.48
216,Chancelier 1er grade,أمين سر أول,Regroupemnt des agents diplomatiques et consulaires,03,241,15320.05,11520.66
216,Chancelier 1er grade,أمين سر أول,Regroupemnt des agents diplomatiques et consulaires,04,259,15415.53,11574.85
216,Chancelier 1er grade,أمين سر أول,Regroupemnt des agents diplomatiques et consulaires,05,276,15505.7,11626.04
216,Chancelier 1er grade,أمين سر أول,Regroupemnt des agents diplomatiques et consulaires,06,293,15595.87,11677.22
216,Chancelier 1er grade,أمين سر أول,Regroupemnt des agents diplomatiques et consulaires,07,311,15691.35,11731.41
216,Chancelier 1er grade,أمين سر أول,Regroupemnt des agents diplomatiques et consulaires,08,332,15802.73,11794.63
216,Chancelier 1er grade,أمين سر أول,Regroupemnt des agents diplomatiques et consulaires,09,353,15914.12,11857.85
216,Chancelier 1er grade,أمين سر أول,Regroupemnt des agents diplomatiques et consulaires,10,373,16020.2,11918.07
217,Chancelier 2ème grade,أمين سر ثاني,Regroupemnt des agents diplomatiques et consulaires,01,177,7074.59,5985.93
217,Chancelier 2ème grade,أمين سر ثاني,Regroupemnt des agents diplomatiques et consulaires,02,193,7159.45,6053.74
217,Chancelier 2ème grade,أمين سر ثاني,Regroupemnt des agents diplomatiques et consulaires,03,208,7239.02,6117.31
217,Chancelier 2ème grade,أمين سر ثاني,Regroupemnt des agents diplomatiques et consulaires,04,225,7329.19,6189.35
217,Chancelier 2ème grade,أمين سر ثاني,Regroupemnt des agents diplomatiques et consulaires,05,242,7419.36,6261.4
217,Chancelier 2ème grade,أمين سر ثاني,Regroupemnt des agents diplomatiques et consulaires,06,260,7514.83,6337.69
217,Chancelier 2ème grade,أمين سر ثاني,Regroupemnt des agents diplomatiques et consulaires,07,277,7605.0,6409.73
217,Chancelier 2ème grade,أمين سر ثاني,Regroupemnt des agents diplomatiques et consulaires,08,291,7679.26,6469.06
217,Chancelier 2ème grade,أمين سر ثاني,Regroupemnt des agents diplomatiques et consulaires,09,305,7753.52,6528.4
217,Chancelier 2ème grade,أمين سر ثاني,Regroupemnt des agents diplomatiques et consulaires,10,318,7822.48,6583.49
34,Chancelier 3ème grade,أمين سر من الدرجة الثالثة,Regroupemnt des agents diplomatiques et consulaires,01,151,6174.68,5310.22
34,Chancelier 3ème grade,أمين سر من الدرجة الثالثة,Regroupemnt des agents diplomatiques et consulaires,02,161,6227.72,5355.84
34,Chancelier 3ème grade,أمين سر من الدرجة الثالثة,Regroupemnt des agents diplomatiques et consulaires,03,173,6291.37,5410.58
34,Chancelier 3ème grade,أمين سر من الدرجة الثالثة,Regroupemnt des agents diplomatiques et consulaires,04,185,6355.02,5465.32
34,Chancelier 3ème grade,أمين سر من الدرجة الثالثة,Regroupemnt des agents diplomatiques et consulaires,05,197,6418.67,5520.06
34,Chancelier 3ème grade,أمين سر من الدرجة الثالثة,Regroupemnt des agents diplomatiques et consulaires,06,209,6482.32,5574.8
34,Chancelier 3ème grade,أمين سر من الدرجة الثالثة,Regroupemnt des agents diplomatiques et consulaires,07,222,6551.28,5567.8
34,Chancelier 3ème grade,أمين سر من الدرجة الثالثة,Regroupemnt des agents diplomatiques et consulaires,08,236,6625.53,5627.13
34,Chancelier 3ème grade,أمين سر من الدرجة الثالثة,Regroupemnt des agents diplomatiques et consulaires,09,249,6694.49,5682.23
34,Chancelier 3ème grade,أمين سر من الدرجة الثالثة,Regroupemnt des agents diplomatiques et consulaires,10,262,6763.44,5737.32
33,Chancelier 4ème grade,أمين سر من الدرجة الرابعة,Regroupemnt des agents diplomatiques et consulaires,01,137,5716.56,4916.24
33,Chancelier 4ème grade,أمين سر من الدرجة الرابعة,Regroupemnt des agents diplomatiques et consulaires,02,141,5749.73,4944.77
33,Chancelier 4ème grade,أمين سر من الدرجة الرابعة,Regroupemnt des agents diplomatiques et consulaires,03,150,5824.38,5008.96
33,Chancelier 4ème grade,أمين سر من الدرجة الرابعة,Regroupemnt des agents diplomatiques et consulaires,04,157,5861.5,5040.89
33,Chancelier 4ème grade,أمين سر من الدرجة الرابعة,Regroupemnt des agents diplomatiques et consulaires,05,165,5903.94,5077.39
33,Chancelier 4ème grade,أمين سر من الدرجة الرابعة,Regroupemnt des agents diplomatiques et consulaires,06,174,5951.68,5118.44
33,Chancelier 4ème grade,أمين سر من الدرجة الرابعة,Regroupemnt des agents diplomatiques et consulaires,07,183,5999.41,5159.49
33,Chancelier 4ème grade,أمين سر من الدرجة الرابعة,Regroupemnt des agents diplomatiques et consulaires,08,192,6047.15,5200.55
33,Chancelier 4ème grade,أمين سر من الدرجة الرابعة,Regroupemnt des agents diplomatiques et consulaires,09,201,6094.89,5241.6
33,Chancelier 4ème grade,أمين سر من الدرجة الرابعة,Regroupemnt des agents diplomatiques et consulaires,10,220,6195.67,5328.27
212,Ministre plénipotentiaire,وزير مفوض,Regroupemnt des agents diplomatiques et consulaires,01,704,20081.88,14223.48
212,Ministre plénipotentiaire,وزير مفوض,Regroupemnt des agents diplomatiques et consulaires,02,746,20304.66,14349.92
212,Ministre plénipotentiaire,وزير مفوض,Regroupemnt des agents diplomatiques et consulaires,03,779,20479.7,14449.28
212,Ministre plénipotentiaire,وزير مفوض,Regroupemnt des agents diplomatiques et consulaires,04,812,20654.73,14548.63
212,Ministre plénipotentiaire,وزير مفوض,Regroupemnt des agents diplomatiques et consulaires,05,840,20803.25,14632.92
212,Ministre plénipotentiaire,وزير مفوض,Regroupemnt des agents diplomatiques et consulaires,06,870,20962.38,14719.91
31,Secrétaire des affaires étrangères,كاتب الشؤون الخارجية,Regroupemnt des agents diplomatiques et consulaires,01,275,8192.4,6879.06
31,Secrétaire des affaires étrangères,كاتب الشؤون الخارجية,Regroupemnt des agents diplomatiques et consulaires,02,300,8325.0,6977.18
31,Secrétaire des affaires étrangères,كاتب الشؤون الخارجية,Regroupemnt des agents diplomatiques et consulaires,03,326,8462.91,7078.96
31,Secrétaire des affaires étrangères,كاتب الشؤون الخارجية,Regroupemnt des agents diplomatiques et consulaires,04,351,8595.51,7176.82
31,Secrétaire des affaires étrangères,كاتب الشؤون الخارجية,Regroupemnt des agents diplomatiques et consulaires,05,377,8733.42,7278.6
31,Secrétaire des affaires étrangères,كاتب الشؤون الخارجية,Regroupemnt des agents diplomatiques et consulaires,06,402,10169.02,8338.07
31,Secrétaire des affaires étrangères,كاتب الشؤون الخارجية,Regroupemnt des agents diplomatiques et consulaires,07,428,10306.93,8439.85
31,Secrétaire des affaires étrangères,كاتب الشؤون الخارجية,Regroupemnt des agents diplomatiques et consulaires,08,456,10455.45,8549.46
31,Secrétaire des affaires étrangères,كاتب الشؤون الخارجية,Regroupemnt des agents diplomatiques et consulaires,09,484,10603.97,8659.06
31,Secrétaire des affaires étrangères,كاتب الشؤون الخارجية,Regroupemnt des agents diplomatiques et consulaires,10,512,10752.48,8768.67
31,Secrétaire des affaires étrangères,كاتب الشؤون الخارجية,Regroupemnt des agents diplomatiques et consulaires,11,564,11028.3,8966.16
58,Rédacteur 4ème grade,محرر من الدرجة الرابعة,Rédacteurs,01,207,6471.71,5565.67
58,Rédacteur 4ème grade,محرر من الدرجة الرابعة,Rédacteurs,02,224,6561.88,5576.28
58,Rédacteur 4ème grade,محرر من الدرجة الرابعة,Rédacteurs,03,241,6652.05,5648.32
58,Rédacteur 4ème grade,محرر من الدرجة الرابعة,Rédacteurs,04,259,6747.53,5724.61
58,Rédacteur 4ème grade,محرر من الدرجة الرابعة,Rédacteurs,05,276,6837.7,5796.66
58,Rédacteur 4ème grade,محرر من الدرجة الرابعة,Rédacteurs,06,293,6927.87,5868.7
58,Rédacteur 4ème grade,محرر من الدرجة الرابعة,Rédacteurs,07,311,7023.35,5944.99
58,Rédacteur 4ème grade,محرر من الدرجة الرابعة,Rédacteurs,08,332,7134.73,6033.99
58,Rédacteur 4ème grade,محرر من الدرجة الرابعة,Rédacteurs,09,353,7246.12,6122.98
58,Rédacteur 4ème grade,محرر من الدرجة الرابعة,Rédacteurs,10,373,7352.2,6207.74
420,Rédacteur de 1er grade,محرر من الدرجة الأولى,Rédacteurs,01,336,11018.95,8959.83
420,Rédacteur de 1er grade,محرر من الدرجة الأولى,Rédacteurs,02,369,11193.99,9078.33
420,Rédacteur de 1er grade,محرر من الدرجة الأولى,Rédacteurs,03,403,11374.33,9200.42
420,Rédacteur de 1er grade,محرر من الدرجة الأولى,Rédacteurs,04,436,11549.37,9318.92
420,Rédacteur de 1er grade,محرر من الدرجة الأولى,Rédacteurs,05,472,11740.32,9442.67
420,Rédacteur de 1er grade,محرر من الدرجة الأولى,Rédacteurs,06,509,16119.57,11974.47
420,Rédacteur de 1er grade,محرر من الدرجة الأولى,Rédacteurs,07,542,16294.61,12073.82
420,Rédacteur de 1er grade,محرر من الدرجة الأولى,Rédacteurs,08,574,16464.34,12170.16
420,Rédacteur de 1er grade,محرر من الدرجة الأولى,Rédacteurs,09,606,16634.08,12266.5
420,Rédacteur de 1er grade,محرر من الدرجة الأولى,Rédacteurs,10,639,16809.11,12365.85
420,Rédacteur de 1er grade,محرر من الدرجة الأولى,Rédacteurs,11,675,17423.06,12714.33
420,Rédacteur de 1er grade,محرر من الدرجة الأولى,Rédacteurs,12,690,17502.63,12759.49
420,Rédacteur de 1er grade,محرر من الدرجة الأولى,Rédacteurs,13,704,17576.88,12801.64
421,Rédacteur de 2eme grade,محرر من الدرجة الثانية,Rédacteurs,01,275,8162.4,6855.09
421,Rédacteur de 2eme grade,محرر من الدرجة الثانية,Rédacteurs,02,300,8295.0,6955.04
421,Rédacteur de 2eme grade,محرر من الدرجة الثانية,Rédacteurs,03,326,8432.91,7056.82
421,Rédacteur de 2eme grade,محرر من الدرجة الثانية,Rédacteurs,04,351,8565.51,7154.68
421,Rédacteur de 2eme grade,محرر من الدرجة الثانية,Rédacteurs,05,377,8703.42,7256.46
421,Rédacteur de 2eme grade,محرر من الدرجة الثانية,Rédacteurs,06,402,9663.02,7964.65
421,Rédacteur de 2eme grade,محرر من الدرجة الثانية,Rédacteurs,07,428,9800.93,8066.42
421,Rédacteur de 2eme grade,محرر من الدرجة الثانية,Rédacteurs,08,456,9949.45,8176.03
421,Rédacteur de 2eme grade,محرر من الدرجة الثانية,Rédacteurs,09,484,10097.97,8285.63
421,Rédacteur de 2eme grade,محرر من الدرجة الثانية,Rédacteurs,10,512,10246.48,8395.24
421,Rédacteur de 2eme grade,محرر من الدرجة الثانية,Rédacteurs,11,564,10522.3,8598.79
422,Rédacteur de 3eme grade,محرر من الدرجة الثالثة,Rédacteurs,01,235,6835.23,5794.68
422,Rédacteur de 3eme grade,محرر من الدرجة الثالثة,Rédacteurs,02,253,6930.7,5870.97
422,Rédacteur de 3eme grade,محرر من الدرجة الثالثة,Rédacteurs,03,274,7042.09,5959.96
422,Rédacteur de 3eme grade,محرر من الدرجة الثالثة,Rédacteurs,04,296,7158.78,6053.2
422,Rédacteur de 3eme grade,محرر من الدرجة الثالثة,Rédacteurs,05,317,7270.17,6142.2
422,Rédacteur de 3eme grade,محرر من الدرجة الثالثة,Rédacteurs,06,339,7386.86,6235.44
422,Rédacteur de 3eme grade,محرر من الدرجة الثالثة,Rédacteurs,07,361,7503.55,6328.67
422,Rédacteur de 3eme grade,محرر من الدرجة الثالثة,Rédacteurs,08,382,7614.94,6417.67
422,Rédacteur de 3eme grade,محرر من الدرجة الثالثة,Rédacteurs,09,404,7731.63,6510.91
422,Rédacteur de 3eme grade,محرر من الدرجة الثالثة,Rédacteurs,10,438,7911.98,6655.0
365,Technicien de 1er grade,تقني من الدرجة الأولى,Techniciens,01,336,11018.95,8959.83
365,Technicien de 1er grade,تقني من الدرجة الأولى,Techniciens,02,369,11193.99,9078.33
365,Technicien de 1er grade,تقني من الدرجة الأولى,Techniciens,03,403,11374.33,9200.42
365,Technicien de 1er grade,تقني من الدرجة الأولى,Techniciens,04,436,11549.37,9318.92
365,Technicien de 1er grade,تقني من الدرجة الأولى,Techniciens,05,472,11740.32,9442.67
365,Technicien de 1er grade,تقني من الدرجة الأولى,Techniciens,06,509,16119.57,11974.47
365,Technicien de 1er grade,تقني من الدرجة الأولى,Techniciens,07,542,16294.61,12073.82
365,Technicien de 1er grade,تقني من الدرجة الأولى,Techniciens,08,574,16464.34,12170.16
365,Technicien de 1er grade,تقني من الدرجة الأولى,Techniciens,09,606,16634.08,12266.5
365,Technicien de 1er grade,تقني من الدرجة الأولى,Techniciens,10,639,16809.11,12365.85
365,Technicien de 1er grade,تقني من الدرجة الأولى,Techniciens,11,675,17423.06,12714.33
365,Technicien de 1er grade,تقني من الدرجة الأولى,Techniciens,12,690,17502.63,12759.49
365,Technicien de 1er grade,تقني من الدرجة الأولى,Techniciens,13,704,17576.88,12801.64
366,Technicien de 2éme grade,تقني من الدرجة الثانية,Techniciens,01,275,8162.4,6855.09
366,Technicien de 2éme grade,تقني من الدرجة الثانية,Techniciens,02,300,8295.0,6955.04
366,Technicien de 2éme grade,تقني من الدرجة الثانية,Techniciens,03,326,8432.91,7056.82
366,Technicien de 2éme grade,تقني من الدرجة الثانية,Techniciens,04,351,8565.51,7154.68
366,Technicien de 2éme grade,تقني من الدرجة الثانية,Techniciens,05,377,8703.42,7256.46
366,Technicien de 2éme grade,تقني من الدرجة الثانية,Techniciens,06,402,9663.02,7964.65
366,Technicien de 2éme grade,تقني من الدرجة الثانية,Techniciens,07,428,9800.93,8066.42
366,Technicien de 2éme grade,تقني من الدرجة الثانية,Techniciens,08,456,9949.45,8176.03
366,Technicien de 2éme grade,تقني من الدرجة الثانية,Techniciens,09,484,10097.97,8285.63
366,Technicien de 2éme grade,تقني من الدرجة الثانية,Techniciens,10,512,10246.48,8395.24
366,Technicien de 2éme grade,تقني من الدرجة الثانية,Techniciens,ex,564,10522.3,8598.79
45,Technicien de 3ème grade,تقني من الدرجة الثالثة,Techniciens,01,235,6835.23,5794.68
45,Technicien de 3ème grade,تقني من الدرجة الثالثة,Techniciens,02,253,6930.7,5870.97
45,Technicien de 3ème grade,تقني من الدرجة الثالثة,Techniciens,03,274,7042.09,5959.96
45,Technicien de 3ème grade,تقني من الدرجة الثالثة,Techniciens,04,296,7158.78,6053.2
45,Technicien de 3ème grade,تقني من الدرجة الثالثة,Techniciens,05,317,7270.17,6142.2
45,Technicien de 3ème grade,تقني من الدرجة الثالثة,Techniciens,06,339,7386.86,6235.44
45,Technicien de 3ème grade,تقني من الدرجة الثالثة,Techniciens,07,361,7503.55,6328.67
45,Technicien de 3ème grade,تقني من الدرجة الثالثة,Techniciens,08,382,7614.94,6417.67
45,Technicien de 3ème grade,تقني من الدرجة الثالثة,Techniciens,09,404,7731.63,6510.91
45,Technicien de 3ème grade,تقني من الدرجة الثالثة,Techniciens,10,438,7911.98,6655.0
46,Technicien de 4ème grade,تقني من الدرجة الرابعة,Techniciens,01,207,6471.71,5565.67
46,Technicien de 4ème grade,تقني من الدرجة الرابعة,Techniciens,02,224,6561.88,5576.28
46,Technicien de 4ème grade,تقني من الدرجة الرابعة,Techniciens,03,241,6652.05,5648.32
46,Technicien de 4ème grade,تقني من الدرجة الرابعة,Techniciens,04,259,6747.53,5724.61
46,Technicien de 4ème grade,تقني من الدرجة الرابعة,Techniciens,05,276,6837.7,5796.66
46,Technicien de 4ème grade,تقني من الدرجة الرابعة,Techniciens,06,293,6927.87,5868.7
46,Technicien de 4ème grade,تقني من الدرجة الرابعة,Techniciens,07,311,7023.35,5944.99
46,Technicien de 4ème grade,تقني من الدرجة الرابعة,Techniciens,08,332,7134.73,6033.99
46,Technicien de 4ème grade,تقني من الدرجة الرابعة,Techniciens,09,353,7246.12,6122.98
46,Technicien de 4ème grade,تقني من الدرجة الرابعة,Techniciens,10,373,7352.2,6207.74
327,Professeur assistant de grade 'A',أستاذ مساعد من الدرجة 'أ',هيئة الأساتذة الباحثين في التربية و التكوين,01,509,25616.57,17241.56
327,Professeur assistant de grade 'A',أستاذ مساعد من الدرجة 'أ',هيئة الأساتذة الباحثين في التربية و التكوين,02,542,25791.61,17336.39
327,Professeur assistant de grade 'A',أستاذ مساعد من الدرجة 'أ',هيئة الأساتذة الباحثين في التربية و التكوين,03,574,25961.34,17428.35
327,Professeur assistant de grade 'A',أستاذ مساعد من الدرجة 'أ',هيئة الأساتذة الباحثين في التربية و التكوين,04,606,26131.08,17520.32
326,Professeur assistant de grade 'B',أستاذ مساعد من الدرجة 'ب',هيئة الأساتذة الباحثين في التربية و التكوين,01,639,28502.11,18804.94
326,Professeur assistant de grade 'B',أستاذ مساعد من الدرجة 'ب',هيئة الأساتذة الباحثين في التربية و التكوين,02,704,28846.88,18991.74
326,Professeur assistant de grade 'B',أستاذ مساعد من الدرجة 'ب',هيئة الأساتذة الباحثين في التربية و التكوين,03,746,29069.66,19112.44
326,Professeur assistant de grade 'B',أستاذ مساعد من الدرجة 'ب',هيئة الأساتذة الباحثين في التربية و التكوين,04,779,29244.7,19207.28
325,Professeur assistant de grade 'C',أستاذ مساعد من الدرجة 'ج',هيئة الأساتذة الباحثين في التربية و التكوين,01,812,31479.73,20418.22
325,Professeur assistant de grade 'C',أستاذ مساعد من الدرجة 'ج',هيئة الأساتذة الباحثين في التربية و التكوين,02,840,31628.25,20498.69
325,Professeur assistant de grade 'C',أستاذ مساعد من الدرجة 'ج',هيئة الأساتذة الباحثين في التربية و التكوين,03,870,31787.38,20584.9
325,Professeur assistant de grade 'C',أستاذ مساعد من الدرجة 'ج',هيئة الأساتذة الباحثين في التربية و التكوين,04,900,31946.5,20671.11
324,Professeur assistant de grade 'D',أستاذ مساعد من الدرجة 'د',هيئة الأساتذة الباحثين في التربية و التكوين,01,930,34045.63,21808.42
324,Professeur assistant de grade 'D',أستاذ مساعد من الدرجة 'د',هيئة الأساتذة الباحثين في التربية و التكوين,02,960,34204.75,21894.63
324,Professeur assistant de grade 'D',أستاذ مساعد من الدرجة 'د',هيئة الأساتذة الباحثين في التربية و التكوين,03,990,34363.88,21980.85
324,Professeur assistant de grade 'D',أستاذ مساعد من الدرجة 'د',هيئة الأساتذة الباحثين في التربية و التكوين,04,1020,34523.0,22067.06
320,Professeur encadrant de grade 'A',أستاذ مؤطر من الدرجة 'أ',هيئة الأساتذة الباحثين في التربية و التكوين,01,760,35327.92,22503.17
320,Professeur encadrant de grade 'A',أستاذ مؤطر من الدرجة 'أ',هيئة الأساتذة الباحثين في التربية و التكوين,02,785,35460.52,22575.01
320,Professeur encadrant de grade 'A',أستاذ مؤطر من الدرجة 'أ',هيئة الأساتذة الباحثين في التربية و التكوين,03,810,35593.13,22646.86
320,Professeur encadrant de grade 'A',أستاذ مؤطر من الدرجة 'أ',هيئة الأساتذة الباحثين في التربية و التكوين,04,835,35725.73,22718.7
319,Professeur encadrant de grade 'B',أستاذ مؤطر من الدرجة 'ب',هيئة الأساتذة الباحثين في التربية و التكوين,01,860,42072.33,26157.29
319,Professeur encadrant de grade 'B',أستاذ مؤطر من الدرجة 'ب',هيئة الأساتذة الباحثين في التربية و التكوين,02,885,42204.94,26229.14
319,Professeur encadrant de grade 'B',أستاذ مؤطر من الدرجة 'ب',هيئة الأساتذة الباحثين في التربية و التكوين,03,915,42364.06,26315.35
319,Professeur encadrant de grade 'B',أستاذ مؤطر من الدرجة 'ب',هيئة الأساتذة الباحثين في التربية و التكوين,04,945,42523.19,26401.56
318,Professeur encadrant de grade 'C',أستاذ مؤطر من الدرجة 'ج',هيئة الأساتذة الباحثين في التربية و التكوين,01,975,48898.31,29855.61
318,Professeur encadrant de grade 'C',أستاذ مؤطر من الدرجة 'ج',هيئة الأساتذة الباحثين في التربية و التكوين,02,1005,49057.44,29941.82
318,Professeur encadrant de grade 'C',أستاذ مؤطر من الدرجة 'ج',هيئة الأساتذة الباحثين في التربية و التكوين,03,1035,49216.56,30028.03
318,Professeur encadrant de grade 'C',أستاذ مؤطر من الدرجة 'ج',هيئة الأساتذة الباحثين في التربية و التكوين,04,1065,49375.69,30114.25
317,Professeur encadrant de grade 'D',أستاذ مؤطر من الدرجة 'د',هيئة الأساتذة الباحثين في التربية و التكوين,01,1095,55160.81,33248.63
317,Professeur encadrant de grade 'D',أستاذ مؤطر من الدرجة 'د',هيئة الأساتذة الباحثين في التربية و التكوين,02,1125,55319.94,33334.84
317,Professeur encadrant de grade 'D',أستاذ مؤطر من الدرجة 'د',هيئة الأساتذة الباحثين في التربية و التكوين,03,1155,55479.06,33421.06
317,Professeur encadrant de grade 'D',أستاذ مؤطر من الدرجة 'د',هيئة الأساتذة الباحثين في التربية و التكوين,04,1185,55638.19,33507.27
317,Professeur encadrant de grade 'D',أستاذ مؤطر من الدرجة 'د',هيئة الأساتذة الباحثين في التربية و التكوين,05,1215,55797.31,33593.48
323,Professeur habilité de grade 'A',أستاذ مؤهل من الدرجة 'أ',هيئة الأساتذة الباحثين في التربية و التكوين,01,580,29459.17,19323.48
323,Professeur habilité de grade 'A',أستاذ مؤهل من الدرجة 'أ',هيئة الأساتذة الباحثين في التربية و التكوين,02,620,29671.33,19438.43
323,Professeur habilité de grade 'A',أستاذ مؤهل من الدرجة 'أ',هيئة الأساتذة الباحثين في التربية و التكوين,03,660,29883.5,19553.38
323,Professeur habilité de grade 'A',أستاذ مؤهل من الدرجة 'أ',هيئة الأساتذة الباحثين في التربية و التكوين,04,720,30201.75,19725.81
322,Professeur habilité de grade 'B',أستاذ مؤهل من الدرجة 'ب',هيئة الأساتذة الباحثين في التربية و التكوين,01,779,32614.7,21033.14
322,Professeur habilité de grade 'B',أستاذ مؤهل من الدرجة 'ب',هيئة الأساتذة الباحثين في التربية و التكوين,02,812,32789.73,21127.98
322,Professeur habilité de grade 'B',أستاذ مؤهل من الدرجة 'ب',هيئة الأساتذة الباحثين في التربية و التكوين,03,840,32938.25,21208.44
322,Professeur habilité de grade 'B',أستاذ مؤهل من الدرجة 'ب',هيئة الأساتذة الباحثين في التربية و التكوين,04,870,33097.38,21294.66
321,Professeur habilité de grade 'C',أستاذ مؤهل من الدرجة 'ج',هيئة الأساتذة الباحثين في التربية و التكوين,01,900,35340.5,22509.98
321,Professeur habilité de grade 'C',أستاذ مؤهل من الدرجة 'ج',هيئة الأساتذة الباحثين في التربية و التكوين,02,930,35499.63,22596.2
321,Professeur habilité de grade 'C',أستاذ مؤهل من الدرجة 'ج',هيئة الأساتذة الباحثين في التربية و التكوين,03,960,35658.75,22682.41
321,Professeur habilité de grade 'C',أستاذ مؤهل من الدرجة 'ج',هيئة الأساتذة الباحثين في التربية و التكوين,04,990,35817.88,22768.62
321,Professeur habilité de grade 'C',أستاذ مؤهل من الدرجة 'ج',هيئة الأساتذة الباحثين في التربية و التكوين,05,1020,35977.0,22854.84
