type,arabic,french,source
employer,وكالة التنمية ورد الاعتبار لمدينة فاس,ADER-Fès,emploi-public.ma notices (11)
employer,شركة المنشآت الرياضية لاكادير ش.م,AGADIR REGION SPORT S.A,emploi-public.ma notices (11)
employer,وكالة تنمية الأطلس الكبير,Agence de Développement du Haut Atlas,emploi-public.ma notices (9)
employer,وكالة المساكن والتجهيزات العسكرية,Agence de Logements et d'Equipements Militaires,emploi-public.ma notices (10)
employer,وكالة الحوض المائي لأبي رقراق والشاوية,Agence du Bassin Hydraulique de Bouregreg et de la Chaouia,emploi-public.ma notices (5)
employer,وكالة الحوض المائي لأم الربيع,Agence du Bassin Hydraulique de l'Oum Er-Rbia,emploi-public.ma notices (4)
employer,وكالة الحوض المائي لملوية,Agence du Bassin Hydraulique de la Moulouya,emploi-public.ma notices (5)
employer,وكالة الحوض المائي لسوس ماسة,Agence du Bassin Hydraulique de Souss Massa,emploi-public.ma notices (4)
employer,وكالة الحوض المائي لتانسيفت بمراكش,Agence du Bassin Hydraulique de Tanssift à Marrakech,emploi-public.ma notices (5)
employer,وكالة الحوض المائي لدرعة واد نون,Agence du Bassin Hydraulique du Draa Oued Noun,emploi-public.ma notices (13)
employer,وكالة الحوض المائي لكيز-زيز-غريس بالرشدية,Agence du Bassin Hydraulique du Guir-Ziz-Rhéris Errachidia,emploi-public.ma notices (6)
employer,وكالة الحوض المائي اللوكوس,Agence du Bassin Hydraulique du Loukkos,emploi-public.ma notices (7)
employer,وكالة الحوض المائي لسبو,Agence du Bassin Hydraulique du Sebou,emploi-public.ma notices (8)
employer,الوكالة المغربية لمكافحة المنشطات,Agence Marocaine Anti Dopage,emploi-public.ma notices (6)
employer,الوكالة المغربية لتنمية الأنشطة اللوجستيكية,Agence Marocaine de Développement de la Logistique,emploi-public.ma notices (4)
employer,الوكالة المغربية لتنمية الاستثمارات والصادرات,Agence Marocaine de Développement des Investissements et des Exportations (AMDIE),emploi-public.ma notices (14)
employer,الوكالة المغربية للأمن والسلامة في المجالين النووي والإشعاعي,Agence Marocaine de Sûreté et Sécurité Nucléaires et Radiologiques,emploi-public.ma notices (18)
employer,الوكالة المغربية للأدوية والمنتجات الصحية,Agence Marocaine des Médicaments et des Produits de Santé,emploi-public.ma notices (41)
employer,الوكالة المغربية للدم ومشتقاته,Agence Marocaine du Sang et de Ses Dérivés,emploi-public.ma notices (6)
employer,الوكالة المغربية للنجاعة الطاقية,Agence Marocaine pour l'Efficacité Energétique (AMEE),emploi-public.ma notices (16)
employer,الوكالة الوطنية للمحافظة العقارية والمسح العقاري والخرائطية,"Agence Nationale de la Conservation Foncière, du Cadastre et de la Cartographie",emploi-public.ma notices (22)
employer,الوكالة الوطنية للسلامة الطرقية,Agence Nationale de la Sécurité Routière (NARSA),emploi-public.ma notices (14)
employer,الوكالة الوطنية لتقنين الأنشطة المتعلقة بالقنب الهندي,Agence nationale de réglementation des activités relatives au Cannabis (ANRAC),emploi-public.ma notices (7)
employer,الوكالة الوطنية لتقنين المواصلات,Agence Nationale de Réglementation des Télécommunications,emploi-public.ma notices (5)
employer,الوكالة الوطنية للمياه والغابات,Agence nationale des eaux et forêts,emploi-public.ma notices (13)
employer,الوكالة الوطنية للتجهيزات العامة,Agence Nationale des Equipements Publics,emploi-public.ma notices (8)
employer,الوكالة الوطنية للموانئ,Agence Nationale des Ports,emploi-public.ma notices (79)
employer,الوكالة الوطنية للدعم الاجتماعي,Agence nationale du soutien social,emploi-public.ma notices (50)
employer,الوكالة الوطنية للنهوض بالمقاولة الصغرى والمتوسطة,Agence Nationale pour la Promotion de la Petite et Moyenne Entreprise,emploi-public.ma notices (6)
employer,الوكالة الوطنية للتجديد الحضري وتأهيل المباني الآيلة للسقوط,Agence Nationale pour la Rénovation Urbaine et la Réhabilitation des Bâtiments menaçant ruine,emploi-public.ma notices (5)
employer,الوكالة الوطنية لتنمية تربية الأحياء البحرية,Agence Nationale pour le Développement de l'Aquaculture,emploi-public.ma notices (4)
employer,الوكالة الوطنية لتنمية مناطق الواحات وشجر الأركان,Agence Nationale pour le développement des Zônes Oasiennes et de l'Arganier (Andzoa),emploi-public.ma notices (8)
employer,وكالة تهيئة ضفتي أبي رقراق,Agence pour l'Aménagement de la Vallée du Bouregreg,emploi-public.ma notices (8)
employer,وكالة تهيئة موقع بحيرة مارتشيكا,Agence pour l'aménagement du site de la lagune de Marchica,emploi-public.ma notices (12)
employer,وكالة الإنعاش والتنمية الاقتصادية والاجتماعية لعمالات وأقاليم الشمال,Agence pour la Promotion et le Développement économique et social des préfectures et provinces du Nord du Royaume,emploi-public.ma notices (6)
employer,الوكالة الجهوية لتنفيذ المشاريع لجهة بني ملال - خنيفرة,Agence Régionale d'exécution des projets région de Béni Mellal Khénifra,emploi-public.ma notices (9)
employer,الوكالة الجهوية لتنفيذ المشاريع لجهة الدار البيضاء - سطات,Agence Régionale d'exécution des projets région de Casablanca-Settat,emploi-public.ma notices (7)
employer,الوكالة الجهوية لتنفيذ المشاريع لجهة درعة تافيلالت,Agence Régionale d'exécution des projets région de Draa Tafilalt,emploi-public.ma notices (6)
employer,الوكالة الجهوية لتنفيذ المشاريع لجهة الداخلة وادي الذهب,Agence Régionale d'exécution des projets région de Eddakhla Oued Eddahab,emploi-public.ma notices (6)
employer,الوكالة الجهوية لتنفيذ المشاريع لجهة فاس - مكناس,Agence Régionale d'exécution des projets région de Fès - Meknès,emploi-public.ma notices (23)
employer,الوكالة الجهوية لتنفيذ المشاريع لجهة كلميم - واد نون,Agence Régionale d'exécution des projets région de Guelmim Oued-Noun,emploi-public.ma notices (7)
employer,الوكالة الجهوية لتنفيذ المشاريع لجهة الشرق,Agence Régionale d'exécution des projets région de l'Oriental,emploi-public.ma notices (7)
employer,الوكالة الجهوية لتنفيذ المشاريع لجهة مراكش - آسفي,Agence Régionale d'exécution des projets région de Marrakech Safi,emploi-public.ma notices (32)
employer,الوكالة الجهوية لتنفيذ المشاريع لجهة الرباط، سلا والقنيطرة,Agence Régionale d'exécution des projets région de Rabat-Salé-Kénitra,emploi-public.ma notices (14)
employer,الوكالة الجهوية لتنفيذ المشاريع لجهة سوس ماسة,Agence Régionale d'exécution des projets région de Souss Massa,emploi-public.ma notices (16)
employer,الوكالة الجهوية لتنفيذ المشاريع لجهة طنجة تطوان الحسيمة,Agence Régionale d'exécution des projets région de Tanger Tétouan Al Hoceïma,emploi-public.ma notices (6)
employer,الوكالة الحضرية بني ملال,Agence urbaine Beni Mellal,emploi-public.ma notices (6)
employer,الوكالة الحضرية لأكادير,Agence Urbaine d'Agadir,emploi-public.ma notices (9)
employer,الوكالة الحضرية لقلعة السراغنة,Agence urbaine d'El Kalaa des Sraghna,emploi-public.ma notices (3)
employer,الوكالة الحضرية للراشدية,Agence urbaine d'Errachidia,emploi-public.ma notices (6)
employer,الوكالة الحضرية لوادي الذهب أوسرد,Agence urbaine d'Oued Eddahab Aouserd,emploi-public.ma notices (4)
employer,الوكالة الحضرية لوجدة,Agence urbaine d'Oujda,emploi-public.ma notices (5)
employer,الوكالة الحضرية لبرشيد بنسليمان,Agence Urbaine de Berrechid Benslimane,emploi-public.ma notices (3)
employer,الوكالة الحضرية للدار البيضاء,Agence urbaine de Casablanca,emploi-public.ma notices (23)
employer,الوكالة الحضرية لكلميم واد نون,Agence Urbaine de Guelmim Oued- Noun,emploi-public.ma notices (6)
employer,الوكالة الحضرية للخميسات,Agence urbaine de khemisset,emploi-public.ma notices (5)
employer,الوكالة الحضرية لخنيفرة,Agence urbaine de khenifra,emploi-public.ma notices (4)
employer,الوكالة الحضرية القنيطرة - سيدي قاسم,Agence urbaine de Kénitra-Sidi Kacem,emploi-public.ma notices (5)
employer,الوكالة الحضرية لمراكش,Agence urbaine de Marrakech,emploi-public.ma notices (8)
employer,الوكالة الحضرية لورزازات زاكورة,Agence urbaine de Ouarzazate-Zagora,emploi-public.ma notices (4)
employer,الوكالة الحضرية للرباط وسلا,Agence urbaine de Rabat et Salé,emploi-public.ma notices (18)
employer,الوكالة الحضرية لآسفي,Agence urbaine de Safi,emploi-public.ma notices (3)
employer,الوكالة الحضرية لسطات,Agence urbaine de Settat,emploi-public.ma notices (3)
employer,الوكالة الحضرية للصخيرات-تمارة,Agence urbaine de Skhirat-Temara,emploi-public.ma notices (3)
employer,الوكالة الحضرية لطنجة,Agence urbaine de Tanger,emploi-public.ma notices (7)
employer,الوكالة الحضرية لتطوان,Agence urbaine de Tetouan,emploi-public.ma notices (5)
employer,الوكالة الحضرية للجديدة,Agence urbaine El Jadida,emploi-public.ma notices (3)
employer,الوكالة الحضرية وإنقاذ فاس,Agence urbaine et de sauvegarde de Fès,emploi-public.ma notices (4)
employer,أرشيف المغرب,Archives du Maroc,emploi-public.ma notices (5)
employer,أطلس مولتي سيرفيس,Atlas Multiservices,emploi-public.ma notices (77)
employer,أطلس اون لاين/ الخطوط الملكية المغربية,Atlas On Line /groupe RAM,emploi-public.ma notices (57)
employer,هيئة مراقبة التأمينات و الاحتياط الاجتماعي,Autorité de Contrôle des Assurances et de la Prévoyance Sociale,emploi-public.ma notices (40)
employer,الهيئة المغربية لسوق الرساميل,Autorité Marocaine du Marché des Capitaux,emploi-public.ma notices (35)
employer,بنك المغرب,Bank Al-Maghrib,emploi-public.ma notices (188)
employer,بريد ميديا,Barid Media,emploi-public.ma notices (6)
employer,المكتبة الوطنية للمملكة المغربية,Bibliothèque Nationale du Royaume du Maroc,emploi-public.ma notices (4)
employer,صندوق المقاصة,Caisse de Compensation,emploi-public.ma notices (3)
employer,صندوق الإيداع والتدبير,Caisse de Dépôt et de Gestion,emploi-public.ma notices (29)
employer,صندوق الإيداع والتدبير -قطاع الادخار والاحتياط-,Caisse de Dépôt et de Gestion -Branche Epargne - Prévoyance-,emploi-public.ma notices (6)
employer,الصندوق المغربي للتقاعد,Caisse Marocaine des Retraites,emploi-public.ma notices (31)
employer,الصندوق الوطني للضمان الاجتماعي,Caisse Nationale de Sécurité Sociale,emploi-public.ma notices (10)
employer,صندوق تمويل الطرق,Caisse pour le Financement Routier,emploi-public.ma notices (7)
employer,شركة المنشآت الرياضية للدار البيضاء,Casa Région Sport,emploi-public.ma notices (7)
employer,شركة التنمية المحلية الدارالبيضاء للتنشيط والتظاهرات,CasablancaEvents et animation,emploi-public.ma notices (3)
employer,المركز السينمائي المغربي,Centre Cinématographique Marocain,emploi-public.ma notices (4)
employer,المركز الوطني للطاقة والعلوم والتقنيات النووية,"Centre de l'Energie, des Sciences et Techniques Nucléaires",emploi-public.ma notices (26)
employer,المركز الاستشفائي الحسن الثاني,Centre Hospitalier HASSAN II,emploi-public.ma notices (7)
employer,المركز الإستشفائي ابن رشد,Centre Hospitalier Ibn Rochd,emploi-public.ma notices (15)
employer,المركز الاستشفائي ابن سينا,Centre Hospitalier Ibn Sina,emploi-public.ma notices (11)
employer,المركز الاستشفائي محمد السادس بوجدة,Centre Hospitalier Mohemed VI - Oujda,emploi-public.ma notices (8)
employer,المركز الاستشفائي الجامعي محمد السادس - مراكش,Centre Hospitalier Universitaire Mohammed VI - marrakech,emploi-public.ma notices (6)
employer,المركز الإستشفائي الجامعي محمد السادس - طنجة,Centre Hospitalier Universitaire Mohammed VI - Tanger,emploi-public.ma notices (6)
employer,المركز الاستشفائي الجامعي سوس ماسة,Centre Hospitalier Universitaire Souss-Massa,emploi-public.ma notices (24)
employer,المركز الوطني للبحث العلمي والتقني,Centre National pour la Recherche Scientifique et Technique,emploi-public.ma notices (4)
employer,المركز الجهوي للاستثمار لجهة بني ملال خنيفرة,Centre Régional d'Investissement Béni Mellal Khénifra,emploi-public.ma notices (4)
employer,المركز الجهوي للاستثمار لجهة الشرق,Centre Régional d'Investissement de la région de l'Oriental,emploi-public.ma notices (5)
employer,المركز الجهوي للاستثمار لجهة درعة تافيلالت,Centre Régional d'Investissement de la région Drâa Tafilalet,emploi-public.ma notices (7)
employer,المركز الجهوي للاستثمار لجهة فاس مكناس,Centre Régional d'Investissement Fès - Meknès,emploi-public.ma notices (4)
employer,المركز الجهوي للاستثمار لجهة مراكش آسفي,Centre Régional d'Investissement Marrakech Safi,emploi-public.ma notices (7)
employer,المركز الجهوي للاستثمار لجهة الرباط سلا القنيطرة,Centre Régional d'Investissement Rabat Salé Kénitra,emploi-public.ma notices (6)
employer,المركز الجهوي للاستثمار لجهة سوس ماسة,Centre Régional d'Investissement Souss Massa,emploi-public.ma notices (6)
employer,الغرفة الفلاحية لجهة الداخلة وادي الذهب,Chambre d'Agriculture de la région Dakhla-Oued Ed Dahab,emploi-public.ma notices (3)
employer,الغرفة الفلاحية لجهة درعة - تافيلالت,Chambre d'Agriculture de la région Drâa-Tafilalet,emploi-public.ma notices (4)
employer,الغرفة الفلاحية لجهة كلميم - واد نون,Chambre d'Agriculture de la région Guelmim-Oued Noun,emploi-public.ma notices (4)
employer,غرفة التجارة والصناعة والخدمات لجهة فاس مكناس,Chambre de commerce d'industrie et de services de la région Fès Meknès,emploi-public.ma notices (3)
employer,غرفة الصيد البحري المتوسطية - طنجة,Chambre des Pêches Maritimes de la Méditerranée,emploi-public.ma notices (3)
employer,المجلس الإقتصادي والإجتماعي والبيئي,"Conseil Economique, Social et Environnemental",emploi-public.ma notices (12)
employer,المجلس الوطني لحقوق الإنسان,Conseil national des droits de l'Homme,emploi-public.ma notices (7)
employer,المجلس الأعلى للسلطة القضائية,Conseil Supérieur du Pouvoir Judiciaire,emploi-public.ma notices (10)
employer,المجلس الأعلى للحسابات,Cour des comptes,emploi-public.ma notices (14)
employer,ديار المدينة التابعة لصندوق الايداع والتدبير,Dyar Al Madina,emploi-public.ma notices (7)
employer,المندوبية العامة لإدارة السجون وإعادة الإدماج,Délégation générale à l'administration pénitentiaire et à la réinsertion,emploi-public.ma notices (33)
employer,المندوبية الوزارية المكلفة بحقوق الإنسان,Délégation interministérielle aux droits de l'Homme,emploi-public.ma notices (5)
employer,المدرسة الوطنية للفلاحة بمكناس,Ecole Nationale d’Agriculture de Meknès,emploi-public.ma notices (21)
employer,المدرسة الوطنية العليا للإدارة,Ecole Nationale Supérieure de l'Administration,emploi-public.ma notices (7)
employer,المدرسة الوطنية العليا للمعادن بالرباط,Ecole Nationale Supérieure des Mines de Rabat,emploi-public.ma notices (5)
employer,التعاون الوطني,Entraide Nationale,emploi-public.ma notices (8)
employer,المؤسسة المستقلة لمراقبة وتنسيق الصادرات,Etablissement Autonome de Contrôle et de Coordination des Exportations,emploi-public.ma notices (4)
employer,مؤسسة المدرسة المركزية للدار البيضاء,Fondation Ecole Centrale Casablanca,emploi-public.ma notices (14)
employer,المؤسسة المحمدية للأعمال الإجتماعية لقضاة وموظفي العدل,FONDATION MOHAMMADIA DES ŒUVRES SOCIALES DES MAGISTRATS ET FONCTIONNAIRES DE LA JUSTICE,emploi-public.ma notices (9)
employer,مؤسسة محمد السادس للنهوض بالأعمال الاجتماعية للتربية والتكوين,Fondation Mohammed VI de Promotion des Œuvres Sociales de l´Éducation-Formation,emploi-public.ma notices (32)
employer,المؤسسة الوطنية للمتاحف,Fondation Nationale des Musées,emploi-public.ma notices (3)
employer,مؤسسة النهوض بالأعمال الاجتماعية والثقافية لفائدة موظفي قطاع المياه والغابات,Fondation pour la Promotion des Œuvres Sociales du Personnel des Eaux et Forêts,emploi-public.ma notices (10)
employer,صندوق التجهيز الجماعي,Fonds d'Equipement Communal,emploi-public.ma notices (5)
employer,صندوق التضامن ضد الوقائع الكارثية,Fonds de solidarité contre les évènements catastrophiques,emploi-public.ma notices (21)
employer,صندوق الحسن الثاني للتنمية الإقتصادية والإجتماعية,Fonds hassan II pour le developpement économique et social,emploi-public.ma notices (6)
employer,مجموعة المعهد العالي للتجارة وإدارة المقاولات,Groupe Institut supérieur de commerce et d'administration des entreprises,emploi-public.ma notices (13)
employer,المجموعة الصحية الترابية لجهة طنجة تطوان الحسيمة,Groupement Sanitaire Territorial de la Région Tanger – Tétouan – Al Hoceima,emploi-public.ma notices (14)
employer,المندوبية السامية للتخطيط,Haut commissariat au plan,emploi-public.ma notices (21)
employer,المندوبية السامية لقدماء المقاومين وأعضاء جيش التحرير,Haut commissariat aux anciens résistants et anciens membres de l’armée de libération,emploi-public.ma notices (4)
employer,مجموعة التهيئة العمران,Holding d'Aménagement Al Omrane,emploi-public.ma notices (159)
employer,معهد الحسن الثاني للزراعة والبيطرة,IAV Hassan II,emploi-public.ma notices (12)
employer,المعهد الوطني للبحث الزراعي,Institut National de la Recherche Agronomique,emploi-public.ma notices (7)
employer,المعهد الوطني للبحث في الصيد البحري,Institut National de Recherche Halieutique,emploi-public.ma notices (14)
employer,معهد باستور,Institut Pasteur,emploi-public.ma notices (18)
employer,إثمار الموارد,ITHMAR Capital,emploi-public.ma notices (9)
employer,شركة خريبكة للتهيئة والتنمية (KADEV),Khouribgha Aménagement et Développement sa (KADEV),emploi-public.ma notices (3)
employer,المختبر الرسمي للتحاليل والأبحاث الكيماوية,Laboratoire Officiel d'Analyses et de Recherches Chimiques,emploi-public.ma notices (9)
employer,المختبر العمومي للتجارب والدراسات,Laboratoire Public des Essais et des Etudes (LPEE),emploi-public.ma notices (30)
employer,رئاسة الحكومة,Le chef du gouvernement,emploi-public.ma notices (15)
employer,وكالة المغرب العربي للأنباء,Maghreb Arabe Presse,emploi-public.ma notices (48)
employer,مؤسسة دار الصانع,Maison de l'Artisan,emploi-public.ma notices (9)
employer,مراكش الجهة للرياضة,Marrakech Région Sport,emploi-public.ma notices (9)
employer,شركة استغلال الموانئ (مرسى ماروك),Marsa Maroc,emploi-public.ma notices (25)
employer,مديونة خدمات ش م,MEDIOUNA SERVICE SA,emploi-public.ma notices (12)
employer,الوزارة المكلفة بالمغاربة المقيمين بالخارج,Ministère chargée des Marocains résidant à l’Étranger,emploi-public.ma notices (3)
employer,وزارة الشباب والثقافة والتواصل - قطاع التواصل,"Ministère de la Jeunesse, de la Culture et de la Communication - Département de la Communication",emploi-public.ma notices (28)
employer,وزارة الشباب والثقافة والتواصل - قطاع الثقافة,"Ministère de la Jeunesse, de la Culture et de la Communication - Département de la Culture",emploi-public.ma notices (49)
employer,وزارة الشباب والثقافة والتواصل - قطاع الشباب,"Ministère de la Jeunesse, de la Culture et de la Communication - Département de la Jeunesse",emploi-public.ma notices (36)
employer,وزارة العدل,Ministère de la justice,emploi-public.ma notices (21)
employer,وزارة الصحة والحماية الاجتماعية,Ministère de la Santé et de la Protection sociale,emploi-public.ma notices (280)
employer,وزارة التضامن والإدماج الاجتماعي والأسرة,"Ministère de la Solidarité, de l’Insertion sociale et de la Famille",emploi-public.ma notices (21)
employer,وزارة الانتقال الرقمي وإصلاح الإدارة,Ministère de la Transition numérique de la Réforme de l’Administration,emploi-public.ma notices (8)
employer,وزارة الانتقال الطاقي والتنمية المستدامة - قطاع الانتقال الطاقي,Ministère de la Transition énergétique et du Développement durable - Département de la Transition énergétique,emploi-public.ma notices (19)
employer,وزارة الانتقال الطاقي والتنمية المستدامة - قطاع التنمية المستدامة,Ministère de la Transition énergétique et du Développement durable - Département du Développement durable,emploi-public.ma notices (16)
employer,وزارة الفلاحة والصيد البحري والتنمية القروية والمياه والغابات - قطاع الصيد البحري,"Ministère de l’Agriculture, de la Pêche maritime, du développement rural et des eaux et forêts - Département de la Pêche maritime",emploi-public.ma notices (11)
employer,وزارة الفلاحة والصيد البحري والتنمية القروية والمياه والغابات - قطاع الفلاحة,"Ministère de l’Agriculture, de la Pêche maritime, du développement rural et des eaux et forêts - Département de l’Agriculture",emploi-public.ma notices (8)
employer,وزارة إعداد التراب الوطني والتعمير والإسكان وسياسة المدينة,"Ministère de l’Aménagement du territoire national, de l’Urbanisme, de l’Habitat et de la Politique de la ville",emploi-public.ma notices (32)
employer,وزارة التربية الوطنية والتعليم الأولي والرياضة - قطاع التربية الوطنية,"Ministère de l’Education nationale, du Préscolaire et des Sports - Département de l’Education nationale",emploi-public.ma notices (28)
employer,وزارة التعليم العالي والبحث العلمي والابتكار,"Ministère de l’Enseignement supérieur, de la recherche scientifique et de l’innovation",emploi-public.ma notices (38)
employer,وزارة التجهيز والماء,Ministère de l’Equipement et de l’Eau,emploi-public.ma notices (16)
employer,وزارة الإدماج الاقتصادي والمقاولة الصغرى والتشغيل والكفاءات,"Ministère de l’Inclusion économique, de la Petite entreprise, de l’Emploi et des Compétences",emploi-public.ma notices (20)
employer,وزارة الإدماج الاقتصادي والمقاولة الصغرى والتشغيل والكفاءات - قطاع التكوين المهني,"Ministère de l’Inclusion économique, de la Petite entreprise, de l’Emploi et des Compétences - Département de la Formation professionnelle",emploi-public.ma notices (19)
employer,وزارة الصناعة والتجارة,Ministère de l’Industrie et du Commerce,emploi-public.ma notices (11)
employer,وزارة الداخلية,Ministère de l’intérieur,emploi-public.ma notices (47)
employer,وزارة الداخلية -مديرية تنمية الكفاءات والتحول الرقمي-,Ministère de l’intérieur -Direction du développement des compétences et de la transformation digitale-,emploi-public.ma notices (8)
employer,وزارة الداخلية -المديرية العامة للوقاية المدنية-,Ministère de l’intérieur -Direction Générale de la Protection Civile-,emploi-public.ma notices (17)
employer,وزارة الداخلية -المديرية العامة للأمن الوطني-,Ministère de l’intérieur -Direction Générale de la Sûreté Nationale-,emploi-public.ma notices (12)
employer,وزارة الداخلية -عمالة إقليم بركان-,Ministère de l’intérieur -Province Berkane-,emploi-public.ma notices (11)
employer,وزارة الداخلية -عمالة إقليم شفشاون-,Ministère de l’intérieur -Province Chefchaouen-,emploi-public.ma notices (23)
employer,وزارة الداخلية -عمالة إقليم الرشيدية-,Ministère de l’intérieur -Province d'Errachidia-,emploi-public.ma notices (5)
employer,وزارة الداخلية -عمالة إقليم الصويرة-,Ministère de l’intérieur -Province d'Essaouira-,emploi-public.ma notices (14)
employer,وزارة الداخلية -عمالة إقليم بولمان-,Ministère de l’intérieur -Province de Boulemane-,emploi-public.ma notices (6)
employer,وزارة الداخلية -عمالة إقليم الفقيه بن صالح-,Ministère de l’intérieur -Province de Fquih Ben Salah-,emploi-public.ma notices (7)
employer,وزارة الداخلية -عمالة إقليم الناضور-,Ministère de l’intérieur -Province de Nador-,emploi-public.ma notices (12)
employer,وزارة الداخلية -عمالة إقليم سطات-,Ministère de l’intérieur -Province de Settat-,emploi-public.ma notices (31)
employer,وزارة الداخلية -عمالة إقليم سيدي قاسم-,Ministère de l’intérieur -Province de Sidikacem-,emploi-public.ma notices (15)
employer,وزارة الداخلية -عمالة إقليم طاطا-,Ministère de l’intérieur -Province de Tata-,emploi-public.ma notices (7)
employer,وزارة الداخلية -عمالة إقليم جرسيف-,Ministère de l’intérieur -Province Guercif-,emploi-public.ma notices (5)
employer,وزارة الداخلية -عمالة مراكش-,Ministère de l’intérieur -Province Marrakech-,emploi-public.ma notices (4)
employer,وزارة الداخلية -عمالة إقليم مديونة-,Ministère de l’intérieur -Province Médiouna-,emploi-public.ma notices (9)
employer,وزارة الداخلية -عمالة إقليم ورزازات-,Ministère de l’intérieur -Province Ouarzazate-,emploi-public.ma notices (3)
employer,وزارة الداخلية -عمالة إقليم تاونات-,Ministère de l’intérieur -Province Taounate-,emploi-public.ma notices (17)
employer,وزارة الداخلية -عمالة إقليم زاكورة-,Ministère de l’intérieur -Province Zagora-,emploi-public.ma notices (10)
employer,وزارة الداخلية -عمالة أكادير اداوتنان-,Ministère de l’intérieur -Préfecture d'Agadir Idaoutanane-,emploi-public.ma notices (6)
employer,وزارة الداخلية -عمالة وجدة أنكاد-,Ministère de l’intérieur -Préfecture d'Oujda Angad-,emploi-public.ma notices (26)
employer,وزارة الداخلية -عمالة إقليم بني ملال-,Ministère de l’intérieur -Préfecture de Beni Mellal-,emploi-public.ma notices (10)
employer,وزارة الداخلية -عمالة إقليم طانطان-,Ministère de l’intérieur -Préfecture de TanTan-,emploi-public.ma notices (4)
employer,وزارة الداخلية -عمالة فاس-,Ministère de l’intérieur -Préfecture Fès-,emploi-public.ma notices (4)
employer,وزارة الاستثمار والتقائية وتقييم السياسات العمومية,"Ministère de l’Investissement, de la Convergence et de l’évaluation des politiques publiques",emploi-public.ma notices (12)
employer,وزارة الاقتصاد والمالية,Ministère de l’Économie et des Finances,emploi-public.ma notices (26)
employer,وزارة الشؤون الخارجية والتعاون الإفريقي والمغاربة المقيمين بالخارج,"Ministère des Affaires étrangères, de la Coopération africaine et des Marocains résidant à l’Étranger",emploi-public.ma notices (17)
employer,وزارة الأوقاف والشؤون الإسلامية,Ministère des habous et des affaires islamiques,emploi-public.ma notices (22)
employer,وزارة السياحة والصناعة التقليدية والاقتصاد الاجتماعي والتضامني - قطاع الصناعة التقليدية والاقتصاد الاجتماعي والتضامني,"Ministère du Tourisme, de l’Artisanat et de l’Economie sociale et solidaire - Département de l’Artisanat et de l’Economie sociale et solidaire",emploi-public.ma notices (20)
employer,وزارة السياحة والصناعة التقليدية والاقتصاد الاجتماعي والتضامني - قطاع السياحة,"Ministère du Tourisme, de l’Artisanat et de l’Economie sociale et solidaire - Département du Tourisme",emploi-public.ma notices (17)
employer,وزارة النقل واللوجيستيك,Ministère du Transport et de la Logistique,emploi-public.ma notices (17)
employer,الوزارة المنتدبة لدى رئيس الحكومة المكلفة بالعلاقات مع البرلمان,Ministère délégué auprès du chef du gouvernement chargé des relations avec le parlement,emploi-public.ma notices (9)
employer,التعاضدية العامة للتربية الوطنية,Mutuelle Générale de l'Education Nationale,emploi-public.ma notices (5)
employer,شركة الناظور غرب المتوسط,Nador West Med,emploi-public.ma notices (50)
employer,النواصر للتنمية ش.م,Nouaceur Développement SA,emploi-public.ma notices (30)
employer,مكتب التكوين المهني وإنعاش الشغل,Office de la Formation Professionnelle et de la Promotion du Travail,emploi-public.ma notices (805)
employer,مكتب الصرف,Office des Changes,emploi-public.ma notices (3)
employer,مكتب تنمية التعاون,Office du Développement de la Coopération,emploi-public.ma notices (5)
employer,المكتب المغربي للملكية الصناعية والتجارية,Office Marocain de la Propriété Industrielle et Commerciale,emploi-public.ma notices (14)
employer,المكتب الوطني للكهرباء والماء الصالح للشرب -قطاع الماء-,Office National De L'Electricité Et De L'Eau Potable -Branche Eau-,emploi-public.ma notices (11)
employer,المكتب الوطني للكهرباء والماء الصالح للشرب -قطاع الكهرباء-,Office National De L'Electricité Et De L'Eau Potable -Branche Electricité-,emploi-public.ma notices (30)
employer,المكتب الوطني للمطارات,Office National Des Aéroports,emploi-public.ma notices (66)
employer,المكتب الوطني للسكك الحديدية,Office National des chemins de fer,emploi-public.ma notices (60)
employer,المكتب الوطني للهيدروكربورات و المعادن,Office National des Hydrocarbures et des Mines,emploi-public.ma notices (46)
employer,المكتب الوطني للصيد,Office National des Pêches,emploi-public.ma notices (13)
employer,المكتب الوطني للإستشارة الفلاحية,Office National du conseil agricole,emploi-public.ma notices (3)
employer,المكتب الوطني المهني للحبوب والقطاني,Office National Interprofessionnel des Céreales et des Légumineuses,emploi-public.ma notices (6)
employer,المكتب الجهوي للاستثمار الفلاحي للحوز,Office régional de mise en valeur agricole d'AL Haouz,emploi-public.ma notices (3)
employer,المكتب الجهوي للاستثمار الفلاحي لدكالة,Office régional de mise en valeur agricole de Doukkala,emploi-public.ma notices (4)
employer,المكتب الجهوي للاستثمار الفلاحي لملوية,Office régional de mise en valeur agricole de moulouya,emploi-public.ma notices (3)
employer,المكتب الجهوي للاستثمار الفلاحي لورزازات,Office régional de mise en valeur agricole de Ouarzazate,emploi-public.ma notices (5)
employer,المكتب الجهوي للاستثمار الفلاحي لسوس ماسة,Office régional de mise en valeur agricole de Souss Massa,emploi-public.ma notices (5)
employer,المكتب الجهوي للاستثمار الفلاحي لتادلة,Office régional de mise en valeur agricole de Tadla,emploi-public.ma notices (3)
employer,المكتب الجهوي للاستثمار الفلاحي لتافيلالت,Office régional de mise en valeur agricole de Tafilalet,emploi-public.ma notices (5)
employer,المكتب الوطني للهيدروكربورات والمعادن - قطب ميد ستريم,ONHYM Midstream Co,emploi-public.ma notices (18)
employer,عدة قطاعات وزارية (مباراة موحدة خاصة بالأشخاص في وضعية إعاقة),plusieurs départements ministériels (Concours réservé aux personnes en situation de handicap),emploi-public.ma notices (4)
employer,بورتنيت ش.م فرع الوكالة الوطنية للموانئ,PortNet S.A,emploi-public.ma notices (20)
employer,بريد المغرب,Poste Maroc,emploi-public.ma notices (23)
employer,إقليم برشيد - الدروة,Province Berrechid - DEROUA,emploi-public.ma notices (3)
employer,إقليم شفشاون - شفشاون,Province Chefchaouen - CHEFCHAOUEN,emploi-public.ma notices (4)
employer,إقليم اشتوكة ايت باها - إنشادن,Province Chtouka ait baha - INCHADEN,emploi-public.ma notices (3)
employer,إقليم اشتوكة ايت باها - سيدي بيبي,Province Chtouka ait baha - SIDI BIBI,emploi-public.ma notices (3)
employer,إقليم أزيلال - أفورار,Province d'Azilal - AFOURAR,emploi-public.ma notices (4)
employer,إقليم أزيلال - أيت امحمد,Province d'Azilal - AIT M'HAMED,emploi-public.ma notices (3)
employer,إقليم أزيلال - أيت وعرضى,Province d'Azilal - AIT OUAARDA,emploi-public.ma notices (3)
employer,إقليم أزيلال - أزيلال,Province d'Azilal - AZILAL,emploi-public.ma notices (3)
employer,إقليم أزيلال - بين الويدان,Province d'Azilal - BIN EL OUIDANE,emploi-public.ma notices (4)
employer,إقليم أزيلال - بني عياط,Province d'Azilal - BNI A'YAT,emploi-public.ma notices (3)
employer,إقليم أزيلال - بني حسان,Province d'Azilal - BNI HASSANE,emploi-public.ma notices (3)
employer,إقليم أزيلال - بزو,Province d'Azilal - BZOU,emploi-public.ma notices (3)
employer,إقليم أزيلال - دمنات,Province d'Azilal - DEMNATE,emploi-public.ma notices (4)
employer,إقليم أزيلال - مولاي عيسى بن ادريس,Province d'Azilal - MOULAY AISSA BEN DRISS,emploi-public.ma notices (3)
employer,إقليم أزيلال - واولى,Province d'Azilal - OUAOULA,emploi-public.ma notices (4)
employer,إقليم أزيلال - ارفالة,Province d'Azilal - RFALA,emploi-public.ma notices (3)
employer,إقليم أزيلال - تابية,Province d'Azilal - TABIA,emploi-public.ma notices (3)
employer,إقليم أزيلال - تدلي فطواكة,Province d'Azilal - TIDILI FETOUAKA,emploi-public.ma notices (3)
employer,إقليم أزيلال - تيموليلت,Province d'Azilal - TIMOULILT,emploi-public.ma notices (4)
employer,إقليم الحاجب - عين تاوجطات,Province d'El Hajeb - AIN TAOUJDATE,emploi-public.ma notices (4)
employer,إقليم الحاجب - ايت بوبيدمان,Province d'El Hajeb - AIT BOUBIDMANE,emploi-public.ma notices (3)
employer,إقليم الحاجب - ايت بورزوين,Province d'El Hajeb - AIT BOURZOUINE,emploi-public.ma notices (5)
employer,إقليم الحاجب - ايت نعمان,Province d'El Hajeb - AIT NAAMANE,emploi-public.ma notices (3)
employer,إقليم الحاجب - بطيط,Province d'El Hajeb - BITIT,emploi-public.ma notices (4)
employer,إقليم الحاجب - اقدار,Province d'El Hajeb - IQADDAR,emploi-public.ma notices (4)
employer,إقليم الحاجب - جحجوح,Province d'El Hajeb - JAHJOUH,emploi-public.ma notices (4)
employer,إقليم الحاجب - القصير,Province d'El Hajeb - LAQSIR,emploi-public.ma notices (4)
employer,إقليم الجديدة - حوزية,Province d'El Jadida - HAOUZIA,emploi-public.ma notices (4)
employer,إقليم الجديدة - لغديرة,Province d'El Jadida - LAGHDIRA,emploi-public.ma notices (3)
employer,إقليم الرشيدية,Province d'Errachidia,emploi-public.ma notices (9)
employer,إقليم الرشيدية - مجلس جهة درعة تافيلالت,Province d'Errachidia - Conseil Régional de Draa Tafilalt,emploi-public.ma notices (7)
employer,إقليم الصويرة - أولاد امرابط,Province d'Essaouira - OULAD M'RABET,emploi-public.ma notices (3)
employer,إقليم افران,Province d'Ifrane,emploi-public.ma notices (5)
employer,إقليم افران - أزرو,Province d'Ifrane - AZROU,emploi-public.ma notices (5)
employer,إقليم افران - ايفران,Province d'Ifrane - IFRANE,emploi-public.ma notices (4)
employer,إقليم بني ملال,Province de Beni Mellal,emploi-public.ma notices (4)
employer,إقليم بني ملال - أيت ام البخت,Province de Beni Mellal - AIT OUM EL BEKHT,emploi-public.ma notices (4)
employer,إقليم بني ملال - بني ملال,Province de Beni Mellal - BENI MELLAL,emploi-public.ma notices (6)
employer,إقليم بني ملال - المجلس الإقليمي,Province de Beni Mellal - Conseil provincial,emploi-public.ma notices (5)
employer,إقليم بني ملال - مجلس جهة بني ملال خنيفرة,Province de Beni Mellal - Conseil Régional de Béni Mellal Khénifra,emploi-public.ma notices (6)
employer,إقليم بني ملال - فم العنصر,Province de Beni Mellal - FOUM EL ANCEUR,emploi-public.ma notices (4)
employer,إقليم بني ملال - فم أودي,Province de Beni Mellal - FOUM OUDI,emploi-public.ma notices (3)
employer,إقليم بني ملال - كطاية,Province de Beni Mellal - GUETTAYA,emploi-public.ma notices (3)
employer,إقليم بني ملال - قصبة تادلة,Province de Beni Mellal - KASBA TADLA,emploi-public.ma notices (5)
employer,إقليم بني ملال - اولاد سعيد الواد,Province de Beni Mellal - OULED SAID LOUED,emploi-public.ma notices (3)
employer,إقليم بني ملال - تيزي نيسلي,Province de Beni Mellal - TIZI N'ISLY,emploi-public.ma notices (3)
employer,إقليم بني ملال - زاوية الشيخ,Province de Beni Mellal - ZAOUIAT CHEIKH,emploi-public.ma notices (4)
employer,إقليم بنسليمان - بنسليمان,Province de Benslimane - BENSLIMANE,emploi-public.ma notices (10)
employer,إقليم بنسليمان - بوزنيقة,Province de Benslimane - BOUZNIKA,emploi-public.ma notices (6)
employer,إقليم بنسليمان - شراط,Province de Benslimane - CHARRATE,emploi-public.ma notices (3)
employer,إقليم بنسليمان - المنصورية,Province de Benslimane - EL MANSOURIA,emploi-public.ma notices (3)
employer,إقليم بنسليمان - الزيايدة,Province de Benslimane - ZIAIDA,emploi-public.ma notices (3)
employer,إقليم بركان - أحفير,Province de Berkane - AHFIR,emploi-public.ma notices (4)
employer,إقليم بركان - عين الركادة,Province de Berkane - AIN ERREGGADA,emploi-public.ma notices (3)
employer,إقليم بركان - بركان,Province de Berkane - BERKANE,emploi-public.ma notices (4)
employer,إقليم بركان - شويحية,Province de Berkane - CHOUIHIA,emploi-public.ma notices (3)
employer,إقليم بركان - السعيدية,Province de Berkane - SAIDIA,emploi-public.ma notices (3)
employer,إقليم بركان - سيدي سليمان-الشراعة,Province de Berkane - SIDI SLIMANE ECHCHARAA,emploi-public.ma notices (3)
employer,إقليم بوجدور - بوجدور,Province de Boujdour - BOUJDOUR,emploi-public.ma notices (4)
employer,إقليم بولمان - ميسور,Province de Boulemane - MISSOUR,emploi-public.ma notices (3)
employer,إقليم شيشاوة - امزوضة,Province de Chichaoua - M'ZOUDA,emploi-public.ma notices (3)
employer,إقليم شيشاوة - نفيفة,Province de Chichaoua - NFIFA,emploi-public.ma notices (3)
employer,إقليم الدريوش,Province de Driouch,emploi-public.ma notices (7)
employer,إقليم الفقيه بن صالح,Province de Fquih Ben Salah,emploi-public.ma notices (5)
employer,إقليم الفقيه بن صالح - الفقيه بن صالح,Province de Fquih Ben Salah - FQUIH BEN SALAH,emploi-public.ma notices (12)
employer,إقليم كلميم,Province de Guelmim,emploi-public.ma notices (4)
employer,إقليم كلميم - أفركط,Province de Guelmim - AFERKAT,emploi-public.ma notices (3)
employer,إقليم كلميم - المجلس الإقليمي,Province de Guelmim - Conseil provincial,emploi-public.ma notices (4)
employer,إقليم كلميم - مجلس جهة كلميم واد نون,Province de Guelmim - Conseil Régional de Guelmim Oued-Noun,emploi-public.ma notices (6)
employer,إقليم كلميم - تيمولاي,Province de Guelmim - TIMOULAY,emploi-public.ma notices (3)
employer,إقليم جرسيف - جرسيف,Province de Guercif - GUERCIF,emploi-public.ma notices (3)
employer,إقليم الخميسات - أيت إيكو,Province de khemisset - AIT IKKOU,emploi-public.ma notices (3)
employer,إقليم الخميسات - الخميسات,Province de khemisset - KHEMISSET,emploi-public.ma notices (5)
employer,إقليم الخميسات - سيدي علال البحراوي,Province de khemisset - SIDI ALLAL EL BAHRAOUI,emploi-public.ma notices (3)
employer,إقليم الخميسات - تيفلت,Province de khemisset - TIFLET,emploi-public.ma notices (5)
employer,إقليم خريبكة - خريبكة,Province de Khouribga - KHOURIBGA,emploi-public.ma notices (4)
employer,إقليم القنيطرة - بنمنصور,Province de Kénitra - BENMANSOUR,emploi-public.ma notices (5)
employer,إقليم القنيطرة - الحدادة,Province de Kénitra - HADDADA,emploi-public.ma notices (3)
employer,إقليم القنيطرة - القنيطرة,Province de Kénitra - KENITRA,emploi-public.ma notices (6)
employer,إقليم القنيطرة - مولاي بوسلهام,Province de Kénitra - MOULAY BOUSSELHAM,emploi-public.ma notices (3)
employer,إقليم القنيطرة - أولاد سلامة,Province de Kénitra - OULED SLAMA,emploi-public.ma notices (3)
employer,إقليم القنيطرة - سيدي الطيبي,Province de Kénitra - SIDI TAIBI,emploi-public.ma notices (3)
employer,إقليم القنيطرة - سوق الاربعاء,Province de Kénitra - SOUK EL ARBAA,emploi-public.ma notices (10)
employer,إقليم العيون - المجلس الإقليمي,Province de Laayoune - Conseil provincial,emploi-public.ma notices (5)
employer,إقليم العيون - فم الواد,Province de Laayoune - FOUM EL OUED,emploi-public.ma notices (3)
employer,إقليم العيون - العيون,Province de Laayoune - LAAYOUNE,emploi-public.ma notices (7)
employer,إقليم ميدلت - ميدلت,Province de Midelt - MIDELT,emploi-public.ma notices (5)
employer,عمالة مكناس - مكناس,Province de Mèknes - MEKNES,emploi-public.ma notices (3)
employer,عمالة مكناس - مولاي إدريس زرهون,Province de Mèknes - MOULAY DRISS ZERHOUN,emploi-public.ma notices (4)
employer,إقليم مديونة - المجاطية ولاد الطالب,Province de Médiouna - AL MAJJATIA OULAD TALEB,emploi-public.ma notices (4)
employer,إقليم وزان - امزفرون,Province de Ouezzane - MZEFROUNE,emploi-public.ma notices (4)
employer,إقليم الرحامنة,Province de Rhamna,emploi-public.ma notices (4)
employer,إقليم آسفي - آسفي,Province de Safi - SAFI,emploi-public.ma notices (4)
employer,إقليم صفرو - دار الحمراء,Province de Sefrou - DAR EL HAMRA,emploi-public.ma notices (6)
employer,إقليم صفرو - ايموزار كندر,Province de Sefrou - IMOUZZER KANDAR,emploi-public.ma notices (5)
employer,إقليم صفرو - راس تابودة,Province de Sefrou - RAS TABOUDA,emploi-public.ma notices (5)
employer,إقليم صفرو - صفرو,Province de Sefrou - SEFROU,emploi-public.ma notices (6)
employer,إقليم سطات - بني خلوك,Province de Settat - BNI KHLOUG,emploi-public.ma notices (5)
employer,إقليم سطات - سطات,Province de Settat - SETTAT,emploi-public.ma notices (19)
employer,إقليم سيدي بنور - كدية بني دغوغ,Province de Sidi Bennour - KOUDIAT BNI DGHOUGH,emploi-public.ma notices (3)
employer,إقليم سيدي بنور - كرديد,Province de Sidi Bennour - KRIDID,emploi-public.ma notices (3)
employer,إقليم سيدي بنور - امطل,Province de Sidi Bennour - M'TAL,emploi-public.ma notices (3)
employer,إقليم سيدي بنور - اولاد عمران,Province de Sidi Bennour - OULAD AMRANE,emploi-public.ma notices (4)
employer,إقليم سيدي بنور - سيدي بنور,Province de Sidi Bennour - SIDI BENNOUR,emploi-public.ma notices (6)
employer,إقليم سيدي بنور - زمامرة,Province de Sidi Bennour - ZMAMRA,emploi-public.ma notices (5)
employer,إقليم سيدي إفني - سيدي إفني,Province de Sidi Ifni - SIDI IFNI,emploi-public.ma notices (8)
employer,إقليم سيدي قاسم - سيدي قاسم,Province de Sidikacem - SIDI KACEM,emploi-public.ma notices (6)
employer,إقليم طاطا - فم الحصن,Province de Tata - FAM EL HISN,emploi-public.ma notices (3)
employer,إقليم طاطا - فم زكيد,Province de Tata - FOUM-ZGUID,emploi-public.ma notices (3)
employer,إقليم تطوان - تطوان,Province de Tétouan - TETOUAN,emploi-public.ma notices (4)
employer,إقليم اليوسفية - اليوسفية,Province de Youssoufia - YOUSSOUFIA,emploi-public.ma notices (5)
employer,إقليم السمارة - السمارة,Province Es-Semara - ES SMARA,emploi-public.ma notices (8)
employer,إقليم خنيفرة,Province Khénifra,emploi-public.ma notices (5)
employer,إقليم النواصر - بوسكورة,Province Nouaceur - BOUSKOURA,emploi-public.ma notices (4)
employer,إقليم النواصر - النواصر,Province Nouaceur - NOUACEUR,emploi-public.ma notices (8)
employer,إقليم النواصر - اولاد عزوز,Province Nouaceur - OULAD AZZOUZ,emploi-public.ma notices (3)
employer,إقليم ورزازات - أيت زينب,Province Ouarzazate - AIT ZINEB,emploi-public.ma notices (3)
employer,إقليم ورزازات - اغرم نوكدال,Province Ouarzazate - IGHREM N'OUGDAL,emploi-public.ma notices (3)
employer,إقليم ورزازات - ترميكت,Province Ouarzazate - TARMIGT,emploi-public.ma notices (3)
employer,إقليم ورزازات - تلوات,Province Ouarzazate - TELOUET,emploi-public.ma notices (3)
employer,إقليم وادي الذهب,Province Oued ed Dahab,emploi-public.ma notices (9)
employer,عمالة طانطان - الشبيكة,Province tan tan - CHBIKA,emploi-public.ma notices (4)
employer,عمالة طانطان - الوطية,Province tan tan - EL OUATIA,emploi-public.ma notices (3)
employer,إقليم تاونات - عين مديونة,Province Taounate - AIN MEDIOUNA,emploi-public.ma notices (3)
employer,إقليم زاكورة - زاكورة,Province Zagora - ZAGORA,emploi-public.ma notices (3)
employer,عمالة أكادير اداوتنان,Préfecture d'Agadir Idaoutanane,emploi-public.ma notices (4)
employer,عمالة أكادير اداوتنان - اكادير,Préfecture d'Agadir Idaoutanane - AGADIR,emploi-public.ma notices (6)
employer,عمالة أكادير اداوتنان - مجلس عمالة أكادير إداوتنان,Préfecture d'Agadir Idaoutanane - Conseil de la Préfecture Agadir Ida Outanane,emploi-public.ma notices (5)
employer,عمالة أكادير اداوتنان - مجلس جهة سوس ماسة,Préfecture d'Agadir Idaoutanane - Conseil Régional de Souss Massa,emploi-public.ma notices (13)
employer,عمالة إنزكان أيت ملول - أيت ملول,Préfecture d'Inezgane-Aït Melloul - AIT MELLOUL,emploi-public.ma notices (5)
employer,عمالة إنزكان أيت ملول - لقليعة,Préfecture d'Inezgane-Aït Melloul - LQLIAA,emploi-public.ma notices (5)
employer,عمالة إنزكان أيت ملول - تمسية,Préfecture d'Inezgane-Aït Melloul - TEMSIA,emploi-public.ma notices (3)
employer,عمالة وجدة أنكاد,Préfecture d'Oujda Angad,emploi-public.ma notices (11)
employer,عمالة وجدة أنكاد - مجلس جهة الشرق,Préfecture d'Oujda Angad - Conseil Régional de l'Oriental,emploi-public.ma notices (4)
employer,عمالة وجدة أنكاد - وجدة,Préfecture d'Oujda Angad - OUJDA,emploi-public.ma notices (5)
employer,عمالة الدارالبيضاء,Préfecture de casablanca,emploi-public.ma notices (9)
employer,عمالة الدارالبيضاء - الدار البيضاء,Préfecture de casablanca - CASABLANCA,emploi-public.ma notices (4)
employer,عمالة الدارالبيضاء - مجلس جهة الدار البيضاء سطات,Préfecture de casablanca - Conseil Régional de Casablanca Settat,emploi-public.ma notices (3)
employer,عمالة مراكش,Préfecture de Marrakech,emploi-public.ma notices (9)
employer,عمالة مراكش - مجلس جهة مراكش آسفي,Préfecture de Marrakech - Conseil Régional de Marrakech Safi,emploi-public.ma notices (6)
employer,عمالة مراكش - تسلطانت,Préfecture de Marrakech - TASSOULTANTE,emploi-public.ma notices (5)
employer,عمالة المحمدية - عين حرودة,Préfecture de Mohammedia - AIN HARROUDA,emploi-public.ma notices (4)
employer,عمالة الرباط,Préfecture de Rabat,emploi-public.ma notices (4)
employer,عمالة الرباط - المجلس الإقليمي,Préfecture de Rabat - Conseil provincial,emploi-public.ma notices (5)
employer,عمالة سلا - سلا,Préfecture de Salé - SALE,emploi-public.ma notices (8)
employer,عمالة سلا - السهول,Préfecture de Salé - SHOUL,emploi-public.ma notices (3)
employer,عمالة سلا - سيدي بوقنادل,Préfecture de Salé - SIDI BOUKNADEL,emploi-public.ma notices (5)
employer,عمالة الصخيرات-تمارة - عين عتيق,Préfecture de Skhirat-Temara - AIN ATTIG,emploi-public.ma notices (3)
employer,عمالة طنجة -أصيلة,Préfecture de Tanger-Asilah,emploi-public.ma notices (9)
employer,عمالة طنجة -أصيلة - طنجة,Préfecture de Tanger-Asilah - TANGER,emploi-public.ma notices (6)
employer,عمالة فاس,Préfecture Fes,emploi-public.ma notices (9)
employer,عمالة المضيق الفنيدق - مرتيل,Préfecture m'diq fnideq - MARTIL,emploi-public.ma notices (3)
employer,رئاسة النيابة العامة,Présidence du parquet général,emploi-public.ma notices (5)
employer,شركة الرباط مدينة خضراء,Rabat ville verte,emploi-public.ma notices (5)
employer,الوكالة المستقلة لتوزيع الماء والكهرباء بتازة,Régie Autonome de Distribution d'Eau et d'Electricité à TAZA,emploi-public.ma notices (6)
employer,الوكالة المستقلة الجماعية لتوزيع الماء والكهرباء بفاس,Régie Autonome Intercommunale de Distribution d'Eau et d'Electricité de Fès,emploi-public.ma notices (16)
employer,الوكالة المستقلة الجماعية لتوزيع الماء والكهرباء بإقليم العرائش,Régie Autonome Intercommunale de Distribution d'Eau et d'Electricité de la Province de Larache,emploi-public.ma notices (15)
employer,الوكالة المستقلة الجماعية لتوزيع الماء والكهرباء بتادلة,Régie Autonome Intercommunale de Distribution d'Eau et d'Electricité de Tadla,emploi-public.ma notices (12)
employer,الوكالة المستقلة الجماعية لتوزيع الماء والكهرباء والتطهير السائل بالقنيطرة,"Régie Intercommunale Autonome de Distribution d'Eau, d'Electricité et d'assinisssement liquide de la province de Kénitra",emploi-public.ma notices (13)
employer,شركة التنمية الجهوية - الجهة للتهيئة مراكش,Région Aménagement Marrakech,emploi-public.ma notices (6)
employer,شركة التنمية المحلية مراكش مسافر,SDL MARRAKECH MOUSSAFIR S.A,emploi-public.ma notices (7)
employer,الأمانة العامة للحكومة,Secrétariat général du gouvernement,emploi-public.ma notices (7)
employer,شركة الداخلة للتهيئة والتنمية,Société Dakhla pour l'aménagement et le développement,emploi-public.ma notices (3)
employer,شركة تنمية بحيرة مارشيكا البحر الأبيض المتوسط,Société de Développement de la Lagune de MARCHICAMED,emploi-public.ma notices (3)
employer,شركة التنمية المحلية أكادير الكبير للنقل والتنقلات الحضرية,Société de développement local Grand Agadir pour la Mobilité et les Déplacement Urbains,emploi-public.ma notices (6)
employer,شركة التنمية المحلية الرباط مسافر,Société de développement local Rabat Voyageur,emploi-public.ma notices (9)
employer,شركة التنمية المحلية طنجة تطوان أشغال التوزيع,Société de développement local Tanger Tétouan Travaux de Distribution (SDL 3TD),emploi-public.ma notices (10)
employer,"شركة التنمية الجهوية ""خدمات الشرق""","Société de Développement Régional ""Oriental Services""",emploi-public.ma notices (37)
employer,شركة التنمية الجهوية لانعاش المقاولة السياحية الصغرى والمتوسطة والصغيرة جدا سوس ماسة,"Société de Développement Régional pour la Promotion de la Toute Petite, la Petite et la Moyenne Entreprises Touristiques Souss-Massa",emploi-public.ma notices (8)
employer,شركة التنمية السياحية سوس ماسة - شركة التنمية الجهوية,Société de Développement Régionale SDR Tourisme Souss Massa,emploi-public.ma notices (4)
employer,شركة الإنتاجات البيولوجية والصيدلية البيطرية (بيوفارما),Société de Productions Biologiques et Pharmaceutiques Vétérinaires (Biopharma),emploi-public.ma notices (8)
employer,شركة المنشآت الرياضية لفاس - فاس الجهة للرياضة,Société des infrastructures sportives de Fès - Fes Région Sport,emploi-public.ma notices (12)
employer,شركة المنشآت الرياضية للرباط - INSPORA,Société des Infrastructures Sportives de Rabat - INSPORA,emploi-public.ma notices (7)
employer,شركة المخازن المينائية,Société des Silos Portuaires (SOSIPO),emploi-public.ma notices (30)
employer,شركة حديقة الحيوانات الوطنية,Société Jardin Zoologique National,emploi-public.ma notices (17)
employer,الشركة المغربية للهندسة السياحية,Société Marocaine d'Ingénierie Touristique,emploi-public.ma notices (28)
employer,"الشركة الوطنية لتسويق البذور ""سوناكوس""","Société Nationale de Commercialisation des Semences ""SONACOS""",emploi-public.ma notices (16)
employer,الشركة الوطنية للإذاعة والتلفزة,Société Nationale de Radiodiffusion,emploi-public.ma notices (98)
employer,الشركة الوطنية للنقل والوسائل اللوجيستيكية,Société Nationales des Transports et de Logistique (SNTL),emploi-public.ma notices (50)
employer,شركة ورزازات للتهيئة,Société Ouarzazate Aménagement,emploi-public.ma notices (13)
employer,شركة وجدة للتنشيط والتنمية,Société Oujda Animation Développement,emploi-public.ma notices (7)
employer,شركة التنمية وجدة للتهيئة,Société Oujda Développement et Aménagement,emploi-public.ma notices (14)
employer,شركة الرباط للتنشيط والتنمية,Société Rabat Animation et Développement,emploi-public.ma notices (8)
employer,شركة الرباط الجهة للتنقل,Société Rabat Région Mobilité,emploi-public.ma notices (3)
employer,شركة الرباط سلا تمارة للخدمات,Société Rabat Salé Temara Prestations,emploi-public.ma notices (3)
employer,الشركة الملكية لتشجيع الفرس,Société Royale d'Encouragement du Cheval (SOREC),emploi-public.ma notices (88)
employer,الشركة الجهوية متعددة الخدمات العيون - الساقية الحمراء,Société régionale multiservices (SRM) Laâyoune-Sakia El Hamra,emploi-public.ma notices (8)
employer,الشركة الجهوية متعددة الخدمات بني ملال - خنيفرة,Société Régionale Multiservices Béni Mellal - Khénifra SA,emploi-public.ma notices (6)
employer,الشركة الجهوية متعددة الخدمات الداخلة - وادي الذهب,Société Régionale Multiservices Dakhla-Oued Ed-Dahab SA,emploi-public.ma notices (4)
employer,الشركة الجهوية متعددة الخدمات كلميم-واد نون,Société régionale multiservices Guelmim-Oued Noun S.A,emploi-public.ma notices (3)
employer,الشركة الجهوية متعددة الخدمات الشرق,Société Régionale Multiservices L'Oriental SA,emploi-public.ma notices (6)
employer,الشركة الجهوية متعددة الخدمات مراكش - آسفي,Société Régionale Multiservices Marrakech - Safi,emploi-public.ma notices (10)
employer,الشركة الجهوية متعددة الخدمات الرباط - سلا - القنيطرة,Société Régionale Multiservices Rabat - Salé -Kénitra,emploi-public.ma notices (10)
employer,الشركة الجهوية متعددة الخدمات سوس ماسة,Société Régionale Multiservices Souss Massa SA,emploi-public.ma notices (7)
employer,الشركة الجهوية متعددة الخدمات طنجة - تطوان - الحسيمة,Société Régionale Multiservices Tanger - Tétouan - Al Hoceima,emploi-public.ma notices (7)
employer,شركة طنجة الجهة للتنمية,Société Tanger Région Aménagements,emploi-public.ma notices (30)
employer,الشركة الوطنية لإنجاز وتدبير المنشآت الرياضية,SONARGES,emploi-public.ma notices (35)
employer,تمويلكم,Tamwilcom,emploi-public.ma notices (23)
employer,شركة التنمية المحلية -طنجة موبيليتي-,Tanja Mobilité,emploi-public.ma notices (18)
employer,المسرح الوطني محمد الخامس,Théâtre National Mohammed V,emploi-public.ma notices (8)
employer,جامعة عبد المالك السعدي - تطوان,Université Abdelmalek Essaâdi - Tétouan,emploi-public.ma notices (114)
employer,جامعة القاضي عياض,Université Cadi Ayyad,emploi-public.ma notices (217)
employer,جامعة الحسن الأول - سطات,Université Hassan 1er - Settat,emploi-public.ma notices (51)
employer,جامعة الحسن الثاني - الدارالبيضاء,Université Hassan II - Casablanca,emploi-public.ma notices (189)
employer,جامعة ابن طفيل - القنيطرة,Université Ibn Tofail - Kénitra,emploi-public.ma notices (14)
employer,جامعة ابن زهر - أكادير,Université Ibn Zohr - Agadir,emploi-public.ma notices (440)
employer,جامعة محمد الأول - وجدة,Université Mohammed Premier - Oujda,emploi-public.ma notices (274)
employer,جامعة محمد الخامس,Université Mohammed V,emploi-public.ma notices (110)
employer,جامعة مولاي اسماعيل - مكناس,Université Moulay Ismaïl - Meknès,emploi-public.ma notices (125)
employer,جامعة سيدي محمد بن عبد الله -فاس-,Université Sidi Mohamed Ben Abdellah -Fès-,emploi-public.ma notices (80)
employer,جامعة السلطان مولاي سليمان -بني ملال,Université Sultan Moulay Slimane -Béni Mellal,emploi-public.ma notices (128)
employer,جامعة شعيب الدكالي - الجديدة,Univesité Chouaïb Doukkali - El Jadida,emploi-public.ma notices (96)
grade,مساعد إداري من الدرجة الأولى,Adjoint administratif 1er grade,simulation.mmsp.gov.ma
grade,مساعد إداري من الدرجة الثانية,Adjoint administratif 2ème grade,simulation.mmsp.gov.ma
grade,مساعد إداري من الدرجة الممتازة,Adjoint administratif grade principal,simulation.mmsp.gov.ma
grade,مساعد تقني من الدرجة الممتازة (المطبعة الرسمية),Adjoint administratif technique principal -Imprimerie-,simulation.mmsp.gov.ma
grade,مساعدي الصحة الحاملين للإعدادية,Adjoint de santé breveté,simulation.mmsp.gov.ma
grade,مساعدي الصحة الحاملين للإعدادية الممتازين,Adjoint de santé breveté principal,simulation.mmsp.gov.ma
grade,مساعد الصحة مجاز من الدولة,Adjoint de santé diplomé d'Etat,simulation.mmsp.gov.ma
grade,مساعد تقني من الدرجة الأولى,Adjoint technique 1er grade,simulation.mmsp.gov.ma
grade,مساعد تقني من الدرجة الأولى (المطبعة الرسمية),Adjoint technique 1er grade -Imprimerie-,simulation.mmsp.gov.ma
grade,مساعد تقني من الدرجة الثانية (المطبعة الرسمية),Adjoint technique 2eme grade -Imprimerie-,simulation.mmsp.gov.ma
grade,مساعد تقني من الدرجة الثانية,Adjoint technique 2ème grade,emploi-public.ma notices (88)
grade,مساعد تقني من الدرجة الممتازة,Adjoint technique grade principal,simulation.mmsp.gov.ma
grade,متصرف من الدرجة الثانية لفائدة كلية العلوم القانونية و الاقتصادية و الاجتماعية بالجديدة,administrateur 2eme grade,emploi-public.ma notices (3)
grade,متصرف من الدرجة الثانية لفائدة رئاسة جامعةشعيب الدكالي بالجديدة,administrateur 2eme grade,emploi-public.ma notices (3)
grade,متصرف من الدرجة الثانية لفائدة كلية العلوم القانونية و السياسية بالجديدة,administrateur 2eme grade,emploi-public.ma notices (4)
grade,متصرف من الدرجة الثانية,Administrateur 2ème grade,simulation.mmsp.gov.ma
grade,متصرف من الدرجة الثانية (المطبعة الرسمية),Administrateur 2ème grade -Imprimerie-,simulation.mmsp.gov.ma
grade,متصرف من الدرجة الثانية بالمدرسة المحمدية للمهندسين,administrateur 2ème grade à l'EMI,emploi-public.ma notices (3)
grade,متصرف من الدرجة الثالثة,Administrateur 3ème grade,simulation.mmsp.gov.ma
grade,متصرف من الدرجة الثالثة (المطبعة الرسمية),Administrateur 3ème grade -Imprimerie-,simulation.mmsp.gov.ma
grade,متصرف مساعد من الطبقة الإستثنائية,Administrateur adjoint classe exceptionnelle,simulation.mmsp.gov.ma
grade,متصرف مساعد لوزارة الداخلية,Administrateur adjoint de l'Interieur,simulation.mmsp.gov.ma
grade,متصرف مساعد من الطبقة الثانية,Administrateur adjoint deuxiéme classe,simulation.mmsp.gov.ma
grade,متصرف مساعد من الطبقة الأولى,Administrateur adjoint premiére classe,simulation.mmsp.gov.ma
grade,متصرف الطبقة الإستثنائية,Administrateur classe exceptionnelle,simulation.mmsp.gov.ma
grade,متصرف من الدرجة الأولى,Administrateur de 1er grade,simulation.mmsp.gov.ma
grade,متصرف من الدرجة الأولى(المطبعة الرسمية),Administrateur de 1er grade -Imprimerie-,simulation.mmsp.gov.ma
grade,متصرف من الدرجة الثانية لفائدة المدرسة الوطنية العليا للصناعة الغذائية والبيوتكنولوجيا بركان,Administrateur de deuxième grade au profit de l'Ecole Nationale Supérieure de l'Industrie Alimentaire et des Biotechnologies Berkane,emploi-public.ma notices (3)
grade,متصرف من الدرجة الثانية لفائدة كلية الطب والصيدلة وجدة.,Administrateur de deuxième grade au profit de la Faculté de Médecine et de Pharmacie Oujda.,emploi-public.ma notices (4)
grade,متصرف من الدرجة الثانية لفائدة كلية العلوم القانونية والسياسية الناضور,Administrateur de deuxième grade au profit de la faculté des Sciences Juridiques et Politiques Nador,emploi-public.ma notices (3)
grade,متصرف من الدرجة الثانية لفائدة المدرسة العليا للتربية والتكوين وجدة.,Administrateur de deuxième grade au profit de l’Ecole Supérieure de l'Education et de la Formation Oujda.,emploi-public.ma notices (6)
grade,متصرف من الدرجة الثانية لفائدة المدرسة العليا للتكنولوجيا بالناظور.,Administrateur de deuxième grade au profit de L’Ecole Supérieure de Technologie Nador.,emploi-public.ma notices (3)
grade,متصرف لوزارة الداخلية,Administrateur de l'Interieur,simulation.mmsp.gov.ma
grade,متصرف التربية الوطنية من الدرجة الثانية,Administrateur de l'éducation nationale de 2ème grade,simulation.mmsp.gov.ma
grade,متصرف التربية الوطنية من الدرجة الممتازة,Administrateur de l'éducation nationale de grade principal,simulation.mmsp.gov.ma
grade,متصرف من الدرجة الثالثة لفائدة كلية الاقتصاد والتدبير الناضور,Administrateur de troisième grade au profit de la faculté d'Economie et de Gestion Nador,emploi-public.ma notices (3)
grade,متصرف من الدرجة الثالثة لفائدة كلية الطب والصيدلة وجدة.,Administrateur de troisième grade au profit de la Faculté de Médecine et de Pharmacie Oujda.,emploi-public.ma notices (4)
grade,اطار مكلف بادارة قواعد البيانات و تدبير البيانات,Administrateur des bases des données et gestion des données,emploi-public.ma notices (3)
grade,متصرف الطبقة الثانية,Administrateur deuxiéme classe,simulation.mmsp.gov.ma
grade,متصرف الطبقة الأولى,Administrateur premiére classe,simulation.mmsp.gov.ma
grade,منصب متصرف ممتاز,Administrateur principal,simulation.mmsp.gov.ma
grade,متصرف تربوي من الدرجة الأولى,Administrateur pédagogique 1er grade,simulation.mmsp.gov.ma
grade,متصرف تربوي من الدرجة الممتازة,Administrateur pédagogique grade principal,simulation.mmsp.gov.ma
grade,عون مالي,Agent comptable et financier,emploi-public.ma notices (4)
grade,عون مناول,Agent de manutention,simulation.mmsp.gov.ma
grade,أعوان الإشراف,Agent de maîtrise,simulation.mmsp.gov.ma
grade,عون في التقنين,Agent en Régulation,emploi-public.ma notices (5)
grade,وكيل عمليات جوية,Agent opérations,emploi-public.ma notices (3)
grade,عون متعدد المهام,Agent polyvalent,emploi-public.ma notices (3)
grade,عون مختص,Agent spécialisé,simulation.mmsp.gov.ma
grade,عون تقني للجمارك من الدرجة الأولى,Agent technique des Douanes de 1er grade,simulation.mmsp.gov.ma
grade,عون تقني للجمارك من الدرجة الثانية,Agent technique des Douanes de 2ème grade,simulation.mmsp.gov.ma
grade,عون تقني للجمارك من الدرجة الثالثة,Agent technique des Douanes de 3ème grade,simulation.mmsp.gov.ma
grade,أعوان التنفيذ,Agents d'exécution,emploi-public.ma notices (3)
grade,اعوان تمكين ممتاز,Agents de haute maitrise,emploi-public.ma notices (3)
grade,أعوان متعاقدين,Agents à contrat,emploi-public.ma notices (3)
grade,طابع مساعد,Aide imprimeur,simulation.mmsp.gov.ma
grade,معاون صحي,Aide sanitaire,simulation.mmsp.gov.ma
grade,محلل أمن نظم المعلومات,Analyste Sécurité des Systèmes d’Information,emploi-public.ma notices (4)
grade,مهندس معماري,Architecte,emploi-public.ma notices (31)
grade,مهندس معماري (رجل/امرأة),Architecte (H/F),emploi-public.ma notices (3)
grade,مهندس معماري من الدرجة الأولى,Architecte 1er grade,emploi-public.ma notices (79)
grade,مهندس معماري للجمارك من الدرجة الأولى,Architecte des Douanes de 1er grade,simulation.mmsp.gov.ma
grade,مهندس معماري للجمارك من الدرجة الممتازة,Architecte des Douanes grade principal,simulation.mmsp.gov.ma
grade,مهندس معماري رئيس للجمارك من الدرجة الأولى,Architecte en chef des Douanes de 1er grade,simulation.mmsp.gov.ma
grade,مهندس معماري رئيس للجمارك من الدرجة الممتازة,Architecte en chef des Douanes grade principal,simulation.mmsp.gov.ma
grade,مهندس معماري رئيس من الدرجة الممتازة,Architecte en chef grade principal,simulation.mmsp.gov.ma
grade,مهندس معماري رئيس من الدرجة الأولى,Architecte en chef premier grade,simulation.mmsp.gov.ma
grade,مهندس معماري من الدرجة الممتازة,Architecte grade principal,simulation.mmsp.gov.ma
grade,"مساعد بمؤسسات نكوين الأطر الدرجة ""ب""","Assistant des établissements de formation des cadres du grade ""B""",simulation.mmsp.gov.ma
grade,"مساعد بمؤسسات التكوين المهني الدرجة ""أ""","Assistant des établissemnts de formation des cadres du grade ""A""",simulation.mmsp.gov.ma
grade,"مساعد من الدرجة ""أ"" (الطب والصيدلة)","Assistant du grade ""A"" (médecine et pharmacie)",simulation.mmsp.gov.ma
grade,"مساعد من الدرجة ""أ"" (نظام 26/02/1975)","Assistant du grade ""A"" (Statut du 26/02/1975)",simulation.mmsp.gov.ma
grade,"مساعد من الدرجة ""ب"" (الطب والصيدلة)","Assistant du grade ""B"" (médecine et pharmacie)",simulation.mmsp.gov.ma
grade,"مساعد من الدرجة ""ب"" (نظام 26/02/1975)","Assistant du grade ""B"" (Statut du 26/02/1975)",simulation.mmsp.gov.ma
grade,مساعد في المجال الطبي الاجتماعي من الدرجة الأولى,Assistant médico,emploi-public.ma notices (15)
grade,مساعد في المجال الطبي الاجتماعي من الدرجة الاستثنائية,Assistant médico-social de grade exceptionnel,simulation.mmsp.gov.ma
grade,مساعد في المجال الطبي الاجتماعي من الدرجة الممتازة,Assistant médico-social de grade principal,simulation.mmsp.gov.ma
grade,مساعد في المجال الطبي الاجتماعي من الدرجة الأولى,Assistant médico-social de premier grade,simulation.mmsp.gov.ma
grade,مساعد تربوي من الدرجة الأولى,Assistant pédagogique 1er grade,simulation.mmsp.gov.ma
grade,مساعد تربوي من الدرجة الثانية,Assistant pédagogique 2ème grade,simulation.mmsp.gov.ma
grade,مساعد تربوي من الدرجة الثالثة,Assistant pédagogique 3ème grade,simulation.mmsp.gov.ma
grade,مساعد تربوي من الدرجة الرابعة,Assistant pédagogique 4ème grade,simulation.mmsp.gov.ma
grade,مساعد تربوي من الدرجة الخامسة,Assistant pédagogique 5ème grade,simulation.mmsp.gov.ma
grade,مساعدة المدير,Assistante de Direction,emploi-public.ma notices (4)
grade,كاتبة ادارية,ASSISTANTE DE DIRECTION,emploi-public.ma notices (6)
grade,ملحق ثالث للشؤون الخارجية,Attaché des affaires étrangères 3ème grade,simulation.mmsp.gov.ma
grade,ملحق رابع للشؤون الخارجية,Attaché des affaires étrangères 4ème grade,simulation.mmsp.gov.ma
grade,مدقق داخلي,Auditeur Interne,emploi-public.ma notices (5)
grade,مدقق(ة) داخلي,Auditeur Interne (H/F),emploi-public.ma notices (3)
grade,مدقق نظم المعلومات,Auditeur SI,emploi-public.ma notices (4)
grade,إعلان توظيف (01) رئيس مشاريع (F/H) لشركة العمران الدار البيضاء سطات,AVIS DE RECRUTEMENT (01) CHEF DE PROJETS (H/F),emploi-public.ma notices (3)
grade,إعلان توظيف (01) رئيس مشاريع (F/H) لشركة العمران جهة الشرق,AVIS DE RECRUTEMENT (01) CHEF DE PROJETS (H/F) SOCIETE AL OMRANE REGION DE L’ORIENTAL,emploi-public.ma notices (3)
grade,مقدم,Brigadier,simulation.mmsp.gov.ma
grade,مقدم رئيس,Brigadier chef,simulation.mmsp.gov.ma
grade,محلل أعمال,Business Analyst,emploi-public.ma notices (3)
grade,إطار,cadre,emploi-public.ma notices (4)
grade,إطار المشتريات والدعم,Cadre Achats & Support,emploi-public.ma notices (3)
grade,إطار إداري ومالي,Cadre Administratif et Financier,emploi-public.ma notices (4)
grade,إطار مراقب التسيير,Cadre contrôleur de gestion,emploi-public.ma notices (3)
grade,أطر التدبير والإشراف الدرجة أ,Cadre de gestion et d'encadrement A,emploi-public.ma notices (4)
grade,أطر التدبير والإشراف الدرجة ب,Cadre de gestion et d'encadrement B,emploi-public.ma notices (8)
grade,إطار مالي,Cadre Financier,emploi-public.ma notices (7)
grade,اطار في المالية و المحاسبة,Cadre Financier et Comptable,emploi-public.ma notices (6)
grade,إطار في تدبير أمن الأنظمة المعلوماتية,Cadre Gestionnaire de la Sécurité des Systèmes d'Information,emploi-public.ma notices (3)
grade,اطار في التقنين,Cadre Gestionnaire en Régulation,emploi-public.ma notices (4)
grade,إطار قانوني,Cadre Juriste,emploi-public.ma notices (6)
grade,اطار قانوني,Cadre Juriste,emploi-public.ma notices (4)
grade,اطار في الموارد البشرية,Cadre Ressources Humaines,emploi-public.ma notices (5)
grade,اطر مسؤولة,Cadres Responsables,emploi-public.ma notices (3)
grade,قائد,Caid,simulation.mmsp.gov.ma
grade,قائد ممتاز,Caid pricipal,simulation.mmsp.gov.ma
grade,أمين سر أول,Chancelier 1er grade,simulation.mmsp.gov.ma
grade,أمين سر ثاني,Chancelier 2ème grade,simulation.mmsp.gov.ma
grade,أمين سر من الدرجة الثالثة,Chancelier 3ème grade,simulation.mmsp.gov.ma
grade,أمين سر من الدرجة الرابعة,Chancelier 4ème grade,simulation.mmsp.gov.ma
grade,مكلف بإنتاج و بيع منتجات التأمينات,Chargé de production et suivi des ventes,emploi-public.ma notices (3)
grade,إطار عالي Chargé(e) de Contentieux,Chargé(e) de Contentieux,emploi-public.ma notices (3)
grade,مكلف بالشراكات,Chargé(e) des Partenariats,emploi-public.ma notices (3)
grade,سائق,Chauffeur,emploi-public.ma notices (9)
grade,رئيس معمل,Chef d'atelier,simulation.mmsp.gov.ma
grade,رئيس معمل ممتاز,Chef d'atelier principal,simulation.mmsp.gov.ma
grade,قائد فريق,CHEF D'EQUIPE,emploi-public.ma notices (4)
grade,رئيس مشروع التحول الرقمي والذكاء الاصطناعي,Chef de Projet Transformation Digitale et IA,emploi-public.ma notices (3)
grade,رئيس أشغال من الدرجة الثانية,Chef de travaux deuxième grade,simulation.mmsp.gov.ma
grade,رئيس أشغال من الدرجة الثالثة,Chef de travaux troisième grade,simulation.mmsp.gov.ma
grade,جراح أسنان من الدرجة الإستثنائية,Chirurgien dentiste grade exceptionnel,simulation.mmsp.gov.ma
grade,جراح أسنان من الدرجة الممتازة,Chirurgien dentiste grade principal,simulation.mmsp.gov.ma
grade,جراح أسنان خارج الدرجة,Chirurgien dentiste hors grade,simulation.mmsp.gov.ma
grade,جراح أسنان من الدرجة الأولى,Chirurgien dentiste premier grade,simulation.mmsp.gov.ma
grade,جراح الأسنان المختص من الدرجة الإستثنائية,Chirurgien dentiste spécialiste grade exceptionnel,simulation.mmsp.gov.ma
grade,جراح الأسنان المختص من الدرجة الممتازة,Chirurgien dentiste spécialiste grade principal,simulation.mmsp.gov.ma
grade,جراح الأسنان المختص خارج الدرجة,Chirurgien dentiste spécialiste hors grade,simulation.mmsp.gov.ma
grade,جراح الأسنان المختص من الدرجة الأولى,Chirurgien dentiste spécialiste premier grade,simulation.mmsp.gov.ma
grade,قائد هيئة,Commandant de groupement,simulation.mmsp.gov.ma
grade,قائد هيئة ممتاز,Commandant de groupement principal,simulation.mmsp.gov.ma
grade,قائد أمن,Commandant de paix,simulation.mmsp.gov.ma
grade,قائد أمن إقليمي,Commandant de paix divisionnaire,simulation.mmsp.gov.ma
grade,قائد أمن ممتاز,Commandant de paix principal,simulation.mmsp.gov.ma
grade,قائد السجون مساعد من الدرجة الأولى,Commandant pénitentiaire adjoint 1er grade,emploi-public.ma notices (4)
grade,قائد السجون مساعد من الدرجة الثانية,Commandant pénitentiaire adjoint 2ème grade,emploi-public.ma notices (3)
grade,قائد مربي,Commandant éducateur,simulation.mmsp.gov.ma
grade,قائد مربي ممتاز,Commandant éducateur principal,simulation.mmsp.gov.ma
grade,عميد الشرطة,Commissaire de police,simulation.mmsp.gov.ma
grade,عميد شرطة إقليمي,Commissaire de police divisionnaire,simulation.mmsp.gov.ma
grade,عميد الشرطة ممتاز,Commissaire de police principal,simulation.mmsp.gov.ma
grade,منتدب قضائي من الدرجة الثانية,Commissaire Judiciaire 2ème grade,emploi-public.ma notices (7)
grade,منتدب قضائي من الدرجة الثالثة,Commissaire Judiciaire 3ème grade,simulation.mmsp.gov.ma
grade,منتدب قضائي من الدرجة الأولى,Commissaire judiciaire de 1er grade,simulation.mmsp.gov.ma
grade,منتدب قضائي من الدرجة الممتازة,Commissaire judiciaire de grade principal,simulation.mmsp.gov.ma
grade,محاسب,Comptable,emploi-public.ma notices (14)
grade,مستشار الشؤون الخارجية,Conseiller des affaires étrangères,emploi-public.ma notices (3)
grade,مستشار في التوجيه التربوي من الدرجة الممتازة,Conseiller en orientation de l'éducation grade principal,simulation.mmsp.gov.ma
grade,مستشار في التخطيط التربوي من الدرجة الممتازة,Conseiller en planification de l'éducation grade principal,simulation.mmsp.gov.ma
grade,مستشار قانوني من الدرجة الثانية,Conseiller juridique du deuxième grade,simulation.mmsp.gov.ma
grade,مستشار قانوني من الدرجة الأولى,Conseiller juridique du premier grade,simulation.mmsp.gov.ma
grade,مستشار قانوني من الدرجة الإستثنائية,Conseiller juridique grade exceptionnel,simulation.mmsp.gov.ma
grade,محافظ قضائي من الدرجة الثانية,conservateur judiciaire 2ième grade,emploi-public.ma notices (4)
grade,عون الإشراف رئيس,Contremaître,simulation.mmsp.gov.ma
grade,مراقب عام,Contrôleur général,simulation.mmsp.gov.ma
grade,امتحان الكفاءة المهنية — المجلس الأعلى للحسابات,Examen d'aptitude professionnelle — Cour des comptes,emploi-public.ma notices (3)
grade,امتحان الكفاءة المهنية — المندوبية العامة لإدارة السجون وإعادة الإدماج,Examen d'aptitude professionnelle — Délégation générale à l'administration pénitentiaire et à la réinsertion,emploi-public.ma notices (7)
grade,امتحان الكفاءة المهنية — المندوبية السامية للتخطيط,Examen d'aptitude professionnelle — Haut commissariat au plan,emploi-public.ma notices (6)
grade,امتحان الكفاءة المهنية — الوزارة المكلفة بالمغاربة المقيمين بالخارج,Examen d'aptitude professionnelle — Ministère chargée des Marocains résidant à l’Étranger,emploi-public.ma notices (3)
grade,امتحان الكفاءة المهنية — وزارة الشباب والثقافة والتواصل - قطاع الثقافة,"Examen d'aptitude professionnelle — Ministère de la Jeunesse, de la Culture et de la Communication - Département de la Culture",emploi-public.ma notices (3)
grade,امتحان الكفاءة المهنية — وزارة العدل,Examen d'aptitude professionnelle — Ministère de la justice,emploi-public.ma notices (5)
grade,امتحان الكفاءة المهنية — وزارة الصحة والحماية الاجتماعية,Examen d'aptitude professionnelle — Ministère de la Santé et de la Protection sociale,emploi-public.ma notices (12)
grade,امتحان الكفاءة المهنية — وزارة الانتقال الطاقي والتنمية المستدامة - قطاع الانتقال الطاقي,Examen d'aptitude professionnelle — Ministère de la Transition énergétique et du Développement durable - Département de la Transition énergétique,emploi-public.ma notices (5)
grade,امتحان الكفاءة المهنية — وزارة الانتقال الطاقي والتنمية المستدامة - قطاع التنمية المستدامة,Examen d'aptitude professionnelle — Ministère de la Transition énergétique et du Développement durable - Département du Développement durable,emploi-public.ma notices (5)
grade,امتحان الكفاءة المهنية — وزارة إعداد التراب الوطني والتعمير والإسكان وسياسة المدينة,"Examen d'aptitude professionnelle — Ministère de l’Aménagement du territoire national, de l’Urbanisme, de l’Habitat et de la Politique de la ville",emploi-public.ma notices (3)
grade,امتحان الكفاءة المهنية — وزارة التربية الوطنية والتعليم الأولي والرياضة - قطاع التربية الوطنية,"Examen d'aptitude professionnelle — Ministère de l’Education nationale, du Préscolaire et des Sports - Département de l’Education nationale",emploi-public.ma notices (3)
grade,امتحان الكفاءة المهنية — وزارة الإدماج الاقتصادي والمقاولة الصغرى والتشغيل والكفاءات - قطاع التكوين المهني,"Examen d'aptitude professionnelle — Ministère de l’Inclusion économique, de la Petite entreprise, de l’Emploi et des Compétences - Département de la Formation professionnelle",emploi-public.ma notices (7)
grade,امتحان الكفاءة المهنية — وزارة الصناعة والتجارة,Examen d'aptitude professionnelle — Ministère de l’Industrie et du Commerce,emploi-public.ma notices (8)
grade,امتحان الكفاءة المهنية — وزارة الداخلية -المديرية العامة للوقاية المدنية-,Examen d'aptitude professionnelle — Ministère de l’intérieur -Direction Générale de la Protection Civile-,emploi-public.ma notices (6)
grade,امتحان الكفاءة المهنية — وزارة الأوقاف والشؤون الإسلامية,Examen d'aptitude professionnelle — Ministère des habous et des affaires islamiques,emploi-public.ma notices (4)
grade,امتحان الكفاءة المهنية — وزارة السياحة والصناعة التقليدية والاقتصاد الاجتماعي والتضامني - قطاع السياحة,"Examen d'aptitude professionnelle — Ministère du Tourisme, de l’Artisanat et de l’Economie sociale et solidaire - Département du Tourisme",emploi-public.ma notices (3)
grade,امتحان الكفاءة المهنية — الوزارة المنتدبة لدى رئيس الحكومة المكلفة بالعلاقات مع البرلمان,Examen d'aptitude professionnelle — Ministère délégué auprès du chef du gouvernement chargé des relations avec le parlement,emploi-public.ma notices (6)
grade,خبير,Expert,emploi-public.ma notices (7)
grade,حارس الأمن,Gardien de la paix,simulation.mmsp.gov.ma
grade,حارس للجمارك من الدرجة الأولى,Gardien des Douanes de 1er grade,simulation.mmsp.gov.ma
grade,حارس الجمارك من الدرجة الثانية,Gardien des Douanes de 2ème grade,simulation.mmsp.gov.ma
grade,حارس الجمارك من الدرجة الثالثة,Gardien des Douanes de 3ème grade,simulation.mmsp.gov.ma
grade,مكلف بتدبير التكوين,Gestionnaire formation,emploi-public.ma notices (3)
grade,مدبر معلوميات,Gestionnaire informatique (Agent de maitrise),emploi-public.ma notices (3)
grade,مدبر النزاعات القضائية,Gestionnaire juridique et contentieux (Agent de maitrise),emploi-public.ma notices (3)
grade,مدبر تقني,Gestionnaire technique (Agent de maitrise),emploi-public.ma notices (3)
grade,عامل,Gouverneur,simulation.mmsp.gov.ma
grade,عامل ممتاز,Gouverneur principal,simulation.mmsp.gov.ma
grade,مفتش من الدرجة الممتازة,Grade exceptionnel d'inspecteur de l'administration territoriale,simulation.mmsp.gov.ma
grade,مفتش للمالية من الدرجة الممتازة,Grade exceptionnel d'inspecteur des finances,simulation.mmsp.gov.ma
grade,التشحيم,GRAISSEUR,emploi-public.ma notices (4)
grade,ممرض,Infirmier,emploi-public.ma notices (4)
grade,ممرض مساعد من الدرجة الاستثنائية,Infirmier auxiliaire de grade exceptionnel,simulation.mmsp.gov.ma
grade,ممرض مساعد من الدرجة الممتازة,Infirmier auxiliaire de grade principal,simulation.mmsp.gov.ma
grade,ممرض مساعد من الدرجة الثانية,Infirmier auxiliaire du deuxiéme grade,simulation.mmsp.gov.ma
grade,ممرض مساعد من الدرجة الأولى,Infirmier auxiliaire du premier grade,simulation.mmsp.gov.ma
grade,ممرض من الدرجة الاستثنائية,Infirmier de grade exceptionnel,simulation.mmsp.gov.ma
grade,ممرض من الدرجة الممتازة,Infirmier de grade principal,simulation.mmsp.gov.ma
grade,ممرض من الدرجة الأولى,Infirmier de premier grade,simulation.mmsp.gov.ma
grade,ممرض مجاز من الدولة من الدرجة الأولى,Infirmier diplômé d'Etat de 1er grade,emploi-public.ma notices (5)
grade,مهندس دولة في الهندسة المدنية,INGENIEUR D’ETAT EN GENIE CIVIL,emploi-public.ma notices (5)
grade,مهندس طبوغرافي,INGENIEUR TOPOGRAPHE,emploi-public.ma notices (3)
grade,مهندس تخصص بنايات,Ingénieur Bâtiment,emploi-public.ma notices (4)
grade,مهندس مكلف بتنفيذ المشاريع (متعاقد),Ingénieur chargé de l'exécution des projets (contractuel),emploi-public.ma notices (4)
grade,مهندس التطبيق من الدرجة الممتازة,Ingénieur d'application grade principal,simulation.mmsp.gov.ma
grade,مهندس التطبيق من الدرجة الأولى,Ingénieur d'application premier grade,simulation.mmsp.gov.ma
grade,مهندس دولة من الدرجة الأولى,Ingénieur d'Etat 1er grade,emploi-public.ma notices (323)
grade,مهندس دولة في الطبوغرافية,Ingénieur d'Etat en Topographie,emploi-public.ma notices (3)
grade,مهندس دولة من الدرجة الممتازة,Ingénieur d'Etat grade principal,simulation.mmsp.gov.ma
grade,مهندس الدولة للجمارك من الدرجة الأولى,Ingénieur d’Etat des Douanes de 1er grade,emploi-public.ma notices (4)
grade,مهندس دولة من الدرجة الاولى لفائدة المدرسة الوطنية للذكاء الاصطناعي والرقمنة ببركان.,Ingénieur d’état premier grade au profit de l’Ecole Nationale d’Intelligence Artificielle et du Digital Berkane.,emploi-public.ma notices (3)
grade,مهندس رئيس للجمارك من الدرجة الأولى,Ingénieur en Chef des Douanes de 1er grade,simulation.mmsp.gov.ma
grade,مهندس رئيس للجمارك من الدرجة الممتازة,Ingénieur en Chef des Douanes grade principal,simulation.mmsp.gov.ma
grade,مهندس رئيس من الدرجة الممتازة,Ingénieur en chef grade principal,simulation.mmsp.gov.ma
grade,مهندس رئيس من الدرجة الأولى,Ingénieur en chef premier grade,simulation.mmsp.gov.ma
grade,مهندس في النظم المعلوماتية,Ingénieur Gestionnaire des Systèmes d'Information,emploi-public.ma notices (3)
grade,مهندس في الهندسة المدنية,Ingénieur Génie Civil,emploi-public.ma notices (3)
grade,مهندس شبكات (رجل/امرأة),Ingénieur Réseaux (H/F),emploi-public.ma notices (3)
grade,مهندس تخصص أشغال شبكة الطرق المختلفة,Ingénieur VRD,emploi-public.ma notices (3)
grade,مفتش مساعد للشغل من الدرجة الأولى,Inspecteur adjoint du travail de 1er grade,simulation.mmsp.gov.ma
grade,مفتش مساعد للشغل من الدرجة الثانية,Inspecteur adjoint du travail de 2ème grade,simulation.mmsp.gov.ma
grade,مفتش مساعد للشغل من الدرجة الثالثة,Inspecteur adjoint du travail de 3ème grade,simulation.mmsp.gov.ma
grade,مقتش مساعد للشغل من الدرجة الرابعة,Inspecteur adjoint du travail de 4ème grade,simulation.mmsp.gov.ma
grade,مفتش الإدارة الترابية,Inspecteur de l'administration territoriale,simulation.mmsp.gov.ma
grade,مفتش رئيس بعثة,Inspecteur de l'administration territoriale chef de mission,simulation.mmsp.gov.ma
grade,مفتش الشرطة,Inspecteur de police,simulation.mmsp.gov.ma
grade,مفتش شرطة ممتاز,Inspecteur de police principal,simulation.mmsp.gov.ma
grade,مفتش الشؤون المالية من الدرجة الأولى,Inspecteur des affaires financières 1er grade,simulation.mmsp.gov.ma
grade,مفتش الشؤون المالية من الدرجة الممتازة,Inspecteur des affaires financières grade principal,simulation.mmsp.gov.ma
grade,مفتش الجمارك من الدرجة الأولى,Inspecteur des Douanes de 1er grade,simulation.mmsp.gov.ma
grade,مفتش الجمارك من الدرجة الثانية,Inspecteur des Douanes de 2ème grade,simulation.mmsp.gov.ma
grade,مفتش الجمارك من الدرجة الثالثة,Inspecteur des Douanes de 3ème grade,simulation.mmsp.gov.ma
grade,مفتش الجمارك من الدرجة الرابعة,Inspecteur des Douanes de 4ème grade,simulation.mmsp.gov.ma
grade,مفتش المالية,Inspecteur des Finances,simulation.mmsp.gov.ma
grade,مفتش للمالية رئيس بعثة,Inspecteur des finances chef de mission,simulation.mmsp.gov.ma
grade,مفتش الشغل من الدرجة الأولى,Inspecteur du travail de 1er grade,simulation.mmsp.gov.ma
grade,مفتش الشغل من الدرجة الثانية,Inspecteur du travail de 2ème grade,emploi-public.ma notices (3)
grade,مفتش الشغل من الدرجة الثالثة,Inspecteur du travail de 3ème grade,emploi-public.ma notices (3)
grade,مفتش في التوجيه التربوي من الدرجة الممتازة,Inspecteur en orientation de l'éducation grade principal,simulation.mmsp.gov.ma
grade,مفتش في التخطيط التربوي من الدرجة الممتازة,Inspecteur en planification de l'éducation grade principal,simulation.mmsp.gov.ma
grade,مفتش ممتاز للتعليم الفني (موظفي التفتيش و التعليم الفني المزاولون لمهام اخرى),Inspecteur principal de l'enseignement artistique (Personnel d'inspection et d'enseignement artistique exerçant d'autres fonctions),simulation.mmsp.gov.ma
grade,مفتش ممتاز للتعليم الفني (موظفي التفتيش و التعليم الفني المزاولون لمهام التدريس أو التفتيش),Inspecteur principal de l'enseignement artistique (Personnel d'inspection et d'enseignement artistique exerçant des fonctions d'enseignement ou d'inspection),simulation.mmsp.gov.ma
grade,مفتش ممتاز للجمارك,Inspecteur principal des Douanes,simulation.mmsp.gov.ma
grade,مفتش تربوي للتعليم الابتدائي من الدرجة الممتازة,Inspecteur pédagogique de l'enseignement primaire grade principal,simulation.mmsp.gov.ma
grade,مفتش تربوي للتعليم الثانوي الإعدادي من الدرجة الأولى,Inspecteur pédagogique de l'enseignement secondaire collégial 1er grade,simulation.mmsp.gov.ma
grade,مفتش تربوي للتعليم الثانوي الإعدادي من الدرجة الممتازة,Inspecteur pédagogique de l'enseignement secondaire collégial grade principal,simulation.mmsp.gov.ma
grade,مفتش تربوي للتعليم الثانوي التأهيلي من الدرجة الأولى,Inspecteur pédagogique de l'enseignement secondaire qualifié 1er grade,simulation.mmsp.gov.ma
grade,مفتش تربوي للتعليم الثانوي التأهيلي من الدرجة الممتازة,Inspecteur pédagogique de l'enseignement secondaire qualifié grade principal,simulation.mmsp.gov.ma
grade,مفتش تربوي للأسلاك ما بعد البكالوريا من الدرجة الأولى,Inspecteur pédagogique des cycles post-baccalauréat 1er grade,simulation.mmsp.gov.ma
grade,مفتش تربوي للأسلاك ما بعد البكالوريا من الدرجة الممتازة,Inspecteur pédagogique des cycles post-baccalauréat grade principal,simulation.mmsp.gov.ma
grade,داخلي,Interne,emploi-public.ma notices (4)
grade,إطار في القانون,Juriste,emploi-public.ma notices (3)
grade,خليفة قائد من الدرجة الأولى,Khalifa de caid de 1er grade,simulation.mmsp.gov.ma
grade,خليفة قائد من الدرجة الثانية,Khalifa de Caïd de 2ème Grade,simulation.mmsp.gov.ma
grade,خليفة قائد ممتاز,Khalifa de de caid principal,simulation.mmsp.gov.ma
grade,مروض من الدرجة الاستثنائية,Kinésithérapeute de grade exceptionnel,simulation.mmsp.gov.ma
grade,مروض من الدرجة الممتازة,kinésithérapeute de grade principal,simulation.mmsp.gov.ma
grade,مروض من الدرجة الأولى,kinésithérapeute de premier grade,simulation.mmsp.gov.ma
grade,القضاة النواب من الدرجة الثانية,Magistrat adjoint du deuxiéme grade,simulation.mmsp.gov.ma
grade,القضاة النواب من الدرجة الثالثة,Magistrat adjoint du troisiéme grade,simulation.mmsp.gov.ma
grade,قاضي من الدرجة الممتازة,Magistrat de grade principal,simulation.mmsp.gov.ma
grade,قاضي من الدرجة الثانية (القضاة),Magistrat du deuxiéme grade (Magistrats),simulation.mmsp.gov.ma
grade,قاضي من الدرجة الثانية (أطر المجلس الأعلى للحسابات),Magistrat du deuxiéme grade (Regroupement des cadres de la cour des comptes),simulation.mmsp.gov.ma
grade,قاضي من الدرجة الإستثنائية (أطر المجلس الأعلى للحسابات),Magistrat du grade exceptionnel (Regroupement des cadres de la cour des comptes),simulation.mmsp.gov.ma
grade,قاضي من الدرجة الأولى (القضاة),Magistrat du premier grade (Magistrats),simulation.mmsp.gov.ma
grade,قاضي من الدرجة الثالثة (القضاة),Magistrat du troisiéme grade (Magistrats),simulation.mmsp.gov.ma
grade,قاضي من الدرجة الثالثة (أطر المجلس الأعلى للحسابات),Magistrat du troisiéme grade (Regroupement des cadres de la cour des comptes),simulation.mmsp.gov.ma
grade,أستاذ محاضر بالمدرسة العليا للتربية و التكوين بالجديدة,maitre de conférence,emploi-public.ma notices (11)
grade,أستاذ محاضر لفائدة كلية العلوم بالجديدة,maitre de conférence,emploi-public.ma notices (12)
grade,أستاذ محاضر لفائدة كلية الآداب و العلوم الانسانية بالجديدة,maitre de conférence,emploi-public.ma notices (6)
grade,أستاذ محاضر لفائدة المدرسة الوطنية للعلوم التطبيقية بالجديدة,maitre de conférence,emploi-public.ma notices (4)
grade,أستاذ محاضر لفائدة كلية العلوم القانونية و الاقتصادية و الاجتماعية بالجديدة,maitre de conférence,emploi-public.ma notices (5)
grade,أستاذ محاضر بالمدرسة الوطنية العليا للفنون والمهن,Maitre de conférence au profit de l'Ecole Nationale Supérieure des Arts et Métiers,emploi-public.ma notices (5)
grade,أستاذ محاضر لفائدة المدرسة العليا للأساتذة,Maitre de Conférence au profit de l'Ecole normale supérieure,emploi-public.ma notices (8)
grade,أستاذ محاضر بالمدرسة العليا لأساتذة التعليم التقني بالمحمدية,Maitre de conférence au profit de l'Ecole Normale Supérieure de l'Enseignement Technique à Mohammedia,emploi-public.ma notices (4)
grade,أستاذ محاضر بكلية العلوم عين الشق,Maitre de conférence au profit de la Faculté des Sciences Ain chock,emploi-public.ma notices (3)
grade,أستاذ محاضر لفائدة كلية العلوم عين الشق,Maitre de Conférence au profit de la Faculté des Sciences Ainchock,emploi-public.ma notices (3)
grade,أستاذ محاضر لفائدة كلية العلوم بنمسيك,Maitre de Conférence au profit de la Faculté des Sciences Ben Msick,emploi-public.ma notices (3)
grade,أستاذ محاضر لفائدة كلية العلوم والتقنيات بالمحمدية,Maitre de Conférence au profit de la Faculté des Sciences et Techniques à Mohamadia,emploi-public.ma notices (4)
grade,أستاذ محاضر بكلية العلوم والتقنيات بالمحمدية,Maitre de conférence au profit de la Faculté des Sciences et Techniques à Mohammedia,emploi-public.ma notices (4)
grade,أستاذ محاضر بالمدرسة العليا للتكنولوجيا بالداخلة تخصص Informatique,Maitre de conférence à la EST Dakhla spécialité Informatique,emploi-public.ma notices (5)
grade,أستاذ محاضر بكلية العلوم القانونية والاقتصادية والاجتماعية بالمحمدية,"Maitre de conférence à la Faculté des Sciences juridiques, économiques et sociales à Mohammedia",emploi-public.ma notices (3)
grade,أستاذ محاضر لفائدة المدرسة الوطنية العليا للصناعة الغذائية والبيوتكنولوجيا بركان,Maitre de conférences au profit de l'Ecole Nationale Supérieure de l'Industrie Alimentaire et des Biotechnologies Berkane,emploi-public.ma notices (10)
grade,أستاذ محاضر لفائدة كلية الاقتصاد والتدبير الناضور,Maitre de conférences au profit de la faculté d'Economie et de Gestion Nador,emploi-public.ma notices (4)
grade,أستاذ محاضر لفائدة كلية الاقتصاد والتدبير تاوريرت,Maitre de conférences au profit de la Faculté d'Economie et de Gestion Taourirt,emploi-public.ma notices (5)
grade,أستاذ محاضر لفائدة كلية الطب والصيدلة وطب الاسنان وجدة.,Maitre de conférences au profit de la Faculté de Médecine et de Pharmacie et de Médecine Dentaire Oujda,emploi-public.ma notices (3)
grade,أستاذ محاضر لفائدة كلية الطب والصيدلة وجدة.,Maitre de conférences au profit de la Faculté de Médecine et de Pharmacie Oujda,emploi-public.ma notices (9)
grade,أستاذ محاضر لفائدة كلية اللغات والآداب والفنون الناضور,"Maitre de conférences au profit de la faculté des langues, des lettres et des arts Nador",emploi-public.ma notices (4)
grade,أستاذ محاضر لفائدة كلية الآداب والعلوم الانسانية بوجدة.,Maitre de conférences au profit de la Faculté des Lettres et des Sciences Humaines Oujda,emploi-public.ma notices (5)
grade,أستاذ محاضر لفائدة كلية العلوم التطبيقية الناضور,Maitre de conférences au profit de la Faculté des Sciences Appliquées Nador,emploi-public.ma notices (4)
grade,أستاذ محاضر لفائدة كلية العلوم والتقنيات تاوريرت,Maitre de conférences au profit de la Faculté des Sciences et Techniques Taourirt,emploi-public.ma notices (8)
grade,أستاذ محاضر لفائدة كلية العلوم بوجدة.,Maitre de conférences au profit de la faculté des Sciences Oujda,emploi-public.ma notices (7)
grade,أستاذ محاضر لفائدة الكلية المتعددة التخصصات الناظور.,Maitre de conférences au profit de la Faculté Pluridisciplinaire Nador,emploi-public.ma notices (18)
grade,أستاذ محاضر لفائدة المدرسة الوطنية للتجارة والتسيير وجدة.,Maitre de conférences au profit de l’Ecole Nationale de Commerce et de Gestion Oujda.,emploi-public.ma notices (4)
grade,أستاذ محاضر لفائدة المدرسة الوطنية للذكاء الاصطناعي والرقمنة ببركان,Maitre de conférences au profit de l’Ecole Nationale d’Intelligence Artificielle et du Digital Berkane.,emploi-public.ma notices (8)
grade,أستاذ محاضر لفائدة المدرسة العليا للتربية والتكوين وجدة.,Maitre de conférences au profit de l’Ecole Supérieure de l'Education et de la Formation Oujda,emploi-public.ma notices (16)
grade,أستاذ محاضر لفائدة المدرسة العليا للتكنولوجيا الناظور.,Maitre de conférences au profit de l’Ecole Supérieure de Technologie Nador.,emploi-public.ma notices (8)
grade,أستاذ محاضر لفائدة المدرسة العليا للتكنولوجيا وجدة.,Maitre de conférences au profit de l’Ecole Supérieure de Technologie Oujda.,emploi-public.ma notices (3)
grade,أستاذ محاضر برئاسة جامعة محمد الاول بوجدة (لفائدة لفائدة كلية الاقتصاد والتدبير بتاوريرت).,Maitre de conférences à la Présidence de L’Université Mohammed Premier Oujda (au profit de la Faculté d'Economie et de Gestion Taourirt).,emploi-public.ma notices (4)
grade,أستاذ محاضر برئاسة جامعة محمد الاول بوجدة (لفائدة لفائدة كلية العلوم والتقنيات بتاوريرت).,Maitre de conférences à la Présidence de L’Université Mohammed Premier Oujda (au profit de la Faculté des Sciences et Techniques Taourirt) .,emploi-public.ma notices (4)
grade,أساتذة محاضرين بكلية الطب و الصيدلة بكلميم,Maitres de conférences à la FMP GUELMIM,emploi-public.ma notices (3)
grade,أساتذة محاضرين بكلية الطب و الصيدلة بالعيون,Maitres de conférences à la FMP Laâyoune,emploi-public.ma notices (4)
grade,أساتذة محاضرين بكلية الطب و الصيدلة بأكادير,Maitres de conférences à la FMPA,emploi-public.ma notices (3)
grade,"أستاذ مساعد بمؤسسات تكوين الأطر الدرجة ""أ""","Maître assistant des établissements de formation des cadres du grade ""A""",simulation.mmsp.gov.ma
grade,"استاذ مساعد بمؤسسات نكوين الأطر الدرجة ""ب""","Maître assistant des établissements de formation des cadres du grade ""B""",simulation.mmsp.gov.ma
grade,"أستاذ مساعد بمؤسسات تكوين الأطر الدرجة ""ج""","Maître assistant des établissemnts de formation des cadres du grade ""C""",simulation.mmsp.gov.ma
grade,"أستاذ مساعد من الدرجة ""أ"" (الطب والصيدلة)","Maître assistant du grade ""A"" (Médecine et Pharmacie)",simulation.mmsp.gov.ma
grade,"أستاذ مساعد من الدرجة ""أ"" (نظام 26/02/1975)","Maître assistant du grade ""A"" (Statut du 26/02/1975)",simulation.mmsp.gov.ma
grade,أستاذ محاضر من الدرجة 'أ' (هيئة الأساتذة الباحثين بالتعليم العالي),Maître de conférence de grade 'A' (Corps des enseignants-chercheurs de l’enseignement supérieur),simulation.mmsp.gov.ma
grade,أستاذ محاضر من الدرجة 'أ' (الأساتذة الباحثين بمؤسسات التعليم العالي غير التابعة للجامعات),Maître de conférence de grade 'A' (Enseignants chercheurs des établissements d'enseignement supérieur ne relevant pas des universités),simulation.mmsp.gov.ma
grade,أستاذ محاضر من الدرجة 'ب' (هيئة الأساتذة الباحثين بالتعليم العالي),Maître de conférence de grade 'B' (Corps des enseignants-chercheurs de l’enseignement supérieur),simulation.mmsp.gov.ma
grade,أستاذ محاضر من الدرجة 'ب' (الأساتذة الباحثين بمؤسسات التعليم العالي غير التابعة للجامعات),Maître de conférence de grade 'B' (Enseignants chercheurs des établissements d'enseignement supérieur ne relevant pas des universités),simulation.mmsp.gov.ma
grade,أستاذ محاضر من الدرجة 'ج' (هيئة الأساتذة الباحثين بالتعليم العالي),Maître de conférence de grade 'C' (Corps des enseignants-chercheurs de l’enseignement supérieur),simulation.mmsp.gov.ma
grade,أستاذ محاضر من الدرجة 'ج' (الأساتذة الباحثين بمؤسسات التعليم العالي غير التابعة للجامعات),Maître de conférence de grade 'C' (Enseignants chercheurs des établissements d'enseignement supérieur ne relevant pas des universités),simulation.mmsp.gov.ma
grade,أستاذ محاضر من الدرجة 'د' (هيئة الأساتذة الباحثين بالتعليم العالي),Maître de conférence de grade 'D' (Corps des enseignants-chercheurs de l’enseignement supérieur),simulation.mmsp.gov.ma
grade,أستاذ محاضر من الدرجة 'د' (الأساتذة الباحثين بمؤسسات التعليم العالي غير التابعة للجامعات),Maître de conférence de grade 'D' (Enseignants chercheurs des établissements d'enseignement supérieur ne relevant pas des universités),simulation.mmsp.gov.ma
grade,أستاذ محاضر مؤهل من الدرجة 'أ' (هيئة الأساتذة الباحثين بالتعليم العالي),Maître de conférence habilité de grade 'A' (Corps des enseignants-chercheurs de l’enseignement supérieur),simulation.mmsp.gov.ma
grade,أستاذ محاضر مؤهل من الدرجة 'أ' (الأساتذة الباحثين بمؤسسات التعليم العالي غير التابعة للجامعات),Maître de conférence habilité de grade 'A' (Enseignants chercheurs des établissements d'enseignement supérieur ne relevant pas des universités),simulation.mmsp.gov.ma
grade,أستاذ محاضر مؤهل من الدرجة 'ب' (هيئة الأساتذة الباحثين بالتعليم العالي),Maître de conférence habilité de grade 'B' (Corps des enseignants-chercheurs de l’enseignement supérieur),simulation.mmsp.gov.ma
grade,أستاذ محاضر مؤهل من الدرجة 'ب' (الأساتذة الباحثين بمؤسسات التعليم العالي غير التابعة للجامعات),Maître de conférence habilité de grade 'B' (Enseignants chercheurs des établissements d'enseignement supérieur ne relevant pas des universités),simulation.mmsp.gov.ma
grade,أستاذ محاضر مؤهل من الدرجة 'ج' (هيئة الأساتذة الباحثين بالتعليم العالي),Maître de conférence habilité de grade 'C' (Corps des enseignants-chercheurs de l’enseignement supérieur),simulation.mmsp.gov.ma
grade,أستاذ محاضر مؤهل من الدرجة 'ج' (الأساتذة الباحثين بمؤسسات التعليم العالي غير التابعة للجامعات),Maître de conférence habilité de grade 'C' (Enseignants chercheurs des établissements d'enseignement supérieur ne relevant pas des universités),simulation.mmsp.gov.ma
grade,أستاذ محاضر بالمدرسة الوطنية العليا للذكاء الاصطناعي وعلوم المعطيات بتارودانت,Maître de conférence à l'Ecole Nationale Supérieure de l'Intelligence Artificielle et Sciences des Données de Taroudant,emploi-public.ma notices (5)
grade,أستاذ محاضر بالمدرسة الوطنية للتربية والتكوين بأكادير,Maître de conférence à l'Ecole Supérieure de l'Education et de la formation d'Agadir,emploi-public.ma notices (9)
grade,أستاذ محاضر بالمدرسة العليا للتكنولوجيا باكادير,Maître de conférence à l'Ecole Supérieure de Technologies d'Agadir,emploi-public.ma notices (4)
grade,أستاذ محاضر بالمدرسة العليا للتكنولوجيا بالداخلة,Maître de conférence à l'Ecole Supérieure de Technologies de Dakhla,emploi-public.ma notices (3)
grade,أستاذ محاضر بالمدرسة العليا للتكنولوجيا بكلميم,Maître de conférence à l'Ecole Supérieure de Technologies de Guelmim,emploi-public.ma notices (3)
grade,أستاذ محاضر بالمدرسة العليا للتكنولوجيا بالعيون,Maître de conférence à l'Ecole Supérieure de Technologies de Laayoune,emploi-public.ma notices (3)
grade,أستاذ محاضر بكلية العلوم بأكادير,Maître de conférence à la Faculté des Sciences d'Agadir,emploi-public.ma notices (3)
grade,أستاذ محاضر من الدرجة أ,Maître de conférences grade A,emploi-public.ma notices (349)
grade,معلم التعليم الفني من الدرجة الثانية (موظفي التفتيش و التعليم الفني المزاولون لمهام اخرى),Maître de l'enseignement artistique du deuxiéme grade (Personnel d'inspection et d'enseignement artistique exerçant d'autres fonctions),simulation.mmsp.gov.ma
grade,معلم التعليم الفني من الدرجة الثانية (موظفي التفتيش و التعليم الفني المزاولون لمهام التدريس أو التفتيش),Maître de l'enseignement artistique du deuxiéme grade (Personnel d'inspection et d'enseignement artistique exerçant des fonctions d'enseignement ou d'inspection),simulation.mmsp.gov.ma
grade,معلم التعلم الفني من الدرجة الأولى (موظفي التفتيش و التعليم الفني المزاولون لمهام اخرى),Maître de l'enseignement artistique du premier grade (Personnel d'inspection et d'enseignement artistique exerçant d'autres fonctions),simulation.mmsp.gov.ma
grade,معلم التعلم الفني من الدرجة الأولى (موظفي التفتيش و التعليم الفني المزاولون لمهام التدريس أو التفتيش),Maître de l'enseignement artistique du premier grade (Personnel d'inspection et d'enseignement artistique exerçant des fonctions d'enseignement ou d'inspection),simulation.mmsp.gov.ma
grade,معلم التعليم الفني من الدرجة الثالثة (موظفي التفتيش و التعليم الفني المزاولون لمهام اخرى),Maître de l'enseignement artistique du troisiéme grade (Personnel d'inspection et d'enseignement artistique exerçant d'autres fonctions),simulation.mmsp.gov.ma
grade,معلم التعليم الفني من الدرجة الثالثة (موظفي التفتيش و التعليم الفني المزاولون لمهام التدريس أو التفتيش),Maître de l'enseignement artistique du troisiéme grade (Personnel d'inspection et d'enseignement artistique exerçant des fonctions d'enseignement ou d'inspection),simulation.mmsp.gov.ma
grade,طبيب من الدرجة الإستثنائية,Medecins grade exceptionnel,simulation.mmsp.gov.ma
grade,طبيب من الدرجة الممتازة,Medecins grade principal,simulation.mmsp.gov.ma
grade,طبيب خارج الدرجة,Medecins hors grade,simulation.mmsp.gov.ma
grade,وزير مفوض,Ministre plénipotentiaire,simulation.mmsp.gov.ma
grade,طبيب مختص من الدرجة الإستثنائية,Médecin spécialiste grade exceptionnel,simulation.mmsp.gov.ma
grade,طبيب مختص من الدرجة الممتازة,Médecin spécialiste grade principal,simulation.mmsp.gov.ma
grade,طبيب مختص خارج الدرجة,Médecin spécialiste hors grade,simulation.mmsp.gov.ma
grade,طبيب مختص من الدرجة الأولى,Médecin spécialiste premier grade,simulation.mmsp.gov.ma
grade,طبيب بيطري من الدرجة الإستثنائية,Médecin Vétérinaire grade exceptionnel,simulation.mmsp.gov.ma
grade,طبيب بيطري من الدرجة الممتازة,Médecin Vétérinaire grade principal,simulation.mmsp.gov.ma
grade,طبيب بيطري خارج الدرجة,Médecin Vétérinaire hors grade,simulation.mmsp.gov.ma
grade,طبيب من الدرجة الأولى,Médecins premier grade,simulation.mmsp.gov.ma
grade,طبيب بيطري من الدرجة الأولى,Médecins veterinaires premier grade,emploi-public.ma notices (29)
grade,ضابط الأمن,Officier de paix,simulation.mmsp.gov.ma
grade,ظابط أمن ممتاز,Officier de paix principal,simulation.mmsp.gov.ma
grade,ضابط الشرطة,Officier de police,simulation.mmsp.gov.ma
grade,ظابط شرطة ممتاز,Officier de police principal,simulation.mmsp.gov.ma
grade,ضابط الميناء,Officier de Port,emploi-public.ma notices (5)
grade,ضابط ميناء,Officier de Port,emploi-public.ma notices (7)
grade,ضابط الجمارك من الدرجة الأولى,Officier des Douanes 1er grade,simulation.mmsp.gov.ma
grade,ضابط الجمارك من الدرجة الثانية,Officier des Douanes 2ème grade,simulation.mmsp.gov.ma
grade,ضابط الجمارك من الدرجة الثالثة,Officier des Douanes 3ème grade,simulation.mmsp.gov.ma
grade,ضابط الجمارك من الدرجة الرابعة,Officier des Douanes 4ème grade,simulation.mmsp.gov.ma
grade,ضابط ممتاز للجمارك,Officier Principal des Douanes,simulation.mmsp.gov.ma
grade,ضابط مربي,Officier éducateur,simulation.mmsp.gov.ma
grade,ضابط مربي ممتاز,Officier éducateur principal,simulation.mmsp.gov.ma
grade,باشا,Pacha,simulation.mmsp.gov.ma
grade,باشا ممتاز,Pacha principal,simulation.mmsp.gov.ma
grade,صيدلي من الدرجة الإستثنائية,Pharmacien grade exceptionnel,simulation.mmsp.gov.ma
grade,صيدلي من الدرجة الممتازة,Pharmacien grade principal,simulation.mmsp.gov.ma
grade,صيدلي خارج الدرجة,Pharmacien hors grade,simulation.mmsp.gov.ma
grade,صيدلي من الدرجة الأولى,Pharmacien premier grade,simulation.mmsp.gov.ma
grade,صيدلي مختص من الدرجة الإستثنائية,Pharmacien spécialiste grade exceptionnel,simulation.mmsp.gov.ma
grade,صيدلي مختص من الدرجة الممتازة,Pharmacien spécialiste grade principal,simulation.mmsp.gov.ma
grade,صيدلي مختص خارج الدرجة,Pharmacien spécialiste hors grade,simulation.mmsp.gov.ma
grade,صيدلي مختص من الدرجة الأولى,Pharmacien spécialiste premier grade,simulation.mmsp.gov.ma
grade,موثق بصري,Photographe,emploi-public.ma notices (3)
grade,عدة مناصب,plusieurs postes,emploi-public.ma notices (7)
grade,أستاذ التعليم العالي مساعد من الدرجة أ,Prof. de l'enseignement supérieur assistant grade A,emploi-public.ma notices (21)
grade,أستاذ التعليم العالي من الدرجة أ,Prof. de l'enseignement supérieur grade A,emploi-public.ma notices (6)
grade,استاذ مساعد للتعليم الفني من الدرجة الثانية (موظفي التفتيش و التعليم الفني المزاولون لمهام اخرى),Professeur adjoint de l'enseignement artistique du deuxiéme grade (Personnel d'inspection et d'enseignement artistique exerçant d'autres fonctions),simulation.mmsp.gov.ma
grade,استاذ مساعد للتعليم الفني من الدرجة الثانية (موظفي التفتيش و التعليم الفني المزاولون لمهام التدريس أو التفتيش),Professeur adjoint de l'enseignement artistique du deuxiéme grade (Personnel d'inspection et d'enseignement artistique exerçant des fonctions d'enseignement ou d'inspection),simulation.mmsp.gov.ma
grade,استاذ مساعد للتعليم الفني من الدرجة الأولى (موظفي التفتيش و التعليم الفني المزاولون لمهام اخرى),Professeur adjoint de l'enseignement artistique du premier grade (Personnel d'inspection et d'enseignement artistique exerçant d'autres fonctions),simulation.mmsp.gov.ma
grade,استاذ مساعد للتعليم الفني من الدرجة الأولى (موظفي التفتيش و التعليم الفني المزاولون لمهام التدريس أو التفتيش),Professeur adjoint de l'enseignement artistique du premier grade (Personnel d'inspection et d'enseignement artistique exerçant des fonctions d'enseignement ou d'inspection),simulation.mmsp.gov.ma
grade,"الأساتذة المبرزون من الدرجة ""أ""","Professeur agrégé de grade ""A"" (médecine et pharmacie)",simulation.mmsp.gov.ma
grade,"الأساتذة المبرزون من الدرجة ""ب""","Professeur agrégé de grade ""B"" (médecine et pharmacie)",simulation.mmsp.gov.ma
grade,"الأساتذة المبرزون من الدرجة ""ج""","Professeur agrégé de grade ""C"" (médecine et pharmacie)",simulation.mmsp.gov.ma
grade,أستاذ مبرز للتربية و التكوين من الدرجة الأولى,Professeur agrégé de l'éducation et de la formation 1er grade,simulation.mmsp.gov.ma
grade,أستاذ مبرز للتربية و التكوين من الدرجة الأولى العامل بالأقسام التحضيرية أو بأقسام تحضير شهادة التقني العالي أو بمراكز التكوين أو بالمؤسسات الجامعية,"Professeur agrégé de l'éducation et de la formation 1er grade (classes préparatoires, BTS, centres de formation, universités)",simulation.mmsp.gov.ma
grade,أستاذ مبرز للتربية و التكوين من الدرجة الأولى العامل بمؤسسات التعليم الثانوي التأهيلي,Professeur agrégé de l'éducation et de la formation 1er grade (secondaire qualifié),simulation.mmsp.gov.ma
grade,أستاذ مبرز للتربية و التكوين من الدرجة الممتازة,Professeur agrégé de l'éducation et de la formation grade principal,simulation.mmsp.gov.ma
grade,أستاذ مبرز للتربية و التكوين من الدرجة الممتازة العامل بالأقسام التحضيرية أو بأقسام تحضير شهادة التقني العالي أو بمراكز التكوين أو بالمؤسسات الجامعية,"Professeur agrégé de l'éducation et de la formation grade principal (classes préparatoires, BTS, centres de formation, universités)",simulation.mmsp.gov.ma
grade,أستاذ مبرز للتربية و التكوين من الدرجة الممتازة العامل بمؤسسات التعليم الثانوي التأهيلي,Professeur agrégé de l'éducation et de la formation grade principal (secondaire qualifié),simulation.mmsp.gov.ma
grade,أستاذ مبرز من الدرجة أ,Professeur Agrégé grade A,emploi-public.ma notices (9)
grade,"الأساتذة المساعدون من الدرجة ""أ""","Professeur assistant de grade ""A"" (Médecine et Pharmacie)",simulation.mmsp.gov.ma
grade,"الأساتذة المساعدون من الدرجة ""ب""","Professeur assistant de grade ""B"" (Médecine et Pharmacie)",simulation.mmsp.gov.ma
grade,"الأساتذة المساعدون من الدرجة ""ج""","Professeur assistant de grade ""C"" (Médecine et Pharmacie)",simulation.mmsp.gov.ma
grade,"الأساتذة المساعدون من الدرجة ""د""","Professeur assistant de grade ""D"" (médecine et pharmacie)",simulation.mmsp.gov.ma
grade,أستاذ مساعد من الدرجة 'أ',Professeur assistant de grade 'A',simulation.mmsp.gov.ma
grade,أستاذ مساعد من الدرجة 'ب',Professeur assistant de grade 'B',simulation.mmsp.gov.ma
grade,أستاذ مساعد من الدرجة 'ج',Professeur assistant de grade 'C',simulation.mmsp.gov.ma
grade,أستاذ مساعد من الدرجة 'د',Professeur assistant de grade 'D',simulation.mmsp.gov.ma
grade,أستاذ التعليم الفني من الدرجة الممتازة (موظفي التفتيش و التعليم الفني المزاولون لمهام اخرى),Professeur de l'enseignement artistique de grade principal (Personnel d'inspection et d'enseignement artistique exerçant d'autres fonctions),simulation.mmsp.gov.ma
grade,أستاذ التعليم الفني من الدرجة الممتازة (موظفي التفتيش و التعليم الفني المزاولون لمهام التدريس أو التفتيش),Professeur de l'enseignement artistique de grade principal (Personnel d'inspection et d'enseignement artistique exerçant des fonctions d'enseignement ou d'inspection),simulation.mmsp.gov.ma
grade,أستاذ التعليم الابتدائي من الدرجة الأولى,Professeur de l'enseignement primaire 1er grade,simulation.mmsp.gov.ma
grade,أستاذ التعليم الابتدائي من الدرجة الممتازة,Professeur de l'enseignement primaire grade principal,simulation.mmsp.gov.ma
grade,أستاذ التعليم الثانوي الإعدادي من الدرجة الأولى,Professeur de l'enseignement secondaire collégial 1er grade,simulation.mmsp.gov.ma
grade,أستاذ التعليم الثانوي الإعدادي من الدرجة الممتازة,Professeur de l'enseignement secondaire collégial grade principal,simulation.mmsp.gov.ma
grade,أستاذ التعليم الثانوي التأهيلي من الدرجة الممتازة,Professeur de l'enseignement secondaire qualifié grade principal,simulation.mmsp.gov.ma
grade,"أستاذ التعليم العالي من الدرجة ""أ""","Professeur de l'enseignement supérieur de grade ""A"" (Médecine et Pharmacie)",simulation.mmsp.gov.ma
grade,"أستاذ التعليم العالي من الدرجة ""ب""","Professeur de l'enseignement supérieur de grade ""B"" (Médecine et Pharmacie)",simulation.mmsp.gov.ma
grade,"أستاذ التعليم العالي من الدرجة ""ج""","Professeur de l'enseignement supérieur de grade ""C"" (Médecine et Pharmacie)",simulation.mmsp.gov.ma
grade,أستاذ التعليم العالي من الدرجة 'أ' (هيئة الأساتذة الباحثين بالتعليم العالي),Professeur de l'enseignement supérieur de grade 'A' (Corps des enseignants-chercheurs de l’enseignement supérieur),simulation.mmsp.gov.ma
grade,أستاذ التعليم العالي من الدرجة 'أ' (الأساتذة الباحثين بمؤسسات التعليم العالي غير التابعة للجامعات),Professeur de l'enseignement supérieur de grade 'A' (Enseignants chercheurs des établissements d'enseignement supérieur ne relevant pas des universités),simulation.mmsp.gov.ma
grade,أستاذ التعليم العالي من الدرجة 'ب' (هيئة الأساتذة الباحثين بالتعليم العالي),Professeur de l'enseignement supérieur de grade 'B' (Corps des enseignants-chercheurs de l’enseignement supérieur),simulation.mmsp.gov.ma
grade,أستاذ التعليم العالي من الدرجة 'ب' (الأساتذة الباحثين بمؤسسات التعليم العالي غير التابعة للجامعات),Professeur de l'enseignement supérieur de grade 'B' (Enseignants chercheurs des établissements d'enseignement supérieur ne relevant pas des universités),simulation.mmsp.gov.ma
grade,أستاذ التعليم العالي من الدرجة 'ج' (هيئة الأساتذة الباحثين بالتعليم العالي),Professeur de l'enseignement supérieur de grade 'C' (Corps des enseignants-chercheurs de l’enseignement supérieur),simulation.mmsp.gov.ma
grade,أستاذ التعليم العالي من الدرجة 'ج' (الأساتذة الباحثين بمؤسسات التعليم العالي غير التابعة للجامعات),Professeur de l'enseignement supérieur de grade 'C' (Enseignants chercheurs des établissements d'enseignement supérieur ne relevant pas des universités),simulation.mmsp.gov.ma
grade,أستاذ التعليم العالي من الدرجة 'د' (هيئة الأساتذة الباحثين بالتعليم العالي),Professeur de l'enseignement supérieur de grade 'D' (Corps des enseignants-chercheurs de l’enseignement supérieur),simulation.mmsp.gov.ma
grade,أستاذ التعليم العالي من الدرجة 'د' (الأساتذة الباحثين بمؤسسات التعليم العالي غير التابعة للجامعات),Professeur de l'enseignement supérieur de grade 'D' (Enseignants chercheurs des établissements d'enseignement supérieur ne relevant pas des universités),simulation.mmsp.gov.ma
grade,أستاذ من الدرجة الأولى,Professeur du 1er grade,simulation.mmsp.gov.ma
grade,أستاذ من الدرجة الثانية,Professeur du 2éme grade,simulation.mmsp.gov.ma
grade,أستاذ مؤطر من الدرجة 'أ',Professeur encadrant de grade 'A',simulation.mmsp.gov.ma
grade,أستاذ مؤطر من الدرجة 'ب',Professeur encadrant de grade 'B',simulation.mmsp.gov.ma
grade,أستاذ مؤطر من الدرجة 'ج',Professeur encadrant de grade 'C',simulation.mmsp.gov.ma
grade,أستاذ مؤطر من الدرجة 'د',Professeur encadrant de grade 'D',simulation.mmsp.gov.ma
grade,أستاذ مؤهل من الدرجة 'أ',Professeur habilité de grade 'A',simulation.mmsp.gov.ma
grade,أستاذ مؤهل من الدرجة 'ب',Professeur habilité de grade 'B',simulation.mmsp.gov.ma
grade,أستاذ مؤهل من الدرجة 'ج',Professeur habilité de grade 'C',simulation.mmsp.gov.ma
grade,أساتذة مبرزين بكلية الطب والصيدلة بالعيون,Professeurs agrégés à la FMPL,emploi-public.ma notices (3)
grade,مسؤول إدارة المشروعات,Project Management Officer,emploi-public.ma notices (3)
grade,والي الأمن,Préfet de police,simulation.mmsp.gov.ma
grade,توظيف متصرف من الدرجة الثانية بكلية طب الأسنان بالدار البيضاء,Recrutement administrateur 2ème grade,emploi-public.ma notices (3)
grade,توظيف متصرف من الدرجة الثانية بكلية الطب و الصيدلة بالدار البيضاء,Recrutement administrateur 2ème grade,emploi-public.ma notices (7)
grade,توظيف متصرف من الدرجة الثالثة بالمدرسة العليا للأساتذة,Recrutement administrateur 3ème grade,emploi-public.ma notices (3)
grade,توظيف تقني من الدرجة الثالثة بالمدرسة العليا للتكنولوجيا,Recrutement technicien 3ème grade,emploi-public.ma notices (3)
grade,توظيف تقني من الدرجة الثالثة بكلية العلوم و التقنيات المحمدية,Recrutement technicien 3ème grade,emploi-public.ma notices (3)
grade,توظيف تقني من الدرجة الثالثة بكلية الطب و الصيدلة الدار البيضاء,Recrutement technicien 3ème grade,emploi-public.ma notices (4)
grade,مسؤول اداري ومالي,Responsable Administratif et Financier,emploi-public.ma notices (10)
grade,محرر من الدرجة الرابعة,Rédacteur 4ème grade,simulation.mmsp.gov.ma
grade,محرر من الدرجة الأولى,Rédacteur de 1er grade,simulation.mmsp.gov.ma
grade,محرر من الدرجة الثانية,Rédacteur de 2eme grade,simulation.mmsp.gov.ma
grade,محرر من الدرجة الثالثة,Rédacteur de 3eme grade,simulation.mmsp.gov.ma
grade,محرر قضائي من الدرجة الثالثة,Rédacteur Judiciaire 3ème grade,simulation.mmsp.gov.ma
grade,محرر قضائي من الدرجة الرابعة,Rédacteur Judiciaire 4ème grade,simulation.mmsp.gov.ma
grade,محرر قضائي من الدرجة الثانية,Rédacteur judiciaire de 2ème grade,simulation.mmsp.gov.ma
grade,محرر قضائي من الدرجة الممتازة,Rédacteur judiciaire de grade principal,simulation.mmsp.gov.ma
grade,مقيم,Résidant,emploi-public.ma notices (7)
grade,قابلة من الدرجة الأولى,Sage,emploi-public.ma notices (16)
grade,قابلة من الدرجة الاستثنائية,Sage femme de grade exceptionnel,simulation.mmsp.gov.ma
grade,قابلة من الدرجة الممتازة,Sage-femme de grade principal,simulation.mmsp.gov.ma
grade,قابلة من الدرجة الأولى,Sage-femme de premier grade,simulation.mmsp.gov.ma
grade,كاتب الشؤون الخارجية,Secrétaire des affaires étrangères,simulation.mmsp.gov.ma
grade,كاتب الضبط من الدرجة الثالثة,Secrétaire Greffier 3ème grade,simulation.mmsp.gov.ma
grade,كاتب الضبط من الدرجة الرابعة,Secrétaire Greffier 4ème grade,simulation.mmsp.gov.ma
grade,كاتب الضبط من الدرجة الأولى,Secrétaire greffier de 1er grade,simulation.mmsp.gov.ma
grade,كاتب الضبط من الدرجة الثانية,Secrétaire greffier de 2ème grade,simulation.mmsp.gov.ma
grade,كاتب الضبط من الدرجة الممتازة,Secrétaire greffier grade principal,simulation.mmsp.gov.ma
grade,أمين قضائي من الدرجة الثالثة,Secrétaire juridique de 3ème grade,emploi-public.ma notices (4)
grade,معالج(ة) حيوانات,Soigneur Animalier (H/F),emploi-public.ma notices (4)
grade,مختص الاقتصاد والإدارة من الدرجة الأولى,Spécialiste d'économie et administration 1er grade,simulation.mmsp.gov.ma
grade,مختص الاقتصاد والإدارة من الدرجة الممتازة,Spécialiste d'économie et administration grade principal,simulation.mmsp.gov.ma
grade,مختص تربوي من الدرجة الأولى,Spécialiste pédagogique 1er grade,simulation.mmsp.gov.ma
grade,مختص تربوي من الدرجة الممتازة,Spécialiste pédagogique grade principal,simulation.mmsp.gov.ma
grade,مختص اجتماعي من الدرجة الأولى,Spécialiste social 1er grade,simulation.mmsp.gov.ma
grade,مختص اجتماعي من الدرجة الممتازة,Spécialiste social grade principal,simulation.mmsp.gov.ma
grade,مشرف مالي,SUPERVISEUR FINANCIER,emploi-public.ma notices (3)
grade,مراقب السجون مساعد من الدرجة الثانية,Surveillant pénitentiaire adjoint 2ème grade,emploi-public.ma notices (12)
grade,مراقب السجون رئيس من الدرجة الثانية,Surveillant pénitentiaire chef 2ème grade,emploi-public.ma notices (3)
grade,مراقب مربي,Surveillant éducateur,simulation.mmsp.gov.ma
grade,مراقب مربي ممتاز,Surveillant éducateur principal,simulation.mmsp.gov.ma
grade,تقني من الدرجة الثالثة بالمدرسة العليا للتربية و التكوين بالجديدة,technicien 3,emploi-public.ma notices (4)
grade,تقني من الدرجة الثالثة لفائدة رئاسة جامعةشعيب الدكالي بالجديدة,technicien 3,emploi-public.ma notices (3)
grade,تقني من الدرجة الأولى,Technicien de 1er grade,simulation.mmsp.gov.ma
grade,تقني من الدرجة الثانية,Technicien de 2éme grade,simulation.mmsp.gov.ma
grade,تقني من الدرجة الثالثة,Technicien de 3ème grade,simulation.mmsp.gov.ma
grade,تقني من الدرجة الرابعة,Technicien de 4ème grade,simulation.mmsp.gov.ma
grade,تقني الصيانة,Technicien de maintenance,emploi-public.ma notices (3)
grade,تقني في الصحة من الدرجة الأولى,Technicien de santé 1er grade,emploi-public.ma notices (3)
grade,تقني الصحة من الدرجة الاستثنائية,Technicien de santé de grade exceptionnel,simulation.mmsp.gov.ma
grade,تقني الصحة من الدرجة الممتازة,Technicien de santé de grade principal,simulation.mmsp.gov.ma
grade,تقني الصحة من الدرجة الأولى,Technicien de santé de premier grade,simulation.mmsp.gov.ma
grade,تقني من الدرجة الثالثة لفائدة كلية الطب والصيدلة وجدة.,Technicien de troisième grade au profit de la Faculté de Médecine et de Pharmacie Oujda.,emploi-public.ma notices (7)
grade,تقني من الدرجة الثالثة لفائدة رئاسة جامعة محمد الاول بوجدة,Technicien de troisième grade au profit de la Présidence de L’Université Mohammed Premier Oujda,emploi-public.ma notices (3)
grade,تقني من الدرجة الثالثة لفائدة المدرسة الوطنية للذكاء الاصطناعي والرقمنة ببركان.,Technicien de troisième grade au profit de l’Ecole Nationale d’Intelligence Artificielle et du Digital Berkane.,emploi-public.ma notices (5)
grade,تقني من الدرجة الثالثة لفائدة المدرسة العليا للتربية والتكوين وجدة.,Technicien de troisième grade au profit de l’Ecole Supérieure de l'Education et de la Formation Oujda.,emploi-public.ma notices (6)
grade,تقني من الدرجة الثالثة لفائدة المدرسة العليا للتكنولوجيا بوجدة.,Technicien de troisième grade au profit de L’Ecole Supérieure de Technologie Oujda.,emploi-public.ma notices (3)
grade,تقني استغلال البنية التحتية,Technicien d’Exploitation et d’Infrastructures,emploi-public.ma notices (4)
grade,تقني في الهندسة المدنية,Technicien Supérieur En Génie Civil,emploi-public.ma notices (3)
grade,تقني متخصص,Techniciens Spécialisés,emploi-public.ma notices (4)
grade,مستشار هاتف,TELECONSEILLER,emploi-public.ma notices (15)
grade,مستشار الهاتف,TELECONSEILLER,emploi-public.ma notices (31)
grade,ممون من الدرجة الممتازة,Économe grade principal,simulation.mmsp.gov.ma
